event,scene,SpeakerID,Claire (1),Brian (2),Andrew (3),Bender (4),Vernon (5),Allison (6),Carl (7)
1,6,5,1,1,1,1,0,1,0
2,6,1,0,0,0,0,1,0,0
3,6,5,1,1,1,1,0,1,0
4,6,4,0,0,0,0,1,0,0
5,6,5,1,1,1,1,0,1,0
6,6,5,0,0,0,1,0,0,0
7,6,4,0,0,0,0,1,0,0
8,6,5,0,0,0,1,0,0,0
9,6,2,0,0,0,0,1,0,0
10,6,5,0,1,0,0,0,0,0
11,6,2,0,0,0,0,1,0,0
12,6,5,1,1,1,1,0,1,0
13,6,4,0,0,0,0,1,0,0
14,6,5,0,0,0,1,0,0,0
15,6,4,1,1,1,0,0,1,0
16,6,4,0,0,0,0,0,1,0
17,6,4,0,0,0,0,0,1,0
18,6,2,0,0,0,1,0,0,0
19,6,4,1,1,1,0,0,1,0
20,6,1,0,0,0,1,0,0,0
21,6,4,1,1,1,0,0,1,0
22,6,1,0,0,0,1,0,0,0
23,6,3,0,0,0,1,0,0,0
24,6,4,0,0,1,0,0,0,0
25,6,3,0,0,0,1,0,0,0
26,6,4,0,0,1,0,0,0,0
27,6,4,0,1,0,0,0,0,0
28,6,3,0,0,0,1,0,0,0
29,6,4,0,0,1,0,0,0,0
30,6,3,0,0,0,1,0,0,0
31,6,4,0,0,1,0,0,0,0
32,6,3,0,0,0,1,0,0,0
33,6,1,0,0,0,1,0,0,0
34,6,3,0,0,0,1,0,0,0
35,6,3,1,0,0,0,0,0,0
36,6,4,0,0,1,0,0,0,0
37,6,2,0,0,1,1,0,0,0
38,6,3,0,0,0,1,0,0,0
39,6,4,0,0,1,0,0,0,0
40,6,1,0,0,1,0,0,0,0
41,6,4,1,0,0,0,0,0,0
42,6,4,1,0,1,0,0,0,0
43,6,1,0,0,0,1,0,0,0
44,6,3,0,0,0,1,0,0,0
45,8,4,1,1,1,0,0,1,0
46,8,2,0,0,0,1,0,0,0
47,8,4,0,1,0,0,0,0,0
48,8,3,0,0,0,1,0,0,0
49,8,4,0,0,1,0,0,0,0
50,8,3,0,0,0,1,0,0,0
51,8,1,0,0,0,1,0,0,0
52,8,3,0,0,0,1,0,0,0
53,8,4,0,0,1,0,0,0,0
54,8,4,1,0,0,0,0,0,0
55,8,3,0,0,0,1,0,0,0
56,8,4,0,0,1,0,0,0,0
57,8,1,0,0,0,1,0,0,0
58,8,4,1,0,0,0,0,0,0
59,8,1,0,0,0,1,0,0,0
60,8,1,0,0,0,1,0,0,0
61,8,4,1,0,0,0,0,0,0
62,8,1,0,0,0,1,0,0,0
63,8,4,1,0,0,0,0,0,0
64,8,3,0,0,0,1,0,0,0
65,8,4,1,0,0,0,0,0,0
66,8,4,0,1,0,0,0,0,0
67,8,2,0,0,0,1,0,0,0
68,8,4,1,0,0,0,0,0,0
69,8,1,0,0,0,1,0,0,0
70,8,4,1,0,0,0,0,0,0
71,8,1,0,0,0,1,0,0,0
72,8,4,1,0,0,0,0,0,0
73,8,4,0,1,0,0,0,0,0
74,8,2,0,0,0,1,0,0,0
75,8,4,0,1,0,0,0,0,0
76,8,2,0,0,0,1,0,0,0
77,8,4,0,1,0,0,0,0,0
78,8,2,0,0,0,1,0,0,0
79,8,1,0,0,0,1,0,0,0
80,8,2,0,0,0,1,0,0,0
81,8,1,0,0,0,1,0,0,0
82,8,3,1,1,0,1,0,0,0
83,8,4,0,0,1,0,0,0,0
84,8,3,0,0,0,1,0,0,0
85,8,4,0,0,1,0,0,0,0
86,8,3,0,0,0,1,0,0,0
87,8,4,0,0,1,0,0,0,0
88,8,3,0,0,0,1,0,0,0
89,8,4,0,0,1,0,0,0,0
90,8,2,0,0,1,0,0,0,0
91,8,3,0,1,0,0,0,0,0
92,8,2,0,0,1,0,0,0,0
93,8,3,0,1,0,0,0,0,0
94,8,2,0,0,0,1,0,0,0
95,8,4,0,1,0,0,0,0,0
96,8,1,0,0,0,1,0,0,0
97,8,3,0,0,0,1,0,0,0
98,10,2,0,0,0,1,0,0,0
99,10,3,0,0,0,1,0,0,0
100,10,2,0,0,0,1,0,0,0
101,10,4,0,1,1,0,0,0,0
102,10,3,0,0,0,1,0,0,0
103,10,4,0,0,1,0,0,0,0
104,10,3,0,0,0,1,0,0,0
105,10,4,0,0,1,0,0,0,0
106,11,4,0,0,1,0,0,0,0
107,11,3,0,0,0,1,0,0,0
108,11,4,0,0,1,0,0,0,0
109,12,5,1,1,1,1,0,1,0
110,12,5,1,1,1,1,0,1,0
111,12,4,0,0,0,0,1,0,0
112,12,5,1,0,0,0,0,0,0
113,12,5,0,0,0,1,0,0,0
114,12,4,0,0,0,0,1,0,0
115,12,3,0,0,0,0,1,0,0
116,12,5,0,0,0,0,0,1,0
117,12,4,0,0,0,0,1,0,0
118,12,5,0,0,0,1,0,0,0
119,12,4,0,0,0,0,1,0,0
120,12,5,0,0,0,1,0,0,0
121,12,4,0,0,0,0,1,0,0
122,12,5,0,0,0,1,0,0,0
123,12,1,0,0,0,0,1,0,0
124,12,5,1,0,0,0,0,0,0
125,12,4,0,0,0,0,1,0,0
126,12,5,0,0,1,0,0,0,0
127,12,4,0,0,0,0,1,0,0
128,12,5,0,0,1,0,0,0,0
129,12,4,0,0,0,0,1,0,0
130,12,4,0,0,0,0,1,0,0
131,12,5,0,0,1,0,0,0,0
132,12,2,0,0,0,1,1,0,0
133,12,4,0,1,0,0,0,0,0
134,12,5,0,0,1,0,0,0,0
135,12,5,0,0,1,0,0,0,0
136,12,5,0,0,0,1,0,0,0
137,12,4,0,0,0,0,1,0,0
138,12,5,0,0,0,1,0,0,0
139,12,4,0,0,0,0,1,0,0
140,12,5,0,0,0,1,0,0,0
141,12,4,0,0,0,0,1,0,0
142,12,5,0,0,0,1,0,0,0
143,12,4,0,0,0,0,1,0,0
144,12,5,0,0,0,1,0,0,0
145,12,4,0,0,0,0,1,0,0
146,12,5,0,0,0,1,0,0,0
147,12,4,0,0,0,0,1,0,0
148,12,5,0,0,0,1,0,0,0
149,12,4,0,0,0,0,1,0,0
150,12,5,0,0,0,1,0,0,0
151,12,1,0,0,0,1,0,0,0
152,12,5,0,0,0,1,0,0,0
153,12,4,0,0,0,0,1,0,0
154,12,5,0,0,0,1,0,0,0
155,12,4,0,0,0,0,1,0,0
156,12,5,0,0,0,1,0,0,0
157,12,5,0,0,0,1,0,0,0
158,12,4,0,0,0,0,1,0,0
159,12,2,0,0,0,1,0,0,0
160,12,5,0,0,0,1,0,0,0
161,12,5,0,1,0,0,0,0,0
162,12,2,0,0,0,0,1,0,0
163,12,5,0,1,0,0,0,0,0
164,12,5,0,0,0,1,0,0,0
165,12,4,0,0,0,0,1,0,0
166,12,5,1,1,1,1,0,1,0
167,13,5,1,1,1,1,0,1,0
168,14,3,0,0,0,1,0,0,0
169,14,4,0,0,1,0,0,0,0
170,14,1,0,0,0,1,0,0,0
171,14,2,1,0,1,1,0,0,0
172,14,4,1,1,1,0,0,0,0
173,14,3,0,0,0,1,0,0,0
174,14,4,0,0,1,0,0,0,0
175,14,3,1,0,0,0,0,0,0
176,14,1,0,0,1,0,0,0,0
177,14,3,1,0,0,0,0,0,0
178,14,1,0,0,1,0,0,0,0
179,14,3,1,0,0,0,0,0,0
180,14,1,0,0,1,0,0,0,0
181,14,3,1,0,0,0,0,0,0
182,14,1,0,0,1,0,0,0,0
183,14,4,1,0,0,0,0,0,0
184,14,1,0,0,0,1,0,0,0
185,14,4,1,0,0,0,0,0,0
186,14,1,0,0,0,1,0,0,0
187,14,4,1,0,0,0,0,0,0
188,14,1,0,0,0,1,0,0,0
189,14,1,0,0,0,0,0,1,0
190,14,3,1,0,0,0,0,0,0
191,14,1,0,0,1,0,0,0,0
192,14,3,1,0,0,0,0,0,0
193,14,4,0,0,1,0,0,0,0
194,14,3,0,0,0,1,0,0,0
195,14,4,0,0,1,0,0,0,0
196,14,3,0,0,0,1,0,0,0
197,14,4,0,0,1,0,0,0,0
198,14,3,0,0,0,1,0,0,0
199,14,4,0,0,1,0,0,0,0
200,14,2,0,0,1,1,0,0,0
201,14,4,0,1,0,0,0,0,0
202,14,2,0,0,0,1,0,0,0
203,14,4,0,1,0,0,0,0,0
204,14,2,0,0,0,1,0,0,0
205,14,4,0,1,0,0,0,0,0
206,14,3,0,0,0,1,0,0,0
207,14,4,0,0,1,0,0,0,0
208,14,3,0,0,0,1,0,0,0
209,14,4,0,0,1,0,0,0,0
210,14,3,0,0,0,1,0,0,0
211,14,3,0,1,0,0,0,0,0
212,14,2,0,0,1,0,0,0,0
213,14,3,0,0,0,1,0,0,0
214,14,4,0,1,0,0,0,0,0
215,14,1,0,0,0,1,0,0,0
216,14,4,1,0,0,0,0,0,0
217,14,1,0,0,0,1,0,0,0
218,14,4,1,0,0,0,0,0,0
219,14,1,0,0,0,1,0,0,0
220,14,4,1,0,0,0,0,0,0
221,14,1,0,0,0,1,0,0,0
222,14,4,1,0,0,0,0,0,0
223,14,1,0,0,0,1,0,0,0
224,14,4,1,0,0,0,0,0,0
225,14,4,1,0,0,0,0,0,0
226,14,1,0,0,0,1,0,0,0
227,14,4,1,0,0,0,0,0,0
228,14,1,0,0,0,1,0,0,0
229,14,4,1,0,0,0,0,0,0
230,14,1,0,0,0,1,0,0,0
231,14,4,1,0,0,0,0,0,0
232,14,3,0,0,0,1,0,0,0
233,14,3,0,0,0,1,0,0,0
234,14,4,0,0,1,0,0,0,0
235,14,3,0,0,0,1,0,0,0
236,14,4,0,0,1,0,0,0,0
237,14,3,0,0,0,1,0,0,0
238,14,4,0,0,1,0,0,0,0
239,14,3,0,0,0,1,0,0,0
240,14,4,0,0,1,0,0,0,0
241,14,3,0,0,0,1,0,0,0
242,14,3,0,0,0,1,0,0,0
243,14,4,0,0,1,0,0,0,0
244,14,7,0,1,0,0,0,0,0
245,14,4,0,1,0,0,0,0,0
246,14,4,0,0,0,0,0,0,1
247,14,7,0,0,0,1,0,0,0
248,14,4,0,0,0,0,0,0,1
249,14,7,0,0,0,1,0,0,0
250,14,4,0,0,0,0,0,0,1
251,14,7,0,0,0,1,0,0,0
252,14,4,0,0,0,0,0,0,1
253,14,7,0,0,0,1,0,0,0
254,16,5,1,1,1,1,0,1,0
255,16,3,0,0,0,0,1,0,0
256,16,5,0,0,1,0,0,0,0
257,16,3,0,0,0,0,1,0,0
258,16,5,0,0,1,0,0,0,0
259,16,4,0,0,0,0,1,0,0
260,16,3,0,0,0,0,1,0,0
261,16,1,0,0,0,0,1,0,0
262,16,3,0,0,0,0,1,0,0
263,16,4,0,0,1,0,0,0,0
264,16,5,0,0,0,1,0,0,0
265,16,5,0,0,1,0,0,0,0
266,16,5,0,0,0,0,0,1,0
267,16,5,0,0,1,0,0,1,0
268,16,3,0,0,0,0,0,1,0
269,16,3,0,0,0,0,0,1,0
270,16,3,0,0,0,0,0,1,0
271,16,6,0,0,1,0,0,0,0
272,16,3,0,0,0,0,0,1,0
273,16,6,0,0,1,0,0,0,0
274,16,3,0,0,0,0,0,1,0
275,16,6,0,0,1,0,0,0,0
276,16,3,0,0,0,0,0,1,0
277,16,3,0,0,0,0,0,1,0
278,16,1,0,0,1,0,0,0,0
279,16,3,0,0,0,0,0,1,0
280,16,1,0,0,1,0,0,0,0
281,16,3,0,0,0,0,0,1,0
282,17,4,1,0,0,0,0,0,0
283,17,1,0,0,0,1,0,0,0
284,17,4,1,0,0,0,0,0,0
285,17,4,1,0,0,0,0,0,0
286,17,1,0,0,0,1,0,0,0
287,17,4,1,0,0,0,0,0,0
288,17,1,0,0,0,1,0,0,0
289,17,4,1,0,0,0,0,0,0
290,17,2,0,0,0,1,0,0,0
291,17,1,0,0,0,1,0,0,0
292,17,2,1,0,0,1,0,0,0
293,17,4,0,1,0,0,0,0,0
294,17,2,0,0,0,1,0,0,0
295,17,4,0,1,0,0,0,0,0
296,17,2,0,0,0,1,0,0,0
297,17,4,0,1,0,0,0,0,0
298,17,4,0,1,0,0,0,0,0
299,17,1,0,1,0,1,0,0,0
300,17,2,1,0,0,0,0,0,0
301,17,2,0,0,0,1,0,0,0
302,17,1,0,1,0,0,0,0,0
303,17,4,1,0,0,0,0,0,0
304,17,1,0,1,0,0,0,0,0
305,17,2,1,0,0,0,0,0,0
306,17,4,0,1,0,0,0,0,0
307,17,1,0,1,0,0,0,0,0
308,17,2,1,0,0,0,0,0,0
309,17,4,0,1,0,0,0,0,0
310,17,2,1,0,0,0,0,0,0
311,17,4,0,1,0,0,0,0,0
312,17,2,0,0,0,1,0,0,0
313,17,1,0,1,0,0,0,0,0
314,17,2,1,0,0,0,0,0,0
315,17,4,0,1,0,0,0,0,0
316,17,1,0,1,0,1,0,0,0
317,17,2,1,0,0,0,0,0,0
318,18,4,1,0,0,0,0,0,0
319,18,1,0,0,0,1,0,0,0
320,18,4,1,0,0,0,0,0,0
321,18,1,0,0,0,1,0,0,0
322,18,4,1,0,0,0,0,0,0
323,18,1,0,0,0,1,0,0,0
324,18,4,1,0,0,0,0,0,0
325,18,1,0,0,0,1,0,0,0
326,18,4,1,0,0,0,0,0,0
327,18,1,0,0,0,1,0,0,0
328,18,4,1,0,0,0,0,0,0
329,18,3,0,0,0,1,0,0,0
330,18,4,0,1,0,0,0,0,0
331,18,2,0,0,0,1,0,0,0
332,18,4,0,1,0,0,0,0,0
333,18,2,0,0,0,1,0,0,0
334,18,2,0,0,0,1,0,0,0
335,18,4,0,1,0,0,0,0,0
336,18,2,0,0,0,1,0,0,0
337,18,4,0,1,0,0,0,0,0
338,18,4,1,1,1,0,0,1,0
339,18,3,0,0,0,1,0,0,0
340,18,4,0,0,1,0,0,0,0
341,18,3,0,0,0,1,0,0,0
342,18,4,1,1,1,0,0,1,0
343,18,2,0,0,0,1,0,0,0
344,18,4,0,1,0,0,0,0,0
345,18,3,0,0,0,1,0,0,0
346,18,4,0,0,1,0,0,0,0
347,18,3,0,0,0,1,0,0,0
348,18,4,0,0,1,0,0,0,0
349,18,3,0,0,0,1,0,0,0
350,18,4,0,0,1,0,0,0,0
351,18,4,1,1,1,0,0,1,0
352,18,1,0,0,1,0,0,0,0
353,18,3,1,0,0,0,0,0,0
354,20,1,0,0,0,1,0,0,0
355,20,4,1,0,0,0,0,0,0
356,20,1,0,0,0,1,0,0,0
357,20,4,1,0,0,0,0,0,0
358,20,2,0,0,1,0,0,0,0
359,20,3,0,1,0,0,0,0,0
360,20,2,0,0,1,0,0,0,0
361,20,3,0,1,0,0,0,0,0
362,20,2,0,0,1,0,0,0,0
363,20,3,0,1,0,0,0,0,0
364,20,2,0,0,1,0,0,0,0
365,20,3,0,0,0,1,0,0,0
366,20,4,0,0,1,0,0,0,0
367,20,2,0,0,0,1,0,0,0
368,20,3,0,0,0,1,0,0,0
369,20,2,1,0,0,0,0,0,0
370,20,2,0,0,1,0,0,0,0
371,20,3,0,1,0,0,0,0,0
372,20,2,0,0,0,0,0,1,0
373,20,4,1,1,1,0,0,1,0
374,20,3,0,0,0,1,0,0,0
375,20,2,1,0,0,0,0,0,0
376,20,4,1,1,1,0,0,1,0
377,20,3,0,0,0,1,0,0,0
378,20,4,0,0,1,0,0,0,0
379,20,3,0,0,0,1,0,0,0
380,20,3,0,0,0,1,0,0,0
381,20,4,0,0,1,0,0,0,0
382,20,3,0,0,0,1,0,0,0
383,20,1,0,0,1,0,0,0,0
384,20,2,1,0,1,1,0,1,0
385,20,4,0,1,0,0,0,0,0
386,20,2,0,0,0,1,0,0,0
387,20,4,0,1,0,0,0,0,0
388,20,5,0,0,0,1,0,0,0
389,20,4,0,0,0,0,1,0,0
390,20,5,0,0,0,1,0,0,0
391,20,4,0,0,0,0,1,0,0
392,20,5,0,0,0,1,0,0,0
393,20,4,0,0,0,0,1,0,0
394,20,5,0,0,0,1,0,0,0
395,21,5,0,0,0,1,0,0,0
396,21,5,1,1,1,1,0,1,0
397,21,4,0,0,0,0,1,0,0
398,21,5,0,0,0,1,0,0,0
399,21,4,0,0,0,0,1,0,0
400,21,5,0,0,1,0,0,0,0
401,21,5,1,1,1,0,0,1,0
402,21,5,0,0,0,1,0,0,0
403,21,4,0,0,0,0,1,0,0
404,21,4,0,0,1,0,0,0,0
405,21,5,0,0,0,1,0,0,0
406,21,4,0,0,0,0,1,0,0
407,21,5,0,0,0,1,0,0,0
408,24,4,1,1,1,0,0,1,0
409,24,5,1,1,1,0,0,1,0
410,24,3,0,0,0,0,1,0,0
411,24,5,0,0,1,0,0,0,0
412,24,2,0,0,0,0,1,0,0
413,24,5,0,1,0,0,0,0,0
414,24,5,1,0,1,0,0,0,0
415,24,3,0,0,0,0,1,0,0
416,24,1,0,0,0,0,1,0,0
417,24,1,0,0,0,0,1,0,0
418,24,5,1,0,0,0,0,0,0
419,24,5,0,0,0,0,0,1,0
420,24,5,1,0,0,0,0,0,0
421,24,4,1,0,0,0,0,0,0
422,24,1,0,0,0,1,0,0,0
423,24,4,1,0,0,0,0,0,0
424,24,4,0,1,0,0,0,0,0
425,24,3,0,0,0,1,0,0,0
426,26,2,1,0,0,0,0,0,0
427,26,1,0,1,0,0,0,0,0
428,26,4,1,0,0,0,0,0,0
429,27,7,0,0,0,0,1,0,0
430,27,5,0,0,0,0,0,0,1
431,27,7,0,0,0,0,1,0,0
432,27,5,0,0,0,0,0,0,1
433,27,7,0,0,0,0,1,0,0
434,27,5,0,0,0,0,0,0,1
435,27,7,0,0,0,0,1,0,0
436,27,5,0,0,0,0,0,0,1
437,27,7,0,0,0,0,1,0,0
438,27,5,0,0,0,0,0,0,1
439,27,7,0,0,0,0,1,0,0
440,27,5,0,0,0,0,0,0,1
441,27,7,0,0,0,0,1,0,0
442,27,5,0,0,0,0,0,0,1
443,27,7,0,0,0,0,1,0,0
444,28,3,0,1,0,0,0,0,0
445,28,2,0,0,1,0,0,0,0
446,28,6,0,1,0,0,0,0,0
447,28,3,0,0,0,0,0,1,0
448,28,6,0,0,1,0,0,0,0
449,28,2,0,0,0,0,0,1,0
450,28,6,0,1,0,0,0,0,0
451,28,2,0,0,0,0,0,1,0
452,28,2,0,0,0,0,0,1,0
453,28,6,0,1,0,0,0,0,0
454,28,2,0,0,0,0,0,1,0
455,28,6,0,1,0,0,0,0,0
456,28,3,0,0,0,0,0,1,0
457,28,6,0,0,1,0,0,0,0
458,28,3,0,1,0,0,0,0,0
459,28,1,0,0,0,1,0,0,0
460,28,4,1,0,0,0,0,0,0
461,28,1,0,0,0,1,0,0,0
462,28,4,1,0,0,0,0,0,0
463,28,1,0,0,0,1,0,0,0
464,28,4,1,0,0,0,0,0,0
465,28,1,0,0,0,1,0,0,0
466,28,4,1,0,0,0,0,0,0
467,28,1,0,0,0,1,0,0,0
468,28,4,1,0,0,0,0,0,0
469,28,1,0,0,0,1,0,0,0
470,28,4,1,0,0,0,0,0,0
471,28,1,0,0,0,1,0,0,0
472,28,4,1,0,0,0,0,0,0
473,28,1,0,0,0,1,0,0,0
474,28,4,1,0,0,0,0,0,0
475,28,1,0,0,0,1,0,0,0
476,28,3,0,1,0,0,0,0,0
477,28,2,0,0,1,0,0,0,0
478,28,3,0,1,0,0,0,0,0
479,28,2,0,0,1,0,0,0,0
480,28,6,0,1,1,0,0,0,0
481,28,3,0,0,0,0,0,1,0
482,28,2,0,0,0,0,0,1,0
483,28,6,0,1,1,0,0,0,0
484,28,2,0,0,0,0,0,1,0
485,28,6,0,1,0,0,0,0,0
486,28,2,0,0,0,0,0,1,0
487,28,6,0,1,0,0,0,0,0
488,28,2,0,0,0,0,0,1,0
489,28,6,0,1,0,0,0,0,0
490,28,2,0,0,1,0,0,0,0
491,28,3,0,1,0,0,0,1,0
492,28,2,0,0,1,0,0,0,0
493,28,6,0,1,1,0,0,0,0
494,28,3,0,0,0,0,0,1,0
495,28,6,0,0,1,0,0,0,0
496,28,3,0,0,0,0,0,1,0
497,28,6,0,0,1,0,0,0,0
498,28,2,0,0,1,0,0,0,0
499,28,3,0,0,0,0,0,1,0
500,28,6,0,0,1,0,0,0,0
501,28,3,0,0,0,0,0,1,0
502,28,6,0,0,1,0,0,0,0
503,28,3,0,0,0,0,0,1,0
504,28,6,0,0,1,0,0,0,0
505,28,6,0,0,1,0,0,0,0
506,28,3,0,0,0,0,0,1,0
507,28,6,0,0,1,0,0,0,0
508,28,3,0,0,0,0,0,1,0
509,28,6,0,0,1,0,0,0,0
510,28,3,0,0,0,0,0,1,0
511,28,6,0,0,1,0,0,0,0
512,28,3,0,0,0,0,0,1,0
513,29,5,0,0,0,0,0,0,1
514,29,7,0,0,0,0,1,0,0
515,29,5,0,0,0,0,0,0,1
516,29,7,0,0,0,0,1,0,0
517,29,5,0,0,0,0,0,0,1
518,29,7,0,0,0,0,1,0,0
519,29,5,0,0,0,0,0,0,1
520,29,7,0,0,0,0,1,0,0
521,29,5,0,0,0,0,0,0,1
522,29,7,0,0,0,0,1,0,0
523,29,5,0,0,0,0,0,0,1
524,29,7,0,0,0,0,1,0,0
525,30,3,1,1,0,1,0,1,0
526,30,1,0,0,1,0,0,0,0
527,30,3,1,0,0,0,0,0,0
528,30,1,0,0,1,0,0,0,0
529,30,3,1,0,0,0,0,0,0
530,30,1,0,0,1,0,0,0,0
531,30,3,1,0,0,0,0,0,0
532,30,1,0,0,1,0,0,0,0
533,30,3,1,0,0,0,0,0,0
534,30,1,0,0,1,0,0,0,0
535,30,3,1,0,0,0,0,0,0
536,30,6,1,1,1,1,0,0,0
537,30,1,0,0,0,0,0,1,0
538,30,6,1,0,0,0,0,0,0
539,30,1,0,0,0,0,0,1,0
540,30,2,0,0,0,0,0,1,0
541,30,6,0,1,0,0,0,0,0
542,30,3,0,0,0,0,0,1,0
543,30,6,0,0,1,0,0,0,0
544,30,1,0,0,0,0,0,1,0
545,30,6,1,1,1,1,0,0,0
546,30,1,0,0,0,0,0,1,0
547,30,6,1,0,0,0,0,0,0
548,30,1,0,0,0,0,0,1,0
549,30,6,1,0,0,0,0,0,0
550,30,1,0,0,0,0,0,1,0
551,30,6,1,0,0,0,0,0,0
552,30,1,0,0,0,0,0,1,0
553,30,2,1,0,0,0,0,0,0
554,30,6,1,0,0,0,0,0,0
555,30,1,0,0,0,0,0,1,0
556,30,6,1,0,0,0,0,0,0
557,30,1,0,0,0,0,0,1,0
558,30,4,1,0,0,0,0,0,0
559,30,1,0,1,1,1,0,1,0
560,30,6,1,0,0,0,0,0,0
561,30,1,0,0,0,0,0,1,0
562,30,6,1,0,0,0,0,0,0
563,30,1,0,0,0,0,0,1,0
564,30,6,1,0,0,0,0,0,0
565,30,3,0,0,0,0,0,1,0
566,30,1,0,1,1,1,0,1,0
567,30,3,1,0,0,0,0,0,0
568,30,4,0,0,1,0,0,0,0
569,30,1,0,0,0,1,0,0,0
570,30,6,1,0,0,0,0,0,0
571,30,1,0,0,0,0,0,1,0
572,30,6,1,0,0,0,0,0,0
573,30,1,0,0,0,0,0,1,0
574,30,6,1,0,0,0,0,0,0
575,30,1,0,0,0,0,0,1,0
576,30,4,1,0,0,0,0,0,0
577,30,1,0,0,0,1,0,0,0
578,30,4,1,0,0,0,0,0,0
579,30,1,0,0,0,1,0,0,0
580,30,4,1,0,0,0,0,0,0
581,30,1,0,0,0,1,0,0,0
582,30,4,1,0,0,0,0,0,0
583,30,1,0,0,0,1,0,0,0
584,30,4,1,0,0,0,0,0,0
585,30,2,1,0,0,0,0,0,0
586,30,3,1,0,0,0,0,0,0
587,30,4,1,0,0,0,0,0,0
588,30,2,1,0,0,0,0,0,0
589,30,3,1,0,0,0,0,0,0
590,30,4,1,0,0,0,0,0,0
591,30,2,1,0,0,0,0,0,0
592,30,3,1,0,0,0,0,0,0
593,30,4,1,0,0,0,0,0,0
594,30,1,0,1,1,1,0,1,0
595,30,6,1,1,1,1,0,0,0
596,30,1,0,0,0,0,0,1,0
597,30,6,1,0,0,0,0,0,0
598,30,1,0,0,0,0,0,1,0
599,30,3,1,0,0,0,0,0,0
600,30,1,0,0,1,0,0,0,0
601,30,3,1,0,0,0,0,0,0
602,30,1,0,0,1,0,0,0,0
603,30,6,1,0,0,0,0,0,0
604,30,3,1,1,0,1,0,1,0
605,30,2,0,0,1,0,0,0,0
606,30,3,0,1,0,0,0,0,0
607,30,2,0,0,1,0,0,0,0
608,30,3,1,1,0,1,0,1,0
609,30,1,0,0,1,0,0,0,0
610,30,3,1,1,0,1,0,1,0
611,30,4,0,0,1,0,0,0,0
612,30,2,1,0,1,1,0,1,0
613,30,1,0,1,0,0,0,0,0
614,30,2,1,0,1,1,0,1,0
615,30,4,0,1,0,0,0,0,0
616,30,2,0,0,0,1,0,0,0
617,30,4,0,1,0,0,0,0,0
618,30,2,0,0,0,1,0,0,0
619,30,4,0,1,0,0,0,0,0
620,30,2,0,0,0,1,0,0,0
621,30,4,0,1,0,0,0,0,0
622,30,2,0,0,0,1,0,0,0
623,30,4,0,1,0,0,0,0,0
624,30,1,0,1,0,1,0,0,0
625,30,6,1,1,1,1,0,0,0
626,30,1,0,0,0,0,0,1,0
627,30,2,1,0,1,1,0,1,0
628,30,1,0,0,1,0,0,0,0
629,30,3,1,1,0,1,0,1,0
630,30,4,1,1,1,0,0,1,0
631,30,1,0,0,0,1,0,0,0
632,30,4,1,0,0,0,0,0,0
633,30,1,0,0,0,1,0,0,0
634,30,4,1,0,0,0,0,0,0
635,30,1,0,0,0,1,0,0,0
636,30,3,1,0,0,0,0,0,0
637,30,1,0,0,1,0,0,0,0
638,30,4,1,0,0,0,0,0,0
639,30,6,0,0,0,1,0,0,0
640,30,4,0,0,0,0,0,1,0
641,30,3,0,0,0,1,0,0,0
642,30,4,0,0,1,0,0,0,0
643,30,4,1,0,0,0,0,0,0
644,30,1,0,0,0,1,0,0,0
645,30,4,1,0,0,0,0,0,0
646,30,1,0,0,0,1,0,0,0
647,30,4,1,0,0,0,0,0,0
648,30,1,0,0,0,1,0,0,0
649,30,4,1,0,0,0,0,0,0
650,30,1,0,0,0,1,0,0,0
651,30,4,1,0,0,0,0,0,0
652,30,1,0,0,0,1,0,0,0
653,30,4,1,0,0,0,0,0,0
654,30,3,1,1,0,1,0,1,0
655,30,1,0,0,1,0,0,0,0
656,30,6,1,0,1,0,0,0,0
657,30,1,0,0,0,0,0,1,0
658,30,6,1,0,0,0,0,0,0
659,30,4,1,1,1,0,0,1,0
660,30,6,0,0,0,1,0,0,0
661,30,2,1,0,1,1,0,1,0
662,30,3,0,1,0,0,0,0,0
663,30,2,1,0,1,1,0,1,0
664,30,1,0,1,0,0,0,0,0
665,30,2,1,0,0,0,0,0,0
666,30,1,0,1,0,0,0,0,0
667,30,2,1,0,0,0,0,0,0
668,30,1,0,1,0,0,0,0,0
669,30,6,1,0,0,0,0,0,0
670,30,1,0,0,0,0,0,1,0
671,30,3,1,0,0,0,0,0,0
672,30,1,0,0,1,0,0,0,0
673,30,3,1,0,0,0,0,0,0
674,30,6,0,0,1,0,0,0,0
675,30,1,0,0,0,0,0,1,0
676,30,4,1,0,0,0,0,0,0
677,30,1,0,0,0,1,0,0,0
678,30,4,1,0,0,0,0,0,0
679,30,1,0,0,0,1,0,0,0
680,30,4,1,0,0,0,0,0,0
681,30,1,0,0,0,1,0,0,0
682,30,4,1,0,0,0,0,0,0
683,30,1,0,0,0,1,0,0,0
684,30,4,1,0,0,0,0,0,0
685,30,2,1,0,1,1,0,1,0
686,30,2,0,0,0,0,0,1,0
687,30,6,0,1,0,0,0,0,0
688,30,2,0,0,0,0,0,1,0
689,30,6,0,1,0,0,0,0,0
690,30,2,1,0,1,1,0,1,0
691,30,1,0,1,0,0,0,0,0
692,30,2,1,0,0,0,0,0,0
693,30,1,0,1,0,0,0,0,0
694,30,2,1,0,0,0,0,0,0
695,30,1,0,1,0,0,0,0,0
696,30,2,1,0,0,0,0,0,0
697,30,2,1,0,1,1,0,1,0
698,30,3,0,1,0,0,0,0,0
699,30,2,0,0,1,0,0,0,0
700,30,3,0,1,0,0,0,0,0
701,30,2,0,0,1,0,0,0,0
702,30,3,0,1,0,0,0,0,0
703,30,2,0,0,1,0,0,0,0
704,30,1,0,1,0,0,0,0,0
705,30,2,1,0,1,1,0,1,0
706,30,1,0,1,0,0,0,0,0
707,30,2,1,0,0,0,0,0,0
708,30,6,0,1,0,0,0,0,0
709,30,2,0,0,0,0,0,1,0
710,30,3,0,1,0,0,0,0,0
711,30,2,0,0,1,0,0,0,0
712,30,2,1,0,1,1,0,1,0
713,30,6,1,1,1,1,0,0,0
714,30,6,1,1,1,1,0,0,0
715,30,3,0,0,0,0,0,1,0
716,30,6,0,0,1,0,0,0,0
717,33,1,0,1,0,0,0,0,0
718,33,2,1,0,0,0,0,0,0
719,33,1,0,1,0,0,0,0,0
720,33,2,1,0,0,0,0,0,0
721,33,1,0,1,0,0,0,0,0
722,33,2,1,0,0,0,0,0,0
723,33,1,0,1,0,0,0,0,0
724,33,2,1,0,0,0,0,0,0
725,33,1,0,1,0,0,0,0,0
726,33,2,1,0,0,0,0,0,0
727,33,1,0,1,0,0,0,0,0
728,33,3,0,1,0,0,0,0,0
729,33,2,1,0,0,0,0,0,0
730,33,1,0,1,0,0,0,0,0
731,33,1,0,0,0,0,0,1,0
732,33,6,1,0,0,0,0,0,0
733,33,1,0,0,0,0,0,1,0
734,33,1,0,0,0,0,0,1,0
735,33,6,1,0,0,0,0,0,0
736,33,1,0,0,0,0,0,1,0
737,33,1,0,0,0,0,0,1,0
738,33,6,1,0,0,0,0,0,0
739,33,1,0,0,0,0,0,1,0
740,33,6,1,0,0,0,0,0,0
741,33,1,0,0,0,0,0,1,0
742,34,4,1,0,0,0,0,0,0
743,35,2,0,0,0,0,0,1,0
744,35,6,0,1,0,0,0,0,0
745,36,4,1,0,0,0,0,0,0
746,36,1,0,0,0,1,0,0,0
747,36,4,1,0,0,0,0,0,0
748,36,1,0,0,0,1,0,0,0
749,36,4,1,0,0,0,0,0,0
750,36,1,0,0,0,1,0,0,0
751,36,4,1,0,0,0,0,0,0
752,37,3,0,0,0,0,0,1,0
753,37,6,0,0,1,0,0,0,0
754,37,3,0,0,0,0,0,1,0
755,37,6,0,0,1,0,0,0,0
756,37,3,0,0,0,0,0,1,0
757,38,7,0,1,0,0,0,0,0
758,38,2,0,0,0,0,0,0,1
759,38,4,0,0,0,0,0,0,1
760,38,7,0,0,0,1,0,0,0
