eventID,sceneID,speakerID,Seneca Crane (1),Caesar Flickerman (2),Katniss Everdeen (3),Prim Everdeen (4),Gale Hawthorne (5),Effie Trinket (6),Peeta Mellark (7),Haymitch Abernathy (8),Claudius Templesmith (9),Flavius (10),Cinna (11),President Snow (12),Atala (13),Venia (14),Glimmer (15),Cato (16),Fox Face (17),Rue (18),Marvel (19),Clove (20),Thresh (21)
1,1,1,0,1,0,0,0,0,0,0,0,0,0,0,0,0,0,0,0,0,0,0,0
2,1,2,1,0,0,0,0,0,0,0,0,0,0,0,0,0,0,0,0,0,0,0,0
3,1,1,0,1,0,0,0,0,0,0,0,0,0,0,0,0,0,0,0,0,0,0,0
4,1,2,1,0,0,0,0,0,0,0,0,0,0,0,0,0,0,0,0,0,0,0,0
5,1,1,0,1,0,0,0,0,0,0,0,0,0,0,0,0,0,0,0,0,0,0,0
6,1,2,1,0,0,0,0,0,0,0,0,0,0,0,0,0,0,0,0,0,0,0,0
7,2,3,0,0,0,1,0,0,0,0,0,0,0,0,0,0,0,0,0,0,0,0,0
8,2,4,0,0,1,0,0,0,0,0,0,0,0,0,0,0,0,0,0,0,0,0,0
9,2,3,0,0,0,1,0,0,0,0,0,0,0,0,0,0,0,0,0,0,0,0,0
10,2,4,0,0,1,0,0,0,0,0,0,0,0,0,0,0,0,0,0,0,0,0,0
11,2,3,0,0,0,1,0,0,0,0,0,0,0,0,0,0,0,0,0,0,0,0,0
12,2,3,0,0,0,1,0,0,0,0,0,0,0,0,0,0,0,0,0,0,0,0,0
13,2,4,0,0,1,0,0,0,0,0,0,0,0,0,0,0,0,0,0,0,0,0,0
14,2,3,0,0,0,1,0,0,0,0,0,0,0,0,0,0,0,0,0,0,0,0,0
15,3,5,0,0,1,0,0,0,0,0,0,0,0,0,0,0,0,0,0,0,0,0,0
16,3,3,0,0,0,0,1,0,0,0,0,0,0,0,0,0,0,0,0,0,0,0,0
17,3,5,0,0,1,0,0,0,0,0,0,0,0,0,0,0,0,0,0,0,0,0,0
18,3,3,0,0,0,0,1,0,0,0,0,0,0,0,0,0,0,0,0,0,0,0,0
19,3,5,0,0,1,0,0,0,0,0,0,0,0,0,0,0,0,0,0,0,0,0,0
20,3,3,0,0,0,0,1,0,0,0,0,0,0,0,0,0,0,0,0,0,0,0,0
21,3,5,0,0,1,0,0,0,0,0,0,0,0,0,0,0,0,0,0,0,0,0,0
22,3,3,0,0,0,0,1,0,0,0,0,0,0,0,0,0,0,0,0,0,0,0,0
23,3,5,0,0,1,0,0,0,0,0,0,0,0,0,0,0,0,0,0,0,0,0,0
24,4,5,0,0,1,0,0,0,0,0,0,0,0,0,0,0,0,0,0,0,0,0,0
25,4,3,0,0,0,0,1,0,0,0,0,0,0,0,0,0,0,0,0,0,0,0,0
26,4,5,0,0,1,0,0,0,0,0,0,0,0,0,0,0,0,0,0,0,0,0,0
27,4,3,0,0,0,0,1,0,0,0,0,0,0,0,0,0,0,0,0,0,0,0,0
28,4,5,0,0,1,0,0,0,0,0,0,0,0,0,0,0,0,0,0,0,0,0,0
29,4,3,0,0,0,0,1,0,0,0,0,0,0,0,0,0,0,0,0,0,0,0,0
30,4,5,0,0,1,0,0,0,0,0,0,0,0,0,0,0,0,0,0,0,0,0,0
31,4,3,0,0,0,0,1,0,0,0,0,0,0,0,0,0,0,0,0,0,0,0,0
32,4,5,0,0,1,0,0,0,0,0,0,0,0,0,0,0,0,0,0,0,0,0,0
33,4,3,0,0,0,0,1,0,0,0,0,0,0,0,0,0,0,0,0,0,0,0,0
34,4,5,0,0,1,0,0,0,0,0,0,0,0,0,0,0,0,0,0,0,0,0,0
35,4,3,0,0,0,0,1,0,0,0,0,0,0,0,0,0,0,0,0,0,0,0,0
36,4,5,0,0,1,0,0,0,0,0,0,0,0,0,0,0,0,0,0,0,0,0,0
37,4,3,0,0,0,0,1,0,0,0,0,0,0,0,0,0,0,0,0,0,0,0,0
38,4,5,0,0,1,0,0,0,0,0,0,0,0,0,0,0,0,0,0,0,0,0,0
39,4,3,0,0,0,0,1,0,0,0,0,0,0,0,0,0,0,0,0,0,0,0,0
40,4,5,0,0,1,0,0,0,0,0,0,0,0,0,0,0,0,0,0,0,0,0,0
41,4,3,0,0,0,0,1,0,0,0,0,0,0,0,0,0,0,0,0,0,0,0,0
42,4,5,0,0,1,0,0,0,0,0,0,0,0,0,0,0,0,0,0,0,0,0,0
43,4,3,0,0,0,0,1,0,0,0,0,0,0,0,0,0,0,0,0,0,0,0,0
44,4,5,0,0,1,0,0,0,0,0,0,0,0,0,0,0,0,0,0,0,0,0,0
45,4,3,0,0,0,0,1,0,0,0,0,0,0,0,0,0,0,0,0,0,0,0,0
46,4,5,0,0,1,0,0,0,0,0,0,0,0,0,0,0,0,0,0,0,0,0,0
47,4,5,0,0,1,0,0,0,0,0,0,0,0,0,0,0,0,0,0,0,0,0,0
48,4,3,0,0,0,0,1,0,0,0,0,0,0,0,0,0,0,0,0,0,0,0,0
49,4,5,0,0,1,0,0,0,0,0,0,0,0,0,0,0,0,0,0,0,0,0,0
50,4,3,0,0,0,0,1,0,0,0,0,0,0,0,0,0,0,0,0,0,0,0,0
51,4,3,0,0,0,0,1,0,0,0,0,0,0,0,0,0,0,0,0,0,0,0,0
52,4,5,0,0,1,0,0,0,0,0,0,0,0,0,0,0,0,0,0,0,0,0,0
53,5,3,0,0,0,1,0,0,0,0,0,0,0,0,0,0,0,0,0,0,0,0,0
54,6,4,0,0,1,0,0,0,0,0,0,0,0,0,0,0,0,0,0,0,0,0,0
55,6,3,0,0,0,1,0,0,0,0,0,0,0,0,0,0,0,0,0,0,0,0,0
56,6,3,0,0,0,1,0,0,0,0,0,0,0,0,0,0,0,0,0,0,0,0,0
57,6,3,0,0,0,1,0,0,0,0,0,0,0,0,0,0,0,0,0,0,0,0,0
58,7,3,0,0,0,1,0,0,0,0,0,0,0,0,0,0,0,0,0,0,0,0,0
59,7,4,0,0,1,0,0,0,0,0,0,0,0,0,0,0,0,0,0,0,0,0,0
60,7,3,0,0,0,1,0,0,0,0,0,0,0,0,0,0,0,0,0,0,0,0,0
61,8,6,0,0,1,1,1,0,1,0,0,0,0,0,0,0,0,0,0,0,0,0,0
62,8,6,0,0,1,1,1,0,1,0,0,0,0,0,0,0,0,0,0,0,0,0,0
63,8,6,0,0,1,1,1,0,1,0,0,0,0,0,0,0,0,0,0,0,0,0,0
64,8,6,0,0,1,1,1,0,1,0,0,0,0,0,0,0,0,0,0,0,0,0,0
65,8,6,0,0,1,1,1,0,1,0,0,0,0,0,0,0,0,0,0,0,0,0,0
66,8,3,0,0,0,1,0,0,0,0,0,0,0,0,0,0,0,0,0,0,0,0,0
67,8,3,0,0,0,0,0,1,0,0,0,0,0,0,0,0,0,0,0,0,0,0,0
68,8,3,0,0,0,1,0,0,0,0,0,0,0,0,0,0,0,0,0,0,0,0,0
69,8,4,0,0,1,0,0,0,0,0,0,0,0,0,0,0,0,0,0,0,0,0,0
70,8,3,0,0,0,1,0,0,0,0,0,0,0,0,0,0,0,0,0,0,0,0,0
71,8,4,0,0,1,0,0,0,0,0,0,0,0,0,0,0,0,0,0,0,0,0,0
72,8,3,0,0,0,1,0,0,0,0,0,0,0,0,0,0,0,0,0,0,0,0,0
73,8,4,0,0,1,0,0,0,0,0,0,0,0,0,0,0,0,0,0,0,0,0,0
74,8,3,0,0,0,1,0,0,0,0,0,0,0,0,0,0,0,0,0,0,0,0,0
75,8,4,0,0,1,0,0,0,0,0,0,0,0,0,0,0,0,0,0,0,0,0,0
76,8,3,0,0,0,1,0,0,0,0,0,0,0,0,0,0,0,0,0,0,0,0,0
77,8,6,0,0,1,0,1,0,1,0,0,0,0,0,0,0,0,0,0,0,0,0,0
78,8,6,0,0,1,0,0,0,0,0,0,0,0,0,0,0,0,0,0,0,0,0,0
79,8,6,0,0,1,0,0,0,0,0,0,0,0,0,0,0,0,0,0,0,0,0,0
80,8,3,0,0,0,0,0,1,0,0,0,0,0,0,0,0,0,0,0,0,0,0,0
81,8,6,0,0,1,0,0,0,0,0,0,0,0,0,0,0,0,0,0,0,0,0,0
82,8,3,0,0,0,0,0,1,0,0,0,0,0,0,0,0,0,0,0,0,0,0,0
83,8,6,0,0,1,0,1,0,1,0,0,0,0,0,0,0,0,0,0,0,0,0,0
84,8,6,0,0,0,0,1,0,0,0,0,0,0,0,0,0,0,0,0,0,0,0,0
85,8,6,0,0,1,0,1,0,1,0,0,0,0,0,0,0,0,0,0,0,0,0,0
86,8,6,0,0,1,0,0,0,1,0,0,0,0,0,0,0,0,0,0,0,0,0,0
87,9,3,0,0,0,1,0,0,0,0,0,0,0,0,0,0,0,0,0,0,0,0,0
88,9,4,0,0,1,0,0,0,0,0,0,0,0,0,0,0,0,0,0,0,0,0,0
89,9,3,0,0,0,1,0,0,0,0,0,0,0,0,0,0,0,0,0,0,0,0,0
90,9,4,0,0,1,0,0,0,0,0,0,0,0,0,0,0,0,0,0,0,0,0,0
91,9,3,0,0,0,1,0,0,0,0,0,0,0,0,0,0,0,0,0,0,0,0,0
92,9,4,0,0,1,0,0,0,0,0,0,0,0,0,0,0,0,0,0,0,0,0,0
93,9,3,0,0,0,1,0,0,0,0,0,0,0,0,0,0,0,0,0,0,0,0,0
94,9,3,0,0,0,1,0,0,0,0,0,0,0,0,0,0,0,0,0,0,0,0,0
95,9,3,0,0,0,1,0,0,0,0,0,0,0,0,0,0,0,0,0,0,0,0,0
96,9,3,0,0,0,0,1,0,0,0,0,0,0,0,0,0,0,0,0,0,0,0,0
97,9,5,0,0,1,0,0,0,0,0,0,0,0,0,0,0,0,0,0,0,0,0,0
98,9,3,0,0,0,0,1,0,0,0,0,0,0,0,0,0,0,0,0,0,0,0,0
99,9,5,0,0,1,0,0,0,0,0,0,0,0,0,0,0,0,0,0,0,0,0,0
100,9,3,0,0,0,0,1,0,0,0,0,0,0,0,0,0,0,0,0,0,0,0,0
101,9,5,0,0,1,0,0,0,0,0,0,0,0,0,0,0,0,0,0,0,0,0,0
102,9,3,0,0,0,0,1,0,0,0,0,0,0,0,0,0,0,0,0,0,0,0,0
103,9,5,0,0,1,0,0,0,0,0,0,0,0,0,0,0,0,0,0,0,0,0,0
104,9,3,0,0,0,0,1,0,0,0,0,0,0,0,0,0,0,0,0,0,0,0,0
105,9,5,0,0,1,0,0,0,0,0,0,0,0,0,0,0,0,0,0,0,0,0,0
106,9,3,0,0,0,0,1,0,0,0,0,0,0,0,0,0,0,0,0,0,0,0,0
107,9,5,0,0,1,0,0,0,0,0,0,0,0,0,0,0,0,0,0,0,0,0,0
108,10,6,0,0,1,0,0,0,1,0,0,0,0,0,0,0,0,0,0,0,0,0,0
109,11,6,0,0,1,0,0,0,1,0,0,0,0,0,0,0,0,0,0,0,0,0,0
110,11,7,0,0,1,0,0,0,0,0,0,0,0,0,0,0,0,0,0,0,0,0,0
111,11,7,0,0,1,0,0,0,0,0,0,0,0,0,0,0,0,0,0,0,0,0,0
112,11,7,0,0,1,0,0,0,0,0,0,0,0,0,0,0,0,0,0,0,0,0,0
113,11,7,0,0,1,0,0,0,0,0,0,0,0,0,0,0,0,0,0,0,0,0,0
114,11,8,0,0,1,0,0,0,1,0,0,0,0,0,0,0,0,0,0,0,0,0,0
115,11,8,0,0,1,0,0,0,1,0,0,0,0,0,0,0,0,0,0,0,0,0,0
116,11,7,0,0,0,0,0,0,0,1,0,0,0,0,0,0,0,0,0,0,0,0,0
117,11,7,0,0,0,0,0,0,0,1,0,0,0,0,0,0,0,0,0,0,0,0,0
118,11,8,0,0,0,0,0,0,1,0,0,0,0,0,0,0,0,0,0,0,0,0,0
119,11,7,0,0,0,0,0,0,0,1,0,0,0,0,0,0,0,0,0,0,0,0,0
120,11,8,0,0,0,0,0,0,1,0,0,0,0,0,0,0,0,0,0,0,0,0,0
121,11,7,0,0,0,0,0,0,0,1,0,0,0,0,0,0,0,0,0,0,0,0,0
122,11,8,0,0,0,0,0,0,1,0,0,0,0,0,0,0,0,0,0,0,0,0,0
123,11,3,0,0,0,0,0,0,0,1,0,0,0,0,0,0,0,0,0,0,0,0,0
124,11,8,0,0,1,0,0,0,1,0,0,0,0,0,0,0,0,0,0,0,0,0,0
125,11,7,0,0,0,0,0,0,0,1,0,0,0,0,0,0,0,0,0,0,0,0,0
126,11,8,0,0,0,0,0,0,1,0,0,0,0,0,0,0,0,0,0,0,0,0,0
127,11,7,0,0,1,0,0,0,0,0,0,0,0,0,0,0,0,0,0,0,0,0,0
128,11,3,0,0,0,0,0,0,1,0,0,0,0,0,0,0,0,0,0,0,0,0,0
129,11,7,0,0,1,0,0,0,0,0,0,0,0,0,0,0,0,0,0,0,0,0,0
130,12,2,0,0,0,0,0,0,0,0,1,0,0,0,0,0,0,0,0,0,0,0,0
131,12,9,0,1,0,0,0,0,0,0,0,0,0,0,0,0,0,0,0,0,0,0,0
132,12,2,0,0,0,0,0,0,0,0,1,0,0,0,0,0,0,0,0,0,0,0,0
133,12,9,0,1,0,0,0,0,0,0,0,0,0,0,0,0,0,0,0,0,0,0,0
134,12,2,0,0,0,0,0,0,0,0,1,0,0,0,0,0,0,0,0,0,0,0,0
135,13,8,0,0,0,0,0,0,1,0,0,0,0,0,0,0,0,0,0,0,0,0,0
136,13,7,0,0,0,0,0,0,0,1,0,0,0,0,0,0,0,0,0,0,0,0,0
137,13,8,0,0,0,0,0,0,1,0,0,0,0,0,0,0,0,0,0,0,0,0,0
138,13,3,0,0,0,0,0,0,0,1,0,0,0,0,0,0,0,0,0,0,0,0,0
139,13,8,0,0,1,0,0,0,0,0,0,0,0,0,0,0,0,0,0,0,0,0,0
140,13,3,0,0,0,0,0,0,0,1,0,0,0,0,0,0,0,0,0,0,0,0,0
141,13,7,0,0,1,0,0,0,0,0,0,0,0,0,0,0,0,0,0,0,0,0,0
142,13,8,0,0,1,0,0,0,1,0,0,0,0,0,0,0,0,0,0,0,0,0,0
143,13,3,0,0,0,0,0,0,0,1,0,0,0,0,0,0,0,0,0,0,0,0,0
144,13,8,0,0,1,0,0,0,0,0,0,0,0,0,0,0,0,0,0,0,0,0,0
145,13,3,0,0,0,0,0,0,0,1,0,0,0,0,0,0,0,0,0,0,0,0,0
146,13,8,0,0,1,0,0,0,0,0,0,0,0,0,0,0,0,0,0,0,0,0,0
147,13,8,0,0,1,0,0,0,0,0,0,0,0,0,0,0,0,0,0,0,0,0,0
148,13,6,0,0,1,0,0,0,0,0,0,0,0,0,0,0,0,0,0,0,0,0,0
149,13,8,0,0,1,0,0,0,0,0,0,0,0,0,0,0,0,0,0,0,0,0,0
150,13,7,0,0,1,0,0,0,0,1,0,0,0,0,0,0,0,0,0,0,0,0,0
151,13,7,0,0,1,0,0,0,0,1,0,0,0,0,0,0,0,0,0,0,0,0,0
152,13,7,0,0,1,0,0,0,0,0,0,0,0,0,0,0,0,0,0,0,0,0,0
153,13,8,0,0,1,0,0,0,0,0,0,0,0,0,0,0,0,0,0,0,0,0,0
154,14,2,1,0,0,0,0,0,0,0,0,0,0,0,0,0,0,0,0,0,0,0,0
155,14,1,0,1,0,0,0,0,0,0,0,0,0,0,0,0,0,0,0,0,0,0,0
156,14,2,1,0,0,0,0,0,0,0,0,0,0,0,0,0,0,0,0,0,0,0,0
157,14,1,0,1,0,0,0,0,0,0,0,0,0,0,0,0,0,0,0,0,0,0,0
158,15,3,0,0,0,0,0,0,0,0,0,1,0,0,0,0,0,0,0,0,0,0,0
159,15,10,0,0,1,0,0,0,0,0,0,0,0,0,0,0,0,0,0,0,0,0,0
160,16,11,0,0,1,0,0,0,0,0,0,0,0,0,0,0,0,0,0,0,0,0,0
161,16,3,0,0,0,0,0,0,0,0,0,0,1,0,0,0,0,0,0,0,0,0,0
162,16,11,0,0,1,0,0,0,0,0,0,0,0,0,0,0,0,0,0,0,0,0,0
163,16,3,0,0,0,0,0,0,0,0,0,0,1,0,0,0,0,0,0,0,0,0,0
164,16,11,0,0,1,0,0,0,0,0,0,0,0,0,0,0,0,0,0,0,0,0,0
165,16,11,0,0,1,0,0,0,0,0,0,0,0,0,0,0,0,0,0,0,0,0,0
166,16,3,0,0,0,0,0,0,0,0,0,0,1,0,0,0,0,0,0,0,0,0,0
167,16,11,0,0,1,0,0,0,0,0,0,0,0,0,0,0,0,0,0,0,0,0,0
168,16,3,0,0,0,0,0,0,0,0,0,0,1,0,0,0,0,0,0,0,0,0,0
169,16,11,0,0,1,0,0,0,0,0,0,0,0,0,0,0,0,0,0,0,0,0,0
170,16,3,0,0,0,0,0,0,0,0,0,0,1,0,0,0,0,0,0,0,0,0,0
171,16,11,0,0,1,0,0,0,0,0,0,0,0,0,0,0,0,0,0,0,0,0,0
172,16,11,0,0,1,0,0,0,0,0,0,0,0,0,0,0,0,0,0,0,0,0,0
173,16,3,0,0,0,0,0,0,0,0,0,0,1,0,0,0,0,0,0,0,0,0,0
174,17,11,0,0,1,0,0,0,1,0,0,0,0,0,0,0,0,0,0,0,0,0,0
175,17,7,0,0,0,0,0,0,0,0,0,0,1,0,0,0,0,0,0,0,0,0,0
176,17,11,0,0,1,0,0,0,1,0,0,0,0,0,0,0,0,0,0,0,0,0,0
177,17,3,0,0,0,0,0,0,0,0,0,0,1,0,0,0,0,0,0,0,0,0,0
178,18,2,0,0,0,0,0,0,0,0,1,0,0,0,0,0,0,0,0,0,0,0,0
179,18,9,0,1,0,0,0,0,0,0,0,0,0,0,0,0,0,0,0,0,0,0,0
180,18,2,0,0,0,0,0,0,0,0,1,0,0,0,0,0,0,0,0,0,0,0,0
181,18,9,0,1,0,0,0,0,0,0,0,0,0,0,0,0,0,0,0,0,0,0,0
182,18,2,0,0,0,0,0,0,0,0,1,0,0,0,0,0,0,0,0,0,0,0,0
183,18,9,0,1,0,0,0,0,0,0,0,0,0,0,0,0,0,0,0,0,0,0,0
184,18,2,0,0,0,0,0,0,0,0,1,0,0,0,0,0,0,0,0,0,0,0,0
185,18,2,0,0,0,0,0,0,0,0,1,0,0,0,0,0,0,0,0,0,0,0,0
186,19,1,0,0,0,0,0,0,0,0,0,0,0,1,0,0,0,0,0,0,0,0,0
187,20,12,0,0,1,0,0,0,1,0,0,0,0,0,0,0,1,1,1,1,1,1,1
188,21,11,0,0,1,0,0,0,1,0,0,0,0,0,0,0,0,0,0,0,0,0,0
189,21,6,0,0,1,0,0,0,1,1,0,0,1,0,0,0,0,0,0,0,0,0,0
190,21,8,0,0,1,0,0,1,1,0,0,0,1,0,0,0,0,0,0,0,0,0,0
191,21,3,0,0,0,0,0,0,0,1,0,0,0,0,0,0,0,0,0,0,0,0,0
192,21,8,0,0,1,0,0,0,0,0,0,0,0,0,0,0,0,0,0,0,0,0,0
193,21,8,0,0,1,0,0,1,1,0,0,0,1,0,0,0,0,0,0,0,0,0,0
194,22,6,0,0,1,0,0,0,1,0,0,0,0,0,0,0,0,0,0,0,0,0,0
195,22,6,0,0,1,0,0,0,1,0,0,0,0,0,0,0,0,0,0,0,0,0,0
196,22,6,0,0,1,0,0,0,1,0,0,0,0,0,0,0,0,0,0,0,0,0,0
197,23,13,0,0,1,0,0,0,1,0,0,0,0,0,0,0,1,1,1,1,1,1,1
198,24,8,0,0,1,0,0,0,1,0,0,0,0,0,0,0,0,0,0,0,0,0,0
199,24,3,0,0,0,0,0,0,0,1,0,0,0,0,0,0,0,0,0,0,0,0,0
200,24,8,0,0,1,0,0,0,1,0,0,0,0,0,0,0,0,0,0,0,0,0,0
201,24,6,0,0,1,0,0,0,1,1,0,0,0,0,0,0,0,0,0,0,0,0,0
202,24,7,0,0,0,0,0,0,0,1,0,0,0,0,0,0,0,0,0,0,0,0,0
203,24,8,0,0,1,0,0,0,1,0,0,0,0,0,0,0,0,0,0,0,0,0,0
204,24,6,0,0,1,0,0,0,1,1,0,0,0,0,0,0,0,0,0,0,0,0,0
205,24,8,0,0,1,0,0,0,1,0,0,0,0,0,0,0,0,0,0,0,0,0,0
206,24,8,0,0,1,0,0,0,0,0,0,0,0,0,0,0,0,0,0,0,0,0,0
207,24,3,0,0,0,0,0,0,0,1,0,0,0,0,0,0,0,0,0,0,0,0,0
208,24,7,0,0,0,0,0,0,0,1,0,0,0,0,0,0,0,0,0,0,0,0,0
209,24,3,0,0,0,0,0,0,0,1,0,0,0,0,0,0,0,0,0,0,0,0,0
210,24,7,0,0,1,0,0,0,0,0,0,0,0,0,0,0,0,0,0,0,0,0,0
211,24,3,0,0,0,0,0,0,1,0,0,0,0,0,0,0,0,0,0,0,0,0,0
212,24,7,0,0,1,0,0,0,0,0,0,0,0,0,0,0,0,0,0,0,0,0,0
213,24,7,0,0,1,0,0,0,0,0,0,0,0,0,0,0,0,0,0,0,0,0,0
214,24,7,0,0,1,0,0,1,0,1,0,0,0,0,0,0,0,0,0,0,0,0,0
215,24,3,0,0,0,0,0,1,0,1,0,0,0,0,0,0,0,0,0,0,0,0,0
216,25,3,0,0,0,0,0,0,1,0,0,0,0,0,0,0,0,0,0,0,0,0,0
217,25,7,0,0,1,0,0,0,0,0,0,0,0,0,0,0,0,0,0,0,0,0,0
218,25,3,0,0,0,0,0,0,1,0,0,0,0,0,0,0,0,0,0,0,0,0,0
219,26,3,0,0,0,0,0,0,1,0,0,0,0,0,0,0,0,0,0,0,0,0,0
220,26,7,0,0,1,0,0,0,0,0,0,0,0,0,0,0,0,0,0,0,0,0,0
221,26,3,0,0,0,0,0,0,1,0,0,0,0,0,0,0,0,0,0,0,0,0,0
222,26,7,0,0,1,0,0,0,0,0,0,0,0,0,0,0,0,0,0,0,0,0,0
223,26,3,0,0,0,0,0,0,1,0,0,0,0,0,0,0,0,0,0,0,0,0,0
224,26,7,0,0,1,0,0,0,0,0,0,0,0,0,0,0,0,0,0,0,0,0,0
225,26,3,0,0,0,0,0,0,1,0,0,0,0,0,0,0,0,0,0,0,0,0,0
226,26,7,0,0,1,0,0,0,0,0,0,0,0,0,0,0,0,0,0,0,0,0,0
227,27,8,0,0,1,0,0,0,1,0,0,0,0,0,0,0,0,0,0,0,0,0,0
228,28,7,0,0,1,0,0,0,0,0,0,0,0,0,0,0,0,0,0,0,0,0,0
229,29,3,1,0,0,0,0,0,0,0,0,0,0,0,0,0,0,0,0,0,0,0,0
230,29,3,1,0,0,0,0,0,0,0,0,0,0,0,0,0,0,0,0,0,0,0,0
231,30,6,0,0,1,0,0,0,0,0,0,0,0,0,0,0,0,0,0,0,0,0,0
232,30,3,0,0,0,0,0,1,0,0,0,0,0,0,0,0,0,0,0,0,0,0,0
233,30,6,0,0,1,0,0,0,0,0,0,0,0,0,0,0,0,0,0,0,0,0,0
234,30,11,0,0,0,0,0,1,0,0,0,0,0,0,0,0,0,0,0,0,0,0,0
235,30,6,0,0,0,0,0,0,0,0,0,0,1,0,0,0,0,0,0,0,0,0,0
236,30,6,0,0,0,0,0,0,0,1,0,0,0,0,0,0,0,0,0,0,0,0,0
237,30,8,0,0,1,0,0,0,0,0,0,0,0,0,0,0,0,0,0,0,0,0,0
238,30,3,0,0,0,0,0,0,0,1,0,0,0,0,0,0,0,0,0,0,0,0,0
239,30,8,0,0,1,0,0,0,0,0,0,0,0,0,0,0,0,0,0,0,0,0,0
240,30,3,0,0,0,0,0,0,0,1,0,0,0,0,0,0,0,0,0,0,0,0,0
241,30,8,0,0,1,0,0,0,0,0,0,0,0,0,0,0,0,0,0,0,0,0,0
242,30,6,0,0,1,0,0,0,0,1,0,0,0,0,0,0,0,0,0,0,0,0,0
243,30,8,0,0,0,0,0,1,0,0,0,0,0,0,0,0,0,0,0,0,0,0,0
244,31,14,0,0,0,0,0,0,1,0,0,0,0,0,0,0,0,0,0,0,0,0,0
245,31,11,0,0,0,0,0,0,1,0,0,0,0,0,0,0,0,0,0,0,0,0,0
246,31,6,0,0,0,0,0,0,1,0,0,0,0,0,0,0,0,0,0,0,0,0,0
247,31,7,0,0,1,0,0,0,0,0,0,0,0,0,0,0,0,0,0,0,0,0,0
248,31,3,0,0,0,0,0,0,0,1,0,0,0,0,0,0,0,0,0,0,0,0,0
249,31,8,0,0,1,0,0,0,0,0,0,0,0,0,0,0,0,0,0,0,0,0,0
250,31,11,0,0,1,0,0,1,1,1,0,0,0,0,0,1,0,0,0,0,0,0,0
251,32,12,1,0,0,0,0,0,0,0,0,0,0,0,0,0,0,0,0,0,0,0,0
252,32,1,0,0,0,0,0,0,0,0,0,0,0,1,0,0,0,0,0,0,0,0,0
253,32,12,1,0,0,0,0,0,0,0,0,0,0,0,0,0,0,0,0,0,0,0,0
254,32,1,0,0,0,0,0,0,0,0,0,0,0,1,0,0,0,0,0,0,0,0,0
255,32,12,1,0,0,0,0,0,0,0,0,0,0,0,0,0,0,0,0,0,0,0,0
256,32,12,1,0,0,0,0,0,0,0,0,0,0,0,0,0,0,0,0,0,0,0,0
257,32,1,0,0,0,0,0,0,0,0,0,0,0,1,0,0,0,0,0,0,0,0,0
258,32,12,1,0,0,0,0,0,0,0,0,0,0,0,0,0,0,0,0,0,0,0,0
259,32,12,1,0,0,0,0,0,0,0,0,0,0,0,0,0,0,0,0,0,0,0,0
260,32,1,0,0,0,0,0,0,0,0,0,0,0,1,0,0,0,0,0,0,0,0,0
261,32,12,1,0,0,0,0,0,0,0,0,0,0,0,0,0,0,0,0,0,0,0,0
262,32,1,0,0,0,0,0,0,0,0,0,0,0,1,0,0,0,0,0,0,0,0,0
263,32,12,1,0,0,0,0,0,0,0,0,0,0,0,0,0,0,0,0,0,0,0,0
264,32,1,0,0,0,0,0,0,0,0,0,0,0,1,0,0,0,0,0,0,0,0,0
265,33,6,0,0,0,0,0,0,0,1,0,0,0,0,0,0,0,0,0,0,0,0,0
266,33,8,0,0,0,0,0,1,0,0,0,0,0,0,0,0,0,0,0,0,0,0,0
267,33,3,0,0,0,0,0,0,0,1,0,0,0,0,0,0,0,0,0,0,0,0,0
268,33,8,0,0,1,0,0,0,0,0,0,0,0,0,0,0,0,0,0,0,0,0,0
269,33,3,0,0,0,0,0,0,0,1,0,0,0,0,0,0,0,0,0,0,0,0,0
270,33,8,0,0,1,0,0,0,0,0,0,0,0,0,0,0,0,0,0,0,0,0,0
271,33,3,0,0,0,0,0,0,0,1,0,0,0,0,0,0,0,0,0,0,0,0,0
272,33,8,0,0,1,0,0,0,0,0,0,0,0,0,0,0,0,0,0,0,0,0,0
273,33,6,0,0,1,0,0,0,0,1,0,0,1,0,0,1,0,0,0,0,0,0,0
274,33,11,0,0,0,0,0,1,0,0,0,0,0,0,0,0,0,0,0,0,0,0,0
275,34,11,0,0,1,0,0,0,0,0,0,0,0,0,0,0,0,0,0,0,0,0,0
276,34,3,0,0,0,0,0,0,0,0,0,0,1,0,0,0,0,0,0,0,0,0,0
277,34,11,0,0,1,0,0,0,0,0,0,0,0,0,0,0,0,0,0,0,0,0,0
278,34,3,0,0,0,0,0,0,0,0,0,0,1,0,0,0,0,0,0,0,0,0,0
279,34,11,0,0,1,0,0,0,0,0,0,0,0,0,0,0,0,0,0,0,0,0,0
280,34,3,0,0,0,0,0,0,0,0,0,0,1,0,0,0,0,0,0,0,0,0,0
281,34,11,0,0,1,0,0,0,0,0,0,0,0,0,0,0,0,0,0,0,0,0,0
282,34,3,0,0,0,0,0,0,0,0,0,0,1,0,0,0,0,0,0,0,0,0,0
283,35,2,0,0,0,0,0,0,0,0,0,0,0,0,0,0,1,0,0,0,0,0,0
284,35,15,0,1,0,0,0,0,0,0,0,0,0,0,0,0,0,0,0,0,0,0,0
285,35,2,0,0,0,0,0,0,0,0,0,0,0,0,0,0,1,0,0,0,0,0,0
286,36,16,0,1,0,0,0,0,0,0,0,0,0,0,0,0,0,0,0,0,0,0,0
287,36,2,0,0,0,0,0,0,0,0,0,0,0,0,0,0,0,1,0,0,0,0,0
288,36,16,0,1,0,0,0,0,0,0,0,0,0,0,0,0,0,0,0,0,0,0,0
289,37,17,0,1,0,0,0,0,0,0,0,0,0,0,0,0,0,0,0,0,0,0,0
290,37,2,0,0,0,0,0,0,0,0,0,0,0,0,0,0,0,0,1,0,0,0,0
291,38,2,0,0,0,0,0,0,0,0,0,0,0,0,0,0,0,0,0,1,0,0,0
292,39,3,0,1,0,0,0,0,0,0,0,0,0,0,0,0,0,0,0,0,0,0,0
293,39,2,0,0,1,0,0,0,0,0,0,0,0,0,0,0,0,0,0,0,0,0,0
294,39,3,0,1,0,0,0,0,0,0,0,0,0,0,0,0,0,0,0,0,0,0,0
295,39,2,0,0,1,0,0,0,0,0,0,0,0,0,0,0,0,0,0,0,0,0,0
296,39,3,0,1,0,0,0,0,0,0,0,0,0,0,0,0,0,0,0,0,0,0,0
297,39,2,0,0,1,0,0,0,0,0,0,0,0,0,0,0,0,0,0,0,0,0,0
298,39,3,0,1,0,0,0,0,0,0,0,0,0,0,0,0,0,0,0,0,0,0,0
299,39,2,0,0,1,0,0,0,0,0,0,0,0,0,0,0,0,0,0,0,0,0,0
300,39,3,0,1,0,0,0,0,0,0,0,0,0,0,0,0,0,0,0,0,0,0,0
301,39,2,0,0,1,0,0,0,0,0,0,0,0,0,0,0,0,0,0,0,0,0,0
302,39,2,0,0,1,0,0,0,0,0,0,0,0,0,0,0,0,0,0,0,0,0,0
303,39,2,0,0,1,0,0,0,0,0,0,0,0,0,0,0,0,0,0,0,0,0,0
304,39,3,0,1,0,0,0,0,0,0,0,0,0,0,0,0,0,0,0,0,0,0,0
305,39,2,0,0,1,0,0,0,0,0,0,0,0,0,0,0,0,0,0,0,0,0,0
306,39,3,0,1,0,0,0,0,0,0,0,0,0,0,0,0,0,0,0,0,0,0,0
307,39,2,0,0,1,0,0,0,0,0,0,0,0,0,0,0,0,0,0,0,0,0,0
308,40,6,0,0,1,0,0,0,0,0,0,0,0,0,0,0,0,0,0,0,0,0,0
309,40,6,0,0,1,0,0,0,1,0,0,0,0,0,0,0,0,0,0,0,0,0,0
310,40,3,0,0,0,0,0,1,0,0,0,0,0,0,0,0,0,0,0,0,0,0,0
311,40,8,0,0,1,0,0,0,0,0,0,0,0,0,0,0,0,0,0,0,0,0,0
312,40,3,0,0,0,0,0,0,0,1,0,0,0,0,0,0,0,0,0,0,0,0,0
313,40,8,0,0,1,0,0,0,0,0,0,0,0,0,0,0,0,0,0,0,0,0,0
314,40,8,0,0,0,0,0,1,0,0,0,0,0,0,0,0,0,0,0,0,0,0,0
315,40,2,0,0,0,0,0,0,1,0,0,0,0,0,0,0,0,0,0,0,0,0,0
316,40,7,0,1,0,0,0,0,0,0,0,0,0,0,0,0,0,0,0,0,0,0,0
317,40,2,0,0,0,0,0,0,1,0,0,0,0,0,0,0,0,0,0,0,0,0,0
318,40,7,0,1,0,0,0,0,0,0,0,0,0,0,0,0,0,0,0,0,0,0,0
319,40,2,0,0,0,0,0,0,1,0,0,0,0,0,0,0,0,0,0,0,0,0,0
320,40,7,0,1,0,0,0,0,0,0,0,0,0,0,0,0,0,0,0,0,0,0,0
321,40,2,0,0,0,0,0,0,1,0,0,0,0,0,0,0,0,0,0,0,0,0,0
322,40,7,0,1,0,0,0,0,0,0,0,0,0,0,0,0,0,0,0,0,0,0,0
323,40,2,0,0,0,0,0,0,1,0,0,0,0,0,0,0,0,0,0,0,0,0,0
324,40,7,0,1,0,0,0,0,0,0,0,0,0,0,0,0,0,0,0,0,0,0,0
325,40,2,0,0,0,0,0,0,1,0,0,0,0,0,0,0,0,0,0,0,0,0,0
326,40,7,0,1,0,0,0,0,0,0,0,0,0,0,0,0,0,0,0,0,0,0,0
327,40,2,0,0,0,0,0,0,1,0,0,0,0,0,0,0,0,0,0,0,0,0,0
328,40,7,0,1,0,0,0,0,0,0,0,0,0,0,0,0,0,0,0,0,0,0,0
329,40,2,0,0,0,0,0,0,1,0,0,0,0,0,0,0,0,0,0,0,0,0,0
330,40,7,0,1,0,0,0,0,0,0,0,0,0,0,0,0,0,0,0,0,0,0,0
331,40,2,0,0,0,0,0,0,1,0,0,0,0,0,0,0,0,0,0,0,0,0,0
332,40,7,0,1,0,0,0,0,0,0,0,0,0,0,0,0,0,0,0,0,0,0,0
333,40,2,0,0,0,0,0,0,1,0,0,0,0,0,0,0,0,0,0,0,0,0,0
334,40,7,0,1,0,0,0,0,0,0,0,0,0,0,0,0,0,0,0,0,0,0,0
335,40,2,0,0,0,0,0,0,1,0,0,0,0,0,0,0,0,0,0,0,0,0,0
336,40,7,0,1,0,0,0,0,0,0,0,0,0,0,0,0,0,0,0,0,0,0,0
337,40,2,0,0,0,0,0,0,1,0,0,0,0,0,0,0,0,0,0,0,0,0,0
338,40,7,0,1,0,0,0,0,0,0,0,0,0,0,0,0,0,0,0,0,0,0,0
339,40,2,0,0,0,0,0,0,1,0,0,0,0,0,0,0,0,0,0,0,0,0,0
340,40,7,0,1,0,0,0,0,0,0,0,0,0,0,0,0,0,0,0,0,0,0,0
341,41,3,0,0,0,0,0,0,1,0,0,0,0,0,0,0,0,0,0,0,0,0,0
342,41,8,0,0,1,0,0,0,0,0,0,0,0,0,0,0,0,0,0,0,0,0,0
343,41,3,0,0,0,0,0,0,1,0,0,0,0,0,0,0,0,0,0,0,0,0,0
344,41,8,0,0,1,0,0,0,0,0,0,0,0,0,0,0,0,0,0,0,0,0,0
345,41,3,0,0,0,0,0,0,0,1,0,0,0,0,0,0,0,0,0,0,0,0,0
346,41,8,0,0,1,0,0,0,0,0,0,0,0,0,0,0,0,0,0,0,0,0,0
347,41,11,0,0,1,0,0,0,0,0,0,0,0,0,0,0,0,0,0,0,0,0,0
348,41,8,0,0,1,0,0,0,0,0,0,0,1,0,0,0,0,0,0,0,0,0,0
349,41,8,0,0,1,0,0,0,0,0,0,0,0,0,0,0,0,0,0,0,0,0,0
350,41,3,0,0,0,0,0,0,0,1,0,0,0,0,0,0,0,0,0,0,0,0,0
351,41,8,0,0,1,0,0,0,0,0,0,0,0,0,0,0,0,0,0,0,0,0,0
352,41,8,0,0,0,0,0,0,1,0,0,0,0,0,0,0,0,0,0,0,0,0,0
353,41,6,0,0,1,0,0,0,0,0,0,0,0,0,0,0,0,0,0,0,0,0,0
354,42,3,0,0,0,0,0,0,1,0,0,0,0,0,0,0,0,0,0,0,0,0,0
355,42,7,0,0,1,0,0,0,0,0,0,0,0,0,0,0,0,0,0,0,0,0,0
356,42,3,0,0,0,0,0,0,1,0,0,0,0,0,0,0,0,0,0,0,0,0,0
357,42,7,0,0,1,0,0,0,0,0,0,0,0,0,0,0,0,0,0,0,0,0,0
358,42,3,0,0,0,0,0,0,1,0,0,0,0,0,0,0,0,0,0,0,0,0,0
359,42,7,0,0,1,0,0,0,0,0,0,0,0,0,0,0,0,0,0,0,0,0,0
360,42,3,0,0,0,0,0,0,1,0,0,0,0,0,0,0,0,0,0,0,0,0,0
361,42,3,0,0,0,0,0,0,1,0,0,0,0,0,0,0,0,0,0,0,0,0,0
362,42,7,0,0,1,0,0,0,0,0,0,0,0,0,0,0,0,0,0,0,0,0,0
363,42,3,0,0,0,0,0,0,1,0,0,0,0,0,0,0,0,0,0,0,0,0,0
364,42,7,0,0,1,0,0,0,0,0,0,0,0,0,0,0,0,0,0,0,0,0,0
365,42,3,0,0,0,0,0,0,1,0,0,0,0,0,0,0,0,0,0,0,0,0,0
366,42,7,0,0,1,0,0,0,0,0,0,0,0,0,0,0,0,0,0,0,0,0,0
367,42,3,0,0,0,0,0,0,1,0,0,0,0,0,0,0,0,0,0,0,0,0,0
368,42,7,0,0,1,0,0,0,0,0,0,0,0,0,0,0,0,0,0,0,0,0,0
369,42,7,0,0,1,0,0,0,0,0,0,0,0,0,0,0,0,0,0,0,0,0,0
370,42,3,0,0,0,0,0,0,1,0,0,0,0,0,0,0,0,0,0,0,0,0,0
371,43,8,0,0,1,0,0,0,0,0,0,0,0,0,0,0,0,0,0,0,0,0,0
372,43,3,0,0,0,0,0,0,0,1,0,0,0,0,0,0,0,0,0,0,0,0,0
373,43,8,0,0,1,0,0,0,0,0,0,0,0,0,0,0,0,0,0,0,0,0,0
374,43,3,0,0,0,0,0,0,0,1,0,0,0,0,0,0,0,0,0,0,0,0,0
375,43,8,0,0,1,0,0,0,0,0,0,0,0,0,0,0,0,0,0,0,0,0,0
376,43,3,0,0,0,0,0,0,0,1,0,0,0,0,0,0,0,0,0,0,0,0,0
377,44,11,0,0,1,0,0,0,0,0,0,0,0,0,0,0,0,0,0,0,0,0,0
378,44,3,0,0,0,0,0,0,0,0,0,0,1,0,0,0,0,0,0,0,0,0,0
379,44,11,0,0,1,0,0,0,0,0,0,0,0,0,0,0,0,0,0,0,0,0,0
380,45,2,0,0,0,0,0,0,0,0,1,0,0,0,0,0,0,0,0,0,0,0,0
381,46,15,0,0,0,0,0,0,0,0,0,0,0,0,0,0,0,0,0,0,1,0,0
382,46,19,0,0,0,0,0,0,0,0,0,0,0,0,0,0,1,0,0,0,0,0,0
383,46,16,0,0,0,0,0,0,1,0,0,0,0,0,0,0,0,0,0,0,0,0,0
384,46,7,0,0,0,0,0,0,0,0,0,0,0,0,0,0,0,1,0,0,0,0,0
385,46,16,0,0,0,0,0,0,1,0,0,0,0,0,0,0,0,0,0,0,0,0,0
386,46,7,0,0,0,0,0,0,0,0,0,0,0,0,0,0,0,1,0,0,0,0,0
387,46,15,0,0,0,0,0,0,0,0,0,0,0,0,0,0,0,1,0,0,0,0,0
388,46,16,0,0,0,0,0,0,0,0,0,0,0,0,0,0,1,0,0,0,0,0,0
389,47,19,0,0,0,0,0,0,1,0,0,0,0,0,0,0,1,1,0,0,0,0,0
390,48,16,0,0,1,0,0,0,0,0,0,0,0,0,0,0,0,0,0,0,0,0,0
391,48,15,0,0,0,0,0,0,0,0,0,0,0,0,0,0,0,1,0,0,0,0,0
392,48,20,0,0,0,0,0,0,0,0,0,0,0,0,0,0,0,1,0,0,0,0,0
393,48,19,0,0,0,0,0,0,0,0,0,0,0,0,0,0,0,1,0,0,0,0,0
394,48,16,0,0,1,0,0,0,0,0,0,0,0,0,0,0,0,0,0,0,0,0,0
395,48,15,0,0,0,0,0,0,0,0,0,0,0,0,0,0,0,1,0,0,0,0,0
396,48,16,0,0,0,0,0,0,0,0,0,0,0,0,0,0,1,0,0,0,0,0,0
397,48,15,0,0,0,0,0,0,0,0,0,0,0,0,0,0,0,1,0,0,0,0,0
398,48,19,0,0,0,0,0,0,0,0,0,0,0,0,0,0,0,1,0,0,0,0,0
399,48,3,0,0,0,0,0,0,0,0,0,0,0,0,0,0,0,1,0,0,0,0,0
400,48,7,0,0,0,0,0,0,0,0,0,0,0,0,0,0,1,1,0,0,1,1,0
401,48,16,0,0,0,0,0,0,1,0,0,0,0,0,0,0,1,0,0,0,1,1,0
402,49,2,0,0,0,0,0,0,0,0,1,0,0,0,0,0,0,0,0,0,0,0,0
403,49,9,0,1,0,0,0,0,0,0,0,0,0,0,0,0,0,0,0,0,0,0,0
404,50,7,0,0,1,0,0,0,0,0,0,0,0,0,0,0,0,0,0,0,0,0,0
405,50,7,0,0,1,0,0,0,0,0,0,0,0,0,0,0,0,0,0,0,0,0,0
406,51,3,0,0,0,0,0,0,0,0,0,0,0,0,0,0,0,0,0,1,0,0,0
407,51,3,0,0,0,0,0,0,0,0,0,0,0,0,0,0,0,0,0,1,0,0,0
408,52,3,0,0,0,0,0,0,0,0,0,0,0,0,0,0,0,0,0,1,0,0,0
409,52,18,0,0,1,0,0,0,0,0,0,0,0,0,0,0,0,0,0,0,0,0,0
410,52,3,0,0,0,0,0,0,0,0,0,0,0,0,0,0,0,0,0,1,0,0,0
411,52,18,0,0,1,0,0,0,0,0,0,0,0,0,0,0,0,0,0,0,0,0,0
412,52,3,0,0,0,0,0,0,0,0,0,0,0,0,0,0,0,0,0,1,0,0,0
413,52,18,0,0,1,0,0,0,0,0,0,0,0,0,0,0,0,0,0,0,0,0,0
414,52,3,0,0,0,0,0,0,0,0,0,0,0,0,0,0,0,0,0,1,0,0,0
415,52,3,0,0,0,0,0,0,0,0,0,0,0,0,0,0,0,0,0,1,0,0,0
416,52,18,0,0,1,0,0,0,0,0,0,0,0,0,0,0,0,0,0,0,0,0,0
417,52,3,0,0,0,0,0,0,0,0,0,0,0,0,0,0,0,0,0,1,0,0,0
418,52,18,0,0,1,0,0,0,0,0,0,0,0,0,0,0,0,0,0,0,0,0,0
419,52,18,0,0,1,0,0,0,0,0,0,0,0,0,0,0,0,0,0,0,0,0,0
420,52,3,0,0,0,0,0,0,0,0,0,0,0,0,0,0,0,0,0,1,0,0,0
421,52,18,0,0,1,0,0,0,0,0,0,0,0,0,0,0,0,0,0,0,0,0,0
422,52,3,0,0,0,0,0,0,0,0,0,0,0,0,0,0,0,0,0,1,0,0,0
423,52,18,0,0,1,0,0,0,0,0,0,0,0,0,0,0,0,0,0,0,0,0,0
424,52,3,0,0,0,0,0,0,0,0,0,0,0,0,0,0,0,0,0,1,0,0,0
425,53,3,0,0,0,0,0,0,0,0,0,0,0,0,0,0,0,0,0,1,0,0,0
426,53,18,0,0,1,0,0,0,0,0,0,0,0,0,0,0,0,0,0,0,0,0,0
427,53,3,0,0,0,0,0,0,0,0,0,0,0,0,0,0,0,0,0,1,0,0,0
428,53,18,0,0,1,0,0,0,0,0,0,0,0,0,0,0,0,0,0,0,0,0,0
429,53,3,0,0,0,0,0,0,0,0,0,0,0,0,0,0,0,0,0,1,0,0,0
430,53,18,0,0,1,0,0,0,0,0,0,0,0,0,0,0,0,0,0,0,0,0,0
431,53,3,0,0,0,0,0,0,0,0,0,0,0,0,0,0,0,0,0,1,0,0,0
432,53,18,0,0,1,0,0,0,0,0,0,0,0,0,0,0,0,0,0,0,0,0,0
433,53,18,0,0,1,0,0,0,0,0,0,0,0,0,0,0,0,0,0,0,0,0,0
434,53,18,0,0,1,0,0,0,0,0,0,0,0,0,0,0,0,0,0,0,0,0,0
435,53,3,0,0,0,0,0,0,0,0,0,0,0,0,0,0,0,0,0,1,0,0,0
436,53,3,0,0,0,0,0,0,0,0,0,0,0,0,0,0,0,0,0,1,0,0,0
437,53,18,0,0,1,0,0,0,0,0,0,0,0,0,0,0,0,0,0,0,0,0,0
438,53,3,0,0,0,0,0,0,0,0,0,0,0,0,0,0,0,0,0,1,0,0,0
439,54,2,0,0,0,0,0,0,0,0,1,0,0,0,0,0,0,0,0,0,0,0,0
440,54,1,0,1,0,0,0,0,0,0,0,0,0,0,0,0,0,0,0,0,0,0,0
441,55,2,0,0,0,0,0,0,0,0,1,0,0,0,0,0,0,0,0,0,0,0,0
442,56,18,0,0,1,0,0,0,0,0,0,0,0,0,0,0,0,0,0,0,0,0,0
443,56,18,0,0,1,0,0,0,0,0,0,0,0,0,0,0,0,0,0,0,0,0,0
444,56,3,0,0,0,0,0,0,0,0,0,0,0,0,0,0,0,0,0,1,0,0,0
445,56,3,0,0,0,0,0,0,0,0,0,0,0,0,0,0,0,0,0,1,0,0,0
446,56,3,0,0,0,0,0,0,0,0,0,0,0,0,0,0,0,0,0,1,0,0,0
447,56,18,0,0,1,0,0,0,0,0,0,0,0,0,0,0,0,0,0,0,0,0,0
448,56,3,0,0,0,0,0,0,0,0,0,0,0,0,0,0,0,0,0,1,0,0,0
449,56,18,0,0,1,0,0,0,0,0,0,0,0,0,0,0,0,0,0,0,0,0,0
450,56,18,0,0,1,0,0,0,0,0,0,0,0,0,0,0,0,0,0,0,0,0,0
451,56,3,0,0,0,0,0,0,0,0,0,0,0,0,0,0,0,0,0,1,0,0,0
452,57,8,1,0,0,0,0,0,0,0,0,0,0,0,0,0,0,0,0,0,0,0,0
453,57,1,0,0,0,0,0,0,0,1,0,0,0,0,0,0,0,0,0,0,0,0,0
454,57,8,1,0,0,0,0,0,0,0,0,0,0,0,0,0,0,0,0,0,0,0,0
455,57,1,0,0,0,0,0,0,0,1,0,0,0,0,0,0,0,0,0,0,0,0,0
456,57,8,1,0,0,0,0,0,0,0,0,0,0,0,0,0,0,0,0,0,0,0,0
457,57,1,0,0,0,0,0,0,0,1,0,0,0,0,0,0,0,0,0,0,0,0,0
458,57,8,1,0,0,0,0,0,0,0,0,0,0,0,0,0,0,0,0,0,0,0,0
459,58,12,1,0,0,0,0,0,0,0,0,0,0,0,0,0,0,0,0,0,0,0,0
460,58,1,0,0,0,0,0,0,0,0,0,0,0,1,0,0,0,0,0,0,0,0,0
461,58,12,1,0,0,0,0,0,0,0,0,0,0,0,0,0,0,0,0,0,0,0,0
462,58,12,1,0,0,0,0,0,0,0,0,0,0,0,0,0,0,0,0,0,0,0,0
463,58,1,0,0,0,0,0,0,0,0,0,0,0,1,0,0,0,0,0,0,0,0,0
464,58,12,1,0,0,0,0,0,0,0,0,0,0,0,0,0,0,0,0,0,0,0,0
465,58,12,1,0,0,0,0,0,0,0,0,0,0,0,0,0,0,0,0,0,0,0,0
466,59,3,0,0,0,0,0,0,1,0,0,0,0,0,0,0,0,0,0,0,0,0,0
467,59,7,0,0,1,0,0,0,0,0,0,0,0,0,0,0,0,0,0,0,0,0,0
468,59,3,0,0,0,0,0,0,1,0,0,0,0,0,0,0,0,0,0,0,0,0,0
469,60,3,0,0,0,0,0,0,1,0,0,0,0,0,0,0,0,0,0,0,0,0,0
470,60,7,0,0,1,0,0,0,0,0,0,0,0,0,0,0,0,0,0,0,0,0,0
471,60,3,0,0,0,0,0,0,1,0,0,0,0,0,0,0,0,0,0,0,0,0,0
472,60,7,0,0,1,0,0,0,0,0,0,0,0,0,0,0,0,0,0,0,0,0,0
473,60,3,0,0,0,0,0,0,1,0,0,0,0,0,0,0,0,0,0,0,0,0,0
474,60,7,0,0,1,0,0,0,0,0,0,0,0,0,0,0,0,0,0,0,0,0,0
475,61,3,0,0,0,0,0,0,1,0,0,0,0,0,0,0,0,0,0,0,0,0,0
476,61,7,0,0,1,0,0,0,0,0,0,0,0,0,0,0,0,0,0,0,0,0,0
477,61,3,0,0,0,0,0,0,1,0,0,0,0,0,0,0,0,0,0,0,0,0,0
478,61,7,0,0,1,0,0,0,0,0,0,0,0,0,0,0,0,0,0,0,0,0,0
479,61,3,0,0,0,0,0,0,1,0,0,0,0,0,0,0,0,0,0,0,0,0,0
480,61,7,0,0,1,0,0,0,0,0,0,0,0,0,0,0,0,0,0,0,0,0,0
481,61,3,0,0,0,0,0,0,1,0,0,0,0,0,0,0,0,0,0,0,0,0,0
482,62,7,0,0,1,0,0,0,0,0,0,0,0,0,0,0,0,0,0,0,0,0,0
483,62,3,0,0,0,0,0,0,1,0,0,0,0,0,0,0,0,0,0,0,0,0,0
484,62,7,0,0,1,0,0,0,0,0,0,0,0,0,0,0,0,0,0,0,0,0,0
485,62,3,0,0,0,0,0,0,1,0,0,0,0,0,0,0,0,0,0,0,0,0,0
486,62,7,0,0,1,0,0,0,0,0,0,0,0,0,0,0,0,0,0,0,0,0,0
487,62,3,0,0,0,0,0,0,1,0,0,0,0,0,0,0,0,0,0,0,0,0,0
488,62,7,0,0,1,0,0,0,0,0,0,0,0,0,0,0,0,0,0,0,0,0,0
489,62,3,0,0,0,0,0,0,1,0,0,0,0,0,0,0,0,0,0,0,0,0,0
490,62,7,0,0,1,0,0,0,0,0,0,0,0,0,0,0,0,0,0,0,0,0,0
491,62,7,0,0,1,0,0,0,0,0,0,0,0,0,0,0,0,0,0,0,0,0,0
492,62,3,0,0,0,0,0,0,1,0,0,0,0,0,0,0,0,0,0,0,0,0,0
493,62,7,0,0,1,0,0,0,0,0,0,0,0,0,0,0,0,0,0,0,0,0,0
494,62,7,0,0,1,0,0,0,0,0,0,0,0,0,0,0,0,0,0,0,0,0,0
495,63,3,0,0,0,0,0,0,1,0,0,0,0,0,0,0,0,0,0,0,0,0,0
496,63,7,0,0,1,0,0,0,0,0,0,0,0,0,0,0,0,0,0,0,0,0,0
497,63,3,0,0,0,0,0,0,1,0,0,0,0,0,0,0,0,0,0,0,0,0,0
498,63,7,0,0,1,0,0,0,0,0,0,0,0,0,0,0,0,0,0,0,0,0,0
499,63,3,0,0,0,0,0,0,1,0,0,0,0,0,0,0,0,0,0,0,0,0,0
500,63,7,0,0,1,0,0,0,0,0,0,0,0,0,0,0,0,0,0,0,0,0,0
501,63,7,0,0,1,0,0,0,0,0,0,0,0,0,0,0,0,0,0,0,0,0,0
502,63,3,0,0,0,0,0,0,1,0,0,0,0,0,0,0,0,0,0,0,0,0,0
503,63,7,0,0,1,0,0,0,0,0,0,0,0,0,0,0,0,0,0,0,0,0,0
504,63,3,0,0,0,0,0,0,1,0,0,0,0,0,0,0,0,0,0,0,0,0,0
505,64,20,0,0,1,0,0,0,0,0,0,0,0,0,0,0,0,0,0,0,0,0,0
506,64,20,0,0,1,0,0,0,0,0,0,0,0,0,0,0,0,0,0,0,0,0,0
507,64,21,0,0,0,0,0,0,0,0,0,0,0,0,0,0,0,0,0,0,0,1,0
508,64,20,0,0,0,0,0,0,0,0,0,0,0,0,0,0,0,0,0,0,0,0,1
509,64,21,0,0,0,0,0,0,0,0,0,0,0,0,0,0,0,0,0,0,0,1,0
510,64,21,0,0,0,0,0,0,0,0,0,0,0,0,0,0,0,0,0,0,0,1,0
511,64,21,0,0,1,0,0,0,0,0,0,0,0,0,0,0,0,0,0,0,0,0,0
512,65,3,0,0,0,0,0,0,1,0,0,0,0,0,0,0,0,0,0,0,0,0,0
513,65,7,0,0,1,0,0,0,0,0,0,0,0,0,0,0,0,0,0,0,0,0,0
514,65,3,0,0,0,0,0,0,1,0,0,0,0,0,0,0,0,0,0,0,0,0,0
515,65,7,0,0,1,0,0,0,0,0,0,0,0,0,0,0,0,0,0,0,0,0,0
516,65,3,0,0,0,0,0,0,1,0,0,0,0,0,0,0,0,0,0,0,0,0,0
517,65,7,0,0,1,0,0,0,0,0,0,0,0,0,0,0,0,0,0,0,0,0,0
518,65,3,0,0,0,0,0,0,1,0,0,0,0,0,0,0,0,0,0,0,0,0,0
519,65,7,0,0,1,0,0,0,0,0,0,0,0,0,0,0,0,0,0,0,0,0,0
520,65,3,0,0,0,0,0,0,1,0,0,0,0,0,0,0,0,0,0,0,0,0,0
521,65,7,0,0,1,0,0,0,0,0,0,0,0,0,0,0,0,0,0,0,0,0,0
522,65,7,0,0,1,0,0,0,0,0,0,0,0,0,0,0,0,0,0,0,0,0,0
523,65,3,0,0,0,0,0,0,1,0,0,0,0,0,0,0,0,0,0,0,0,0,0
524,65,7,0,0,1,0,0,0,0,0,0,0,0,0,0,0,0,0,0,0,0,0,0
525,66,3,0,0,0,0,0,0,1,0,0,0,0,0,0,0,0,0,0,0,0,0,0
526,66,7,0,0,1,0,0,0,0,0,0,0,0,0,0,0,0,0,0,0,0,0,0
527,66,3,0,0,0,0,0,0,1,0,0,0,0,0,0,0,0,0,0,0,0,0,0
528,66,7,0,0,1,0,0,0,0,0,0,0,0,0,0,0,0,0,0,0,0,0,0
529,66,3,0,0,0,0,0,0,1,0,0,0,0,0,0,0,0,0,0,0,0,0,0
530,66,7,0,0,1,0,0,0,0,0,0,0,0,0,0,0,0,0,0,0,0,0,0
531,67,7,0,0,1,0,0,0,0,0,0,0,0,0,0,0,0,0,0,0,0,0,0
532,67,3,0,0,0,0,0,0,1,0,0,0,0,0,0,0,0,0,0,0,0,0,0
533,67,7,0,0,1,0,0,0,0,0,0,0,0,0,0,0,0,0,0,0,0,0,0
534,67,7,0,0,1,0,0,0,0,0,0,0,0,0,0,0,0,0,0,0,0,0,0
535,68,3,0,0,0,0,0,0,1,0,0,0,0,0,0,0,0,0,0,0,0,0,0
536,68,7,0,0,1,0,0,0,0,0,0,0,0,0,0,0,0,0,0,0,0,0,0
537,68,3,0,0,0,0,0,0,1,0,0,0,0,0,0,0,0,0,0,0,0,0,0
538,68,7,0,0,1,0,0,0,0,0,0,0,0,0,0,0,0,0,0,0,0,0,0
539,68,3,0,0,0,0,0,0,1,0,0,0,0,0,0,0,0,0,0,0,0,0,0
540,68,7,0,0,1,0,0,0,0,0,0,0,0,0,0,0,0,0,0,0,0,0,0
541,68,7,0,0,1,0,0,0,0,0,0,0,0,0,0,0,0,0,0,0,0,0,0
542,69,7,0,0,1,0,0,0,0,0,0,0,0,0,0,0,0,0,0,0,0,0,0
543,69,3,0,0,0,0,0,0,1,0,0,0,0,0,0,0,0,0,0,0,0,0,0
544,69,7,0,0,1,0,0,0,0,0,0,0,0,0,0,0,0,0,0,0,0,0,0
545,69,7,0,0,1,0,0,0,0,0,0,0,0,0,0,0,0,0,0,0,0,0,0
546,69,3,0,0,0,0,0,0,1,0,0,0,0,0,0,0,0,0,0,0,0,0,0
547,70,7,0,0,1,0,0,0,0,0,0,0,0,0,0,0,0,0,0,0,0,0,0
548,70,3,0,0,0,0,0,0,1,0,0,0,0,0,0,0,0,0,0,0,0,0,0
549,70,7,0,0,1,0,0,0,0,0,0,0,0,0,0,0,0,0,0,0,0,0,0
550,70,3,0,0,0,0,0,0,1,0,0,0,0,0,0,0,0,0,0,0,0,0,0
551,71,7,0,0,1,0,0,0,0,0,0,0,0,0,0,0,0,0,0,0,0,0,0
552,71,7,0,0,1,0,0,0,0,0,0,0,0,0,0,0,0,0,0,0,0,0,0
553,71,3,0,0,0,0,0,0,1,0,0,0,0,0,0,0,0,0,0,0,0,0,0
554,71,3,0,0,0,0,0,0,1,0,0,0,0,0,0,0,0,0,0,0,0,0,0
555,72,16,0,0,1,0,0,0,0,0,0,0,0,0,0,0,0,0,0,0,0,0,0
556,72,16,0,0,1,0,0,0,0,0,0,0,0,0,0,0,0,0,0,0,0,0,0
557,72,16,0,0,1,0,0,0,0,0,0,0,0,0,0,0,0,0,0,0,0,0,0
558,72,16,0,0,1,0,0,0,0,0,0,0,0,0,0,0,0,0,0,0,0,0,0
559,72,16,0,0,1,0,0,0,0,0,0,0,0,0,0,0,0,0,0,0,0,0,0
560,72,7,0,0,1,0,0,0,0,0,0,0,0,0,0,0,0,0,0,0,0,0,0
561,72,3,0,0,0,0,0,0,1,0,0,0,0,0,0,0,0,0,0,0,0,0,0
562,72,7,0,0,1,0,0,0,0,0,0,0,0,0,0,0,0,0,0,0,0,0,0
563,72,3,0,0,0,0,0,0,1,0,0,0,0,0,0,0,0,0,0,0,0,0,0
564,72,7,0,0,1,0,0,0,0,0,0,0,0,0,0,0,0,0,0,0,0,0,0
565,72,3,0,0,0,0,0,0,1,0,0,0,0,0,0,0,0,0,0,0,0,0,0
566,72,7,0,0,1,0,0,0,0,0,0,0,0,0,0,0,0,0,0,0,0,0,0
567,72,3,0,0,0,0,0,0,1,0,0,0,0,0,0,0,0,0,0,0,0,0,0
568,72,7,0,0,1,0,0,0,0,0,0,0,0,0,0,0,0,0,0,0,0,0,0
569,73,8,0,0,1,0,0,0,0,0,0,0,0,0,0,0,0,0,0,0,0,0,0
570,73,3,0,0,0,0,0,0,0,1,0,0,0,0,0,0,0,0,0,0,0,0,0
571,73,8,0,0,1,0,0,0,0,0,0,0,0,0,0,0,0,0,0,0,0,0,0
572,73,3,0,0,0,0,0,0,0,1,0,0,0,0,0,0,0,0,0,0,0,0,0
573,73,8,0,0,1,0,0,0,0,0,0,0,0,0,0,0,0,0,0,0,0,0,0
574,73,8,0,0,1,0,0,0,0,0,0,0,0,0,0,0,0,0,0,0,0,0,0
575,74,2,0,0,1,0,0,0,0,0,0,0,0,0,0,0,0,0,0,0,0,0,0
576,74,3,0,1,0,0,0,0,0,0,0,0,0,0,0,0,0,0,0,0,0,0,0
577,74,3,0,1,0,0,0,0,0,0,0,0,0,0,0,0,0,0,0,0,0,0,0
578,74,2,0,0,0,0,0,0,1,0,0,0,0,0,0,0,0,0,0,0,0,0,0
579,74,7,0,1,0,0,0,0,0,0,0,0,0,0,0,0,0,0,0,0,0,0,0
580,74,3,0,1,0,0,0,0,1,0,0,0,0,0,0,0,0,0,0,0,0,0,0
581,75,12,0,0,1,0,0,0,0,0,0,0,0,0,0,0,0,0,0,0,0,0,0
582,75,3,0,0,0,0,0,0,0,0,0,0,0,1,0,0,0,0,0,0,0,0,0
583,75,12,0,0,1,0,0,0,0,0,0,0,0,0,0,0,0,0,0,0,0,0,0
584,75,3,0,0,0,0,0,0,0,0,0,0,0,1,0,0,0,0,0,0,0,0,0
585,75,12,0,0,1,0,0,0,0,0,0,0,0,0,0,0,0,0,0,0,0,0,0
586,76,7,0,0,1,0,0,0,0,0,0,0,0,0,0,0,0,0,0,0,0,0,0
587,76,3,0,0,0,0,0,0,1,0,0,0,0,0,0,0,0,0,0,0,0,0,0
588,76,7,0,0,1,0,0,0,0,0,0,0,0,0,0,0,0,0,0,0,0,0,0
