eventID,sceneID,speakerID,Gale Hawthorne (1),Katniss Everdeen (2),Haymitch Abernathy (3),Peeta Mellark (4),Prim Everdeen (5),President Snow (6),Effie Trinket (7),Flavius (8),Cinna (9),Caesar Flickerman (10),Octavia (11),Plutarch Heavensbee (12),Cray (13),Commander Thread (14),Finnick Odair (15),Claudius Templesmith (16),Johanna Mason (17),Beetee (18),Wiress (19),Gloss (20),Cashmere (21)
1,1,1,0,1,0,0,0,0,0,0,0,0,0,0,0,0,0,0,0,0,0,0,0
2,1,1,0,1,0,0,0,0,0,0,0,0,0,0,0,0,0,0,0,0,0,0,0
3,1,2,1,0,0,0,0,0,0,0,0,0,0,0,0,0,0,0,0,0,0,0,0
4,1,1,0,1,0,0,0,0,0,0,0,0,0,0,0,0,0,0,0,0,0,0,0
5,1,1,0,1,0,0,0,0,0,0,0,0,0,0,0,0,0,0,0,0,0,0,0
6,1,2,1,0,0,0,0,0,0,0,0,0,0,0,0,0,0,0,0,0,0,0,0
7,1,1,0,1,0,0,0,0,0,0,0,0,0,0,0,0,0,0,0,0,0,0,0
8,2,1,0,1,0,0,0,0,0,0,0,0,0,0,0,0,0,0,0,0,0,0,0
9,2,1,0,1,0,0,0,0,0,0,0,0,0,0,0,0,0,0,0,0,0,0,0
10,2,2,1,0,0,0,0,0,0,0,0,0,0,0,0,0,0,0,0,0,0,0,0
11,2,2,1,0,0,0,0,0,0,0,0,0,0,0,0,0,0,0,0,0,0,0,0
12,3,2,1,0,0,0,0,0,0,0,0,0,0,0,0,0,0,0,0,0,0,0,0
13,3,1,0,1,0,0,0,0,0,0,0,0,0,0,0,0,0,0,0,0,0,0,0
14,3,2,1,0,0,0,0,0,0,0,0,0,0,0,0,0,0,0,0,0,0,0,0
15,3,1,0,1,0,0,0,0,0,0,0,0,0,0,0,0,0,0,0,0,0,0,0
16,3,2,1,0,0,0,0,0,0,0,0,0,0,0,0,0,0,0,0,0,0,0,0
17,3,1,0,1,0,0,0,0,0,0,0,0,0,0,0,0,0,0,0,0,0,0,0
18,3,2,1,0,0,0,0,0,0,0,0,0,0,0,0,0,0,0,0,0,0,0,0
19,3,1,0,1,0,0,0,0,0,0,0,0,0,0,0,0,0,0,0,0,0,0,0
20,3,2,1,0,0,0,0,0,0,0,0,0,0,0,0,0,0,0,0,0,0,0,0
21,3,1,0,1,0,0,0,0,0,0,0,0,0,0,0,0,0,0,0,0,0,0,0
22,4,3,0,1,0,0,0,0,0,0,0,0,0,0,0,0,0,0,0,0,0,0,0
23,4,2,0,0,1,0,0,0,0,0,0,0,0,0,0,0,0,0,0,0,0,0,0
24,4,2,0,0,1,0,0,0,0,0,0,0,0,0,0,0,0,0,0,0,0,0,0
25,4,4,0,1,0,0,0,0,0,0,0,0,0,0,0,0,0,0,0,0,0,0,0
26,4,3,0,0,0,1,0,0,0,0,0,0,0,0,0,0,0,0,0,0,0,0,0
27,4,3,0,1,0,0,0,0,0,0,0,0,0,0,0,0,0,0,0,0,0,0,0
28,4,4,0,1,0,0,0,0,0,0,0,0,0,0,0,0,0,0,0,0,0,0,0
29,4,2,0,0,0,1,0,0,0,0,0,0,0,0,0,0,0,0,0,0,0,0,0
30,4,4,0,1,0,0,0,0,0,0,0,0,0,0,0,0,0,0,0,0,0,0,0
31,4,3,0,1,0,1,0,0,0,0,0,0,0,0,0,0,0,0,0,0,0,0,0
32,4,2,0,0,1,0,0,0,0,0,0,0,0,0,0,0,0,0,0,0,0,0,0
33,5,5,0,1,0,0,0,0,0,0,0,0,0,0,0,0,0,0,0,0,0,0,0
34,5,6,0,1,0,0,0,0,0,0,0,0,0,0,0,0,0,0,0,0,0,0,0
35,5,2,0,0,0,0,0,1,0,0,0,0,0,0,0,0,0,0,0,0,0,0,0
36,5,6,0,1,0,0,0,0,0,0,0,0,0,0,0,0,0,0,0,0,0,0,0
37,5,2,0,0,0,0,0,1,0,0,0,0,0,0,0,0,0,0,0,0,0,0,0
38,5,6,0,1,0,0,0,0,0,0,0,0,0,0,0,0,0,0,0,0,0,0,0
39,5,6,0,1,0,0,0,0,0,0,0,0,0,0,0,0,0,0,0,0,0,0,0
40,5,2,0,0,0,0,0,1,0,0,0,0,0,0,0,0,0,0,0,0,0,0,0
41,5,6,0,1,0,0,0,0,0,0,0,0,0,0,0,0,0,0,0,0,0,0,0
42,5,2,0,0,0,0,0,1,0,0,0,0,0,0,0,0,0,0,0,0,0,0,0
43,5,6,0,1,0,0,0,0,0,0,0,0,0,0,0,0,0,0,0,0,0,0,0
44,5,2,0,0,0,0,0,1,0,0,0,0,0,0,0,0,0,0,0,0,0,0,0
45,5,6,0,1,0,0,0,0,0,0,0,0,0,0,0,0,0,0,0,0,0,0,0
46,5,2,0,0,0,0,0,1,0,0,0,0,0,0,0,0,0,0,0,0,0,0,0
47,5,6,0,1,0,0,0,0,0,0,0,0,0,0,0,0,0,0,0,0,0,0,0
48,5,2,0,0,0,0,0,1,0,0,0,0,0,0,0,0,0,0,0,0,0,0,0
49,5,6,0,1,0,0,0,0,0,0,0,0,0,0,0,0,0,0,0,0,0,0,0
50,5,2,0,0,0,0,0,1,0,0,0,0,0,0,0,0,0,0,0,0,0,0,0
51,5,6,0,1,0,0,0,0,0,0,0,0,0,0,0,0,0,0,0,0,0,0,0
52,5,2,0,0,0,0,0,1,0,0,0,0,0,0,0,0,0,0,0,0,0,0,0
53,5,6,0,1,0,0,0,0,0,0,0,0,0,0,0,0,0,0,0,0,0,0,0
54,5,2,0,0,0,0,0,1,0,0,0,0,0,0,0,0,0,0,0,0,0,0,0
55,5,6,0,1,0,0,0,0,0,0,0,0,0,0,0,0,0,0,0,0,0,0,0
56,5,2,0,0,0,0,0,1,0,0,0,0,0,0,0,0,0,0,0,0,0,0,0
57,5,6,0,1,0,0,0,0,0,0,0,0,0,0,0,0,0,0,0,0,0,0,0
58,5,2,0,0,0,0,0,1,0,0,0,0,0,0,0,0,0,0,0,0,0,0,0
59,5,6,0,1,0,0,0,0,0,0,0,0,0,0,0,0,0,0,0,0,0,0,0
60,5,6,0,1,0,0,0,0,0,0,0,0,0,0,0,0,0,0,0,0,0,0,0
61,5,6,0,1,0,0,0,0,0,0,0,0,0,0,0,0,0,0,0,0,0,0,0
62,6,7,0,0,0,0,0,0,0,1,0,0,1,0,0,0,0,0,0,0,0,0,0
63,7,7,0,1,0,0,0,0,0,0,0,0,0,0,0,0,0,0,0,0,0,0,0
64,7,8,0,1,0,0,0,0,0,0,0,0,0,0,0,0,0,0,0,0,0,0,0
65,7,7,0,1,0,0,0,0,0,0,0,0,0,0,0,0,0,0,0,0,0,0,0
66,7,2,0,0,0,0,0,0,1,0,0,0,0,0,0,0,0,0,0,0,0,0,0
67,7,7,0,1,0,0,0,0,0,0,0,0,0,0,0,0,0,0,0,0,0,0,0
68,7,9,0,0,0,0,0,0,1,0,0,0,0,0,0,0,0,0,0,0,0,0,0
69,7,2,0,0,0,0,0,0,0,0,1,0,0,0,0,0,0,0,0,0,0,0,0
70,7,5,0,1,0,0,0,0,0,0,0,0,0,0,0,0,0,0,0,0,0,0,0
71,7,7,0,1,0,0,0,0,0,0,0,0,0,0,0,0,0,0,0,0,0,0,0
72,7,9,0,1,0,0,0,0,0,0,0,0,0,0,0,0,0,0,0,0,0,0,0
73,7,2,0,0,0,0,0,0,0,0,1,0,0,0,0,0,0,0,0,0,0,0,0
74,7,9,0,1,0,0,0,0,0,0,0,0,0,0,0,0,0,0,0,0,0,0,0
75,7,2,0,0,0,0,0,0,0,0,1,0,0,0,0,0,0,0,0,0,0,0,0
76,7,9,0,1,0,0,0,0,0,0,0,0,0,0,0,0,0,0,0,0,0,0,0
77,8,7,0,1,0,0,0,0,0,1,1,0,0,0,0,0,0,0,0,0,0,0,0
78,8,7,0,1,0,0,0,0,0,0,0,0,0,0,0,0,0,0,0,0,0,0,0
79,8,10,0,1,0,1,0,0,0,0,0,0,0,0,0,0,0,0,0,0,0,0,0
80,8,2,0,0,0,0,0,0,0,0,0,1,0,0,0,0,0,0,0,0,0,0,0
81,8,10,0,1,0,1,0,0,0,0,0,0,0,0,0,0,0,0,0,0,0,0,0
82,8,4,0,0,0,0,0,0,0,0,0,1,0,0,0,0,0,0,0,0,0,0,0
83,8,10,0,0,0,1,0,0,0,0,0,0,0,0,0,0,0,0,0,0,0,0,0
84,8,4,0,0,0,0,0,0,0,0,0,1,0,0,0,0,0,0,0,0,0,0,0
85,8,2,0,0,0,0,0,0,0,0,0,1,0,0,0,0,0,0,0,0,0,0,0
86,8,4,0,0,0,0,0,0,0,0,0,1,0,0,0,0,0,0,0,0,0,0,0
87,8,10,0,1,0,1,0,0,0,0,0,0,0,0,0,0,0,0,0,0,0,0,0
88,8,7,0,1,0,1,0,0,0,0,0,0,0,0,0,0,0,0,0,0,0,0,0
89,8,4,0,1,0,0,0,0,0,0,0,0,0,0,0,0,0,0,0,0,0,0,0
90,8,2,0,0,0,1,0,0,0,0,0,0,0,0,0,0,0,0,0,0,0,0,0
91,8,4,0,1,0,0,0,0,0,0,0,0,0,0,0,0,0,0,0,0,0,0,0
92,8,7,0,1,0,1,0,0,0,0,0,0,0,0,0,0,0,0,0,0,0,0,0
93,9,7,0,1,0,1,0,0,0,0,0,0,0,0,0,0,0,0,0,0,0,0,0
94,9,3,0,0,0,0,0,0,1,0,0,0,0,0,0,0,0,0,0,0,0,0,0
95,9,7,0,0,1,0,0,0,0,0,0,0,0,0,0,0,0,0,0,0,0,0,0
96,9,7,0,1,0,1,0,0,0,0,0,0,0,0,0,0,0,0,0,0,0,0,0
97,9,2,0,0,0,0,0,0,1,0,0,0,0,0,0,0,0,0,0,0,0,0,0
98,9,4,0,1,0,0,0,0,0,0,0,0,0,0,0,0,0,0,0,0,0,0,0
99,9,7,0,1,0,0,0,0,0,0,0,0,0,0,0,0,0,0,0,0,0,0,0
100,9,2,0,0,0,0,0,0,1,0,0,0,0,0,0,0,0,0,0,0,0,0,0
101,9,7,0,1,0,0,0,0,0,0,0,0,0,0,0,0,0,0,0,0,0,0,0
102,10,2,0,0,0,1,0,0,0,0,0,0,0,0,0,0,0,0,0,0,0,0,0
103,10,4,0,1,0,0,0,0,0,0,0,0,0,0,0,0,0,0,0,0,0,0,0
104,10,2,0,0,0,1,0,0,0,0,0,0,0,0,0,0,0,0,0,0,0,0,0
105,10,4,0,1,0,0,0,0,0,0,0,0,0,0,0,0,0,0,0,0,0,0,0
106,10,2,0,0,0,1,0,0,0,0,0,0,0,0,0,0,0,0,0,0,0,0,0
107,10,4,0,1,0,0,0,0,0,0,0,0,0,0,0,0,0,0,0,0,0,0,0
108,10,2,0,0,0,1,0,0,0,0,0,0,0,0,0,0,0,0,0,0,0,0,0
109,10,4,0,1,0,0,0,0,0,0,0,0,0,0,0,0,0,0,0,0,0,0,0
110,10,2,0,0,0,1,0,0,0,0,0,0,0,0,0,0,0,0,0,0,0,0,0
111,10,4,0,1,0,0,0,0,0,0,0,0,0,0,0,0,0,0,0,0,0,0,0
112,10,2,0,0,0,1,0,0,0,0,0,0,0,0,0,0,0,0,0,0,0,0,0
113,10,4,0,1,0,0,0,0,0,0,0,0,0,0,0,0,0,0,0,0,0,0,0
114,10,2,0,0,0,1,0,0,0,0,0,0,0,0,0,0,0,0,0,0,0,0,0
115,10,4,0,1,0,0,0,0,0,0,0,0,0,0,0,0,0,0,0,0,0,0,0
116,10,2,0,0,0,1,0,0,0,0,0,0,0,0,0,0,0,0,0,0,0,0,0
117,10,4,0,1,0,0,0,0,0,0,0,0,0,0,0,0,0,0,0,0,0,0,0
118,10,2,0,0,0,1,0,0,0,0,0,0,0,0,0,0,0,0,0,0,0,0,0
119,10,4,0,1,0,0,0,0,0,0,0,0,0,0,0,0,0,0,0,0,0,0,0
120,10,2,0,0,0,1,0,0,0,0,0,0,0,0,0,0,0,0,0,0,0,0,0
121,10,4,0,1,0,0,0,0,0,0,0,0,0,0,0,0,0,0,0,0,0,0,0
122,11,7,0,0,1,0,0,0,0,0,0,0,0,0,0,0,0,0,0,0,0,0,0
123,12,7,0,1,0,1,0,0,0,0,0,0,0,0,0,0,0,0,0,0,0,0,0
124,12,4,0,1,0,0,0,0,0,0,0,0,0,0,0,0,0,0,0,0,0,0,0
125,12,2,0,0,0,1,0,0,0,0,0,0,0,0,0,0,0,0,0,0,0,0,0
126,13,7,0,1,0,1,0,0,0,0,0,0,0,0,0,0,0,0,0,0,0,0,0
127,14,7,0,0,1,0,0,0,0,0,0,0,0,0,0,0,0,0,0,0,0,0,0
128,14,3,0,0,0,0,0,0,1,0,1,0,0,0,0,0,0,0,0,0,0,0,0
129,14,9,0,0,1,0,0,0,0,0,0,0,0,0,0,0,0,0,0,0,0,0,0
130,14,7,0,0,1,0,0,0,0,0,1,0,0,0,0,0,0,0,0,0,0,0,0
131,14,3,0,1,0,0,0,0,0,0,0,0,0,0,0,0,0,0,0,0,0,0,0
132,14,3,0,1,0,0,0,0,0,0,0,0,0,0,0,0,0,0,0,0,0,0,0
133,15,3,0,1,0,1,0,0,0,0,0,0,0,0,0,0,0,0,0,0,0,0,0
134,15,2,0,0,1,0,0,0,0,0,0,0,0,0,0,0,0,0,0,0,0,0,0
135,15,3,0,1,0,0,0,0,0,0,0,0,0,0,0,0,0,0,0,0,0,0,0
136,15,2,0,0,1,0,0,0,0,0,0,0,0,0,0,0,0,0,0,0,0,0,0
137,15,3,0,1,0,0,0,0,0,0,0,0,0,0,0,0,0,0,0,0,0,0,0
138,15,2,0,0,1,0,0,0,0,0,0,0,0,0,0,0,0,0,0,0,0,0,0
139,15,4,0,1,0,0,0,0,0,0,0,0,0,0,0,0,0,0,0,0,0,0,0
140,15,2,0,0,0,1,0,0,0,0,0,0,0,0,0,0,0,0,0,0,0,0,0
141,15,4,0,1,0,0,0,0,0,0,0,0,0,0,0,0,0,0,0,0,0,0,0
142,15,3,0,1,0,1,0,0,0,0,0,0,0,0,0,0,0,0,0,0,0,0,0
143,15,3,0,1,0,0,0,0,0,0,0,0,0,0,0,0,0,0,0,0,0,0,0
144,15,2,0,0,1,0,0,0,0,0,0,0,0,0,0,0,0,0,0,0,0,0,0
145,15,3,0,1,0,1,0,0,0,0,0,0,0,0,0,0,0,0,0,0,0,0,0
146,15,4,0,0,1,0,0,0,0,0,0,0,0,0,0,0,0,0,0,0,0,0,0
147,15,3,0,1,0,1,0,0,0,0,0,0,0,0,0,0,0,0,0,0,0,0,0
148,15,3,0,1,0,0,0,0,0,0,0,0,0,0,0,0,0,0,0,0,0,0,0
149,15,3,0,1,0,0,0,0,0,0,0,0,0,0,0,0,0,0,0,0,0,0,0
150,16,2,0,0,0,1,0,0,0,0,0,0,0,0,0,0,0,0,0,0,0,0,0
151,16,4,0,1,0,0,0,0,0,0,0,0,0,0,0,0,0,0,0,0,0,0,0
152,16,2,0,0,0,1,0,0,0,0,0,0,0,0,0,0,0,0,0,0,0,0,0
153,16,4,0,1,0,0,0,0,0,0,0,0,0,0,0,0,0,0,0,0,0,0,0
154,17,3,0,1,0,1,0,0,0,0,0,0,0,0,0,0,0,0,0,0,0,0,0
155,17,4,0,0,1,0,0,0,0,0,0,0,0,0,0,0,0,0,0,0,0,0,0
156,17,3,0,0,0,1,0,0,0,0,0,0,0,0,0,0,0,0,0,0,0,0,0
157,17,4,0,0,1,0,0,0,0,0,0,0,0,0,0,0,0,0,0,0,0,0,0
158,17,2,0,0,1,0,0,0,0,0,0,0,0,0,0,0,0,0,0,0,0,0,0
159,17,3,0,1,0,0,0,0,0,0,0,0,0,0,0,0,0,0,0,0,0,0,0
160,17,2,0,0,1,0,0,0,0,0,0,0,0,0,0,0,0,0,0,0,0,0,0
161,17,3,0,1,0,0,0,0,0,0,0,0,0,0,0,0,0,0,0,0,0,0,0
162,17,4,0,1,1,0,0,0,0,0,0,0,0,0,0,0,0,0,0,0,0,0,0
163,18,7,0,1,0,1,0,0,0,0,0,0,0,0,0,0,0,0,0,0,0,0,0
164,18,7,0,1,0,0,0,0,0,0,0,0,0,0,0,0,0,0,0,0,0,0,0
165,18,7,0,1,0,1,0,0,0,0,0,0,0,0,0,0,0,0,0,0,0,0,0
166,18,4,0,0,0,0,0,0,1,0,0,0,0,0,0,0,0,0,0,0,0,0,0
167,18,7,0,0,0,1,0,0,0,0,0,0,0,0,0,0,0,0,0,0,0,0,0
168,18,7,0,1,0,1,0,0,0,0,0,0,0,0,0,0,0,0,0,0,0,0,0
169,18,7,0,1,0,1,0,0,0,0,0,0,0,0,0,0,0,0,0,0,0,0,0
170,18,7,0,1,0,1,0,0,0,0,0,0,0,0,0,0,0,0,0,0,0,0,0
171,18,7,0,1,0,1,0,0,0,0,0,0,0,0,0,0,0,0,0,0,0,0,0
172,18,7,0,0,0,0,0,0,0,1,0,0,1,0,0,0,0,0,0,0,0,0,0
173,19,11,0,0,0,1,0,0,0,0,0,0,0,0,0,0,0,0,0,0,0,0,0
174,19,4,0,0,0,0,0,0,0,0,0,0,1,0,0,0,0,0,0,0,0,0,0
175,19,8,0,0,0,1,0,0,0,0,0,0,0,0,0,0,0,0,0,0,0,0,0
176,19,4,0,0,0,0,0,0,0,1,0,0,0,0,0,0,0,0,0,0,0,0,0
177,19,8,0,0,0,1,0,0,0,0,0,0,0,0,0,0,0,0,0,0,0,0,0
178,19,11,0,0,0,1,0,0,0,0,0,0,0,0,0,0,0,0,0,0,0,0,0
179,19,8,0,0,0,1,0,0,0,0,0,0,0,0,0,0,0,0,0,0,0,0,0
180,19,4,0,0,0,0,0,0,0,1,0,0,1,0,0,0,0,0,0,0,0,0,0
181,19,4,0,1,0,0,0,0,0,0,0,0,0,0,0,0,0,0,0,0,0,0,0
182,19,4,0,1,0,0,0,0,0,0,0,0,0,0,0,0,0,0,0,0,0,0,0
183,19,7,0,1,0,1,0,0,0,0,0,0,0,0,0,0,0,0,0,0,0,0,0
184,19,4,0,0,0,0,0,0,1,0,0,0,0,1,0,0,0,0,0,0,0,0,0
185,19,7,0,0,0,1,0,0,0,0,0,0,0,0,0,0,0,0,0,0,0,0,0
186,19,12,0,1,0,1,0,0,0,0,0,0,0,0,0,0,0,0,0,0,0,0,0
187,19,4,0,0,0,0,0,0,0,0,0,0,0,1,0,0,0,0,0,0,0,0,0
188,19,12,0,1,0,0,0,0,0,0,0,0,0,0,0,0,0,0,0,0,0,0,0
189,19,2,0,0,0,0,0,0,0,0,0,0,0,1,0,0,0,0,0,0,0,0,0
190,19,12,0,1,0,0,0,0,0,0,0,0,0,0,0,0,0,0,0,0,0,0,0
191,19,2,0,0,0,0,0,0,0,0,0,0,0,1,0,0,0,0,0,0,0,0,0
192,19,12,0,1,0,0,0,0,0,0,0,0,0,0,0,0,0,0,0,0,0,0,0
193,19,2,0,0,0,0,0,0,0,0,0,0,0,1,0,0,0,0,0,0,0,0,0
194,19,12,0,1,0,0,0,0,0,0,0,0,0,0,0,0,0,0,0,0,0,0,0
195,19,2,0,0,0,0,0,0,0,0,0,0,0,1,0,0,0,0,0,0,0,0,0
196,19,12,0,1,0,0,0,0,0,0,0,0,0,0,0,0,0,0,0,0,0,0,0
197,19,2,0,0,0,0,0,0,0,0,0,0,0,1,0,0,0,0,0,0,0,0,0
198,19,12,0,1,0,0,0,0,0,0,0,0,0,0,0,0,0,0,0,0,0,0,0
199,19,2,0,0,0,0,0,0,0,0,0,0,0,1,0,0,0,0,0,0,0,0,0
200,19,12,0,1,0,0,0,0,0,0,0,0,0,0,0,0,0,0,0,0,0,0,0
201,19,2,0,0,0,0,0,0,0,0,0,0,0,1,0,0,0,0,0,0,0,0,0
202,19,12,0,1,0,0,0,0,0,0,0,0,0,0,0,0,0,0,0,0,0,0,0
203,19,12,0,1,0,0,0,0,0,0,0,0,0,0,0,0,0,0,0,0,0,0,0
204,19,7,0,1,0,0,0,0,0,0,0,0,0,0,0,0,0,0,0,0,0,0,0
205,19,4,0,1,0,0,0,0,0,0,0,0,0,0,0,0,0,0,0,0,0,0,0
206,19,2,0,0,0,1,0,0,0,0,0,0,0,0,0,0,0,0,0,0,0,0,0
207,19,6,0,1,0,1,0,0,1,1,0,0,1,1,0,0,0,0,0,0,0,0,0
208,19,6,0,1,0,1,0,0,0,0,0,0,0,0,0,0,0,0,0,0,0,0,0
209,20,6,0,0,0,0,0,0,0,0,0,0,0,1,0,0,0,0,0,0,0,0,0
210,20,12,0,0,0,0,0,1,0,0,0,0,0,0,0,0,0,0,0,0,0,0,0
211,20,6,0,0,0,0,0,0,0,0,0,0,0,1,0,0,0,0,0,0,0,0,0
212,20,12,0,0,0,0,0,1,0,0,0,0,0,0,0,0,0,0,0,0,0,0,0
213,20,6,0,0,0,0,0,0,0,0,0,0,0,1,0,0,0,0,0,0,0,0,0
214,20,12,0,0,0,0,0,1,0,0,0,0,0,0,0,0,0,0,0,0,0,0,0
215,20,6,0,0,0,0,0,0,0,0,0,0,0,1,0,0,0,0,0,0,0,0,0
216,20,12,0,0,0,0,0,1,0,0,0,0,0,0,0,0,0,0,0,0,0,0,0
217,21,1,0,1,0,0,0,0,0,0,0,0,0,0,0,0,0,0,0,0,0,0,0
218,21,2,1,0,0,0,0,0,0,0,0,0,0,0,0,0,0,0,0,0,0,0,0
219,22,1,0,1,0,0,0,0,0,0,0,0,0,0,0,0,0,0,0,0,0,0,0
220,22,2,1,0,0,0,0,0,0,0,0,0,0,0,0,0,0,0,0,0,0,0,0
221,22,1,0,1,0,0,0,0,0,0,0,0,0,0,0,0,0,0,0,0,0,0,0
222,22,2,1,0,0,0,0,0,0,0,0,0,0,0,0,0,0,0,0,0,0,0,0
223,22,1,0,1,0,0,0,0,0,0,0,0,0,0,0,0,0,0,0,0,0,0,0
224,22,2,1,0,0,0,0,0,0,0,0,0,0,0,0,0,0,0,0,0,0,0,0
225,22,1,0,1,0,0,0,0,0,0,0,0,0,0,0,0,0,0,0,0,0,0,0
226,22,2,1,0,0,0,0,0,0,0,0,0,0,0,0,0,0,0,0,0,0,0,0
227,22,1,0,1,0,0,0,0,0,0,0,0,0,0,0,0,0,0,0,0,0,0,0
228,22,2,1,0,0,0,0,0,0,0,0,0,0,0,0,0,0,0,0,0,0,0,0
229,22,1,0,1,0,0,0,0,0,0,0,0,0,0,0,0,0,0,0,0,0,0,0
230,22,2,1,0,0,0,0,0,0,0,0,0,0,0,0,0,0,0,0,0,0,0,0
231,22,1,0,1,0,0,0,0,0,0,0,0,0,0,0,0,0,0,0,0,0,0,0
232,22,1,0,1,0,0,0,0,0,0,0,0,0,0,0,0,0,0,0,0,0,0,0
233,22,2,1,0,0,0,0,0,0,0,0,0,0,0,0,0,0,0,0,0,0,0,0
234,22,1,0,1,0,0,0,0,0,0,0,0,0,0,0,0,0,0,0,0,0,0,0
235,22,2,1,0,0,0,0,0,0,0,0,0,0,0,0,0,0,0,0,0,0,0,0
236,22,1,0,1,0,0,0,0,0,0,0,0,0,0,0,0,0,0,0,0,0,0,0
237,22,2,1,0,0,0,0,0,0,0,0,0,0,0,0,0,0,0,0,0,0,0,0
238,22,1,0,1,0,0,0,0,0,0,0,0,0,0,0,0,0,0,0,0,0,0,0
239,22,2,1,0,0,0,0,0,0,0,0,0,0,0,0,0,0,0,0,0,0,0,0
240,22,1,0,1,0,0,0,0,0,0,0,0,0,0,0,0,0,0,0,0,0,0,0
241,22,2,1,0,0,0,0,0,0,0,0,0,0,0,0,0,0,0,0,0,0,0,0
242,22,1,0,1,0,0,0,0,0,0,0,0,0,0,0,0,0,0,0,0,0,0,0
243,23,13,0,0,0,0,0,0,0,0,0,0,0,0,0,1,0,0,0,0,0,0,0
244,24,14,1,0,0,0,0,0,0,0,0,0,0,0,0,0,0,0,0,0,0,0,0
245,25,1,0,1,0,0,0,0,0,0,0,0,0,0,0,0,0,0,0,0,0,0,0
246,25,14,0,1,0,0,0,0,0,0,0,0,0,0,0,0,0,0,0,0,0,0,0
247,25,2,0,0,0,0,0,0,0,0,0,0,0,0,0,1,0,0,0,0,0,0,0
248,25,14,0,0,1,0,0,0,0,0,0,0,0,0,0,0,0,0,0,0,0,0,0
249,25,3,0,0,0,0,0,0,0,0,0,0,0,0,0,1,0,0,0,0,0,0,0
250,25,14,0,0,1,0,0,0,0,0,0,0,0,0,0,0,0,0,0,0,0,0,0
251,25,3,0,0,0,0,0,0,0,0,0,0,0,0,0,1,0,0,0,0,0,0,0
252,25,14,0,0,1,0,0,0,0,0,0,0,0,0,0,0,0,0,0,0,0,0,0
253,25,3,0,0,0,0,0,0,0,0,0,0,0,0,0,1,0,0,0,0,0,0,0
254,25,14,0,0,1,0,0,0,0,0,0,0,0,0,0,0,0,0,0,0,0,0,0
255,25,4,0,0,0,0,0,0,0,0,0,0,0,0,0,1,0,0,0,0,0,0,0
256,25,3,0,0,0,0,0,0,0,0,0,0,0,0,0,1,0,0,0,0,0,0,0
257,25,14,0,0,1,0,0,0,0,0,0,0,0,0,0,0,0,0,0,0,0,0,0
258,25,14,0,0,1,0,0,0,0,0,0,0,0,0,0,0,0,0,0,0,0,0,0
259,25,3,0,0,0,0,0,0,0,0,0,0,0,0,0,1,0,0,0,0,0,0,0
260,25,14,0,0,1,0,0,0,0,0,0,0,0,0,0,0,0,0,0,0,0,0,0
261,25,14,0,0,1,0,0,0,0,0,0,0,0,0,0,0,0,0,0,0,0,0,0
262,26,5,0,0,0,1,0,0,0,0,0,0,0,0,0,0,0,0,0,0,0,0,0
263,26,5,0,1,0,0,0,0,0,0,0,0,0,0,0,0,0,0,0,0,0,0,0
264,27,1,0,1,0,0,0,0,0,0,0,0,0,0,0,0,0,0,0,0,0,0,0
265,27,2,1,0,0,0,0,0,0,0,0,0,0,0,0,0,0,0,0,0,0,0,0
266,27,1,0,1,0,0,0,0,0,0,0,0,0,0,0,0,0,0,0,0,0,0,0
267,27,2,1,0,0,0,0,0,0,0,0,0,0,0,0,0,0,0,0,0,0,0,0
268,27,1,0,1,0,0,0,0,0,0,0,0,0,0,0,0,0,0,0,0,0,0,0
269,28,4,0,1,0,0,0,0,0,0,0,0,0,0,0,0,0,0,0,0,0,0,0
270,28,2,0,0,0,1,0,0,0,0,0,0,0,0,0,0,0,0,0,0,0,0,0
271,29,2,0,0,0,0,1,0,0,0,0,0,0,0,0,0,0,0,0,0,0,0,0
272,29,5,0,1,0,0,0,0,0,0,0,0,0,0,0,0,0,0,0,0,0,0,0
273,29,2,0,0,0,0,1,0,0,0,0,0,0,0,0,0,0,0,0,0,0,0,0
274,29,5,0,1,0,0,0,0,0,0,0,0,0,0,0,0,0,0,0,0,0,0,0
275,29,2,0,0,0,0,1,0,0,0,0,0,0,0,0,0,0,0,0,0,0,0,0
276,29,5,0,1,0,0,0,0,0,0,0,0,0,0,0,0,0,0,0,0,0,0,0
277,29,2,0,0,0,0,1,0,0,0,0,0,0,0,0,0,0,0,0,0,0,0,0
278,29,5,0,1,0,0,0,0,0,0,0,0,0,0,0,0,0,0,0,0,0,0,0
279,29,2,0,0,0,0,1,0,0,0,0,0,0,0,0,0,0,0,0,0,0,0,0
280,29,5,0,1,0,0,0,0,0,0,0,0,0,0,0,0,0,0,0,0,0,0,0
281,30,12,0,0,0,0,0,1,0,0,0,0,0,0,0,0,0,0,0,0,0,0,0
282,30,6,0,0,0,0,0,0,0,0,0,0,0,1,0,0,0,0,0,0,0,0,0
283,30,12,0,0,0,0,0,1,0,0,0,0,0,0,0,0,0,0,0,0,0,0,0
284,30,6,0,0,0,0,0,0,0,0,0,0,0,1,0,0,0,0,0,0,0,0,0
285,30,12,0,0,0,0,0,1,0,0,0,0,0,0,0,0,0,0,0,0,0,0,0
286,30,6,0,0,0,0,0,0,0,0,0,0,0,1,0,0,0,0,0,0,0,0,0
287,30,12,0,0,0,0,0,1,0,0,0,0,0,0,0,0,0,0,0,0,0,0,0
288,30,6,0,0,0,0,0,0,0,0,0,0,0,1,0,0,0,0,0,0,0,0,0
289,30,12,0,0,0,0,0,1,0,0,0,0,0,0,0,0,0,0,0,0,0,0,0
290,31,3,0,1,0,0,0,0,0,0,0,0,0,0,0,0,0,0,0,0,0,0,0
291,31,2,0,0,1,0,0,0,0,0,0,0,0,0,0,0,0,0,0,0,0,0,0
292,31,3,0,1,0,0,0,0,0,0,0,0,0,0,0,0,0,0,0,0,0,0,0
293,31,2,0,0,1,0,0,0,0,0,0,0,0,0,0,0,0,0,0,0,0,0,0
294,31,3,0,1,0,0,0,0,0,0,0,0,0,0,0,0,0,0,0,0,0,0,0
295,31,2,0,0,1,0,0,0,0,0,0,0,0,0,0,0,0,0,0,0,0,0,0
296,31,3,0,1,0,0,0,0,0,0,0,0,0,0,0,0,0,0,0,0,0,0,0
297,31,2,0,0,1,0,0,0,0,0,0,0,0,0,0,0,0,0,0,0,0,0,0
298,31,3,0,1,0,0,0,0,0,0,0,0,0,0,0,0,0,0,0,0,0,0,0
299,31,2,0,0,1,0,0,0,0,0,0,0,0,0,0,0,0,0,0,0,0,0,0
300,31,3,0,1,0,0,0,0,0,0,0,0,0,0,0,0,0,0,0,0,0,0,0
301,31,2,0,0,1,0,0,0,0,0,0,0,0,0,0,0,0,0,0,0,0,0,0
302,31,3,0,1,0,0,0,0,0,0,0,0,0,0,0,0,0,0,0,0,0,0,0
303,31,2,0,0,1,0,0,0,0,0,0,0,0,0,0,0,0,0,0,0,0,0,0
304,31,3,0,1,0,0,0,0,0,0,0,0,0,0,0,0,0,0,0,0,0,0,0
305,32,4,0,0,0,0,0,0,1,0,0,0,0,0,0,0,0,0,0,0,0,0,0
306,32,3,0,0,0,1,0,0,0,0,0,0,0,0,0,0,0,0,0,0,0,0,0
307,32,4,0,0,1,0,0,0,0,0,0,0,0,0,0,0,0,0,0,0,0,0,0
308,32,3,0,0,0,1,0,0,0,0,0,0,0,0,0,0,0,0,0,0,0,0,0
309,32,4,0,0,1,0,0,0,0,0,0,0,0,0,0,0,0,0,0,0,0,0,0
310,32,5,0,1,0,0,0,0,0,0,0,0,0,0,0,0,0,0,0,0,0,0,0
311,32,2,0,0,0,0,0,0,0,0,0,0,0,0,0,1,0,0,0,0,0,0,0
312,32,5,0,1,0,0,0,0,0,0,0,0,0,0,0,0,0,0,0,0,0,0,0
313,32,14,0,1,0,0,0,0,0,0,0,0,0,0,0,0,0,0,0,0,0,0,0
314,32,2,0,0,0,0,0,0,0,0,0,0,0,0,0,1,0,0,0,0,0,0,0
315,32,5,0,1,0,0,0,0,0,0,0,0,0,0,0,0,0,0,0,0,0,0,0
316,32,2,0,0,0,0,1,0,0,0,0,0,0,0,0,0,0,0,0,0,0,0,0
317,33,7,0,1,1,1,0,0,0,0,0,0,0,0,0,0,0,0,0,0,0,0,0
318,33,3,0,0,0,0,0,0,1,0,0,0,0,0,0,0,0,0,0,0,0,0,0
319,33,7,0,1,1,1,0,0,0,0,0,0,0,0,0,0,0,0,0,0,0,0,0
320,33,3,0,0,0,0,0,0,1,0,0,0,0,0,0,0,0,0,0,0,0,0,0
321,33,7,0,1,1,1,0,0,0,0,0,0,0,0,0,0,0,0,0,0,0,0,0
322,33,7,0,1,0,0,0,0,0,0,0,0,0,0,0,0,0,0,0,0,0,0,0
323,33,7,0,1,1,1,0,0,0,0,0,0,0,0,0,0,0,0,0,0,0,0,0
324,34,3,0,1,0,1,0,0,0,0,0,0,0,0,0,0,0,0,0,0,0,0,0
325,34,4,0,0,1,0,0,0,0,0,0,0,0,0,0,0,0,0,0,0,0,0,0
326,34,3,0,1,0,1,0,0,0,0,0,0,0,0,0,0,0,0,0,0,0,0,0
327,34,4,0,0,1,0,0,0,0,0,0,0,0,0,0,0,0,0,0,0,0,0,0
328,34,3,0,0,0,1,0,0,0,0,0,0,0,0,0,0,0,0,0,0,0,0,0
329,34,2,0,0,1,0,0,0,0,0,0,0,0,0,0,0,0,0,0,0,0,0,0
330,34,3,0,1,0,1,0,0,0,0,0,0,0,0,0,0,0,0,0,0,0,0,0
331,34,2,0,0,1,0,0,0,0,0,0,0,0,0,0,0,0,0,0,0,0,0,0
332,34,3,0,1,0,1,0,0,0,0,0,0,0,0,0,0,0,0,0,0,0,0,0
333,34,4,0,1,0,0,0,0,0,0,0,0,0,0,0,0,0,0,0,0,0,0,0
334,34,2,0,0,1,0,0,0,0,0,0,0,0,0,0,0,0,0,0,0,0,0,0
335,34,3,0,1,0,1,0,0,0,0,0,0,0,0,0,0,0,0,0,0,0,0,0
336,35,3,0,1,0,1,0,0,0,0,0,0,0,0,0,0,0,0,0,0,0,0,0
337,35,3,0,1,0,1,0,0,0,0,0,0,0,0,0,0,0,0,0,0,0,0,0
338,35,2,0,0,1,0,0,0,0,0,0,0,0,0,0,0,0,0,0,0,0,0,0
339,35,3,0,1,0,1,0,0,0,0,0,0,0,0,0,0,0,0,0,0,0,0,0
340,35,4,0,1,1,0,0,0,0,0,0,0,0,0,0,0,0,0,0,0,0,0,0
341,35,3,0,1,0,1,0,0,0,0,0,0,0,0,0,0,0,0,0,0,0,0,0
342,35,3,0,1,0,1,0,0,0,0,0,0,0,0,0,0,0,0,0,0,0,0,0
343,35,2,0,0,1,0,0,0,0,0,0,0,0,0,0,0,0,0,0,0,0,0,0
344,35,3,0,1,0,1,0,0,0,0,0,0,0,0,0,0,0,0,0,0,0,0,0
345,35,2,0,0,1,0,0,0,0,0,0,0,0,0,0,0,0,0,0,0,0,0,0
346,35,3,0,1,0,1,0,0,0,0,0,0,0,0,0,0,0,0,0,0,0,0,0
347,35,4,0,0,1,0,0,0,0,0,0,0,0,0,0,0,0,0,0,0,0,0,0
348,35,3,0,1,0,1,0,0,0,0,0,0,0,0,0,0,0,0,0,0,0,0,0
349,35,2,0,0,1,0,0,0,0,0,0,0,0,0,0,0,0,0,0,0,0,0,0
350,35,3,0,1,0,1,0,0,0,0,0,0,0,0,0,0,0,0,0,0,0,0,0
351,36,15,0,1,0,0,0,0,0,0,0,0,0,0,0,0,0,0,0,0,0,0,0
352,36,2,0,0,0,0,0,0,0,0,0,0,0,0,0,0,1,0,0,0,0,0,0
353,36,15,0,1,0,0,0,0,0,0,0,0,0,0,0,0,0,0,0,0,0,0,0
354,36,2,0,0,0,0,0,0,0,0,0,0,0,0,0,0,1,0,0,0,0,0,0
355,36,15,0,1,0,0,0,0,0,0,0,0,0,0,0,0,0,0,0,0,0,0,0
356,36,2,0,0,0,0,0,0,0,0,0,0,0,0,0,0,1,0,0,0,0,0,0
357,36,15,0,1,0,0,0,0,0,0,0,0,0,0,0,0,0,0,0,0,0,0,0
358,36,2,0,0,0,0,0,0,0,0,0,0,0,0,0,0,1,0,0,0,0,0,0
359,36,15,0,1,0,0,0,0,0,0,0,0,0,0,0,0,0,0,0,0,0,0,0
360,36,2,0,0,0,0,0,0,0,0,0,0,0,0,0,0,1,0,0,0,0,0,0
361,36,15,0,1,0,0,0,0,0,0,0,0,0,0,0,0,0,0,0,0,0,0,0
362,36,2,0,0,0,0,0,0,0,0,0,0,0,0,0,0,1,0,0,0,0,0,0
363,36,15,0,1,0,0,0,0,0,0,0,0,0,0,0,0,0,0,0,0,0,0,0
364,36,15,0,1,0,0,0,0,0,0,0,0,0,0,0,0,0,0,0,0,0,0,0
365,36,15,0,0,0,1,0,0,0,0,0,0,0,0,0,0,0,0,0,0,0,0,0
366,36,4,0,0,0,0,0,0,0,0,0,0,0,0,0,0,1,0,0,0,0,0,0
367,36,4,0,1,0,0,0,0,0,0,0,0,0,0,0,0,0,0,0,0,0,0,0
368,36,2,0,0,0,1,0,0,0,0,0,0,0,0,0,0,0,0,0,0,0,0,0
369,36,4,0,1,0,0,0,0,0,0,0,0,0,0,0,0,0,0,0,0,0,0,0
370,36,9,0,1,0,1,0,0,0,0,0,0,0,0,0,0,0,0,0,0,0,0,0
371,36,2,0,0,0,0,0,0,0,0,1,0,0,0,0,0,0,0,0,0,0,0,0
372,36,9,0,1,0,0,0,0,0,0,0,0,0,0,0,0,0,0,0,0,0,0,0
373,37,10,0,0,0,0,0,0,0,0,0,0,0,0,0,0,0,1,0,0,0,0,0
374,37,16,0,0,0,0,0,0,0,0,0,1,0,0,0,0,0,0,0,0,0,0,0
375,37,10,0,0,0,0,0,0,0,0,0,0,0,0,0,0,0,1,0,0,0,0,0
376,37,10,0,0,0,0,0,0,0,0,0,0,0,0,0,0,0,1,0,0,0,0,0
377,37,16,0,0,0,0,0,0,0,0,0,1,0,0,0,0,0,0,0,0,0,0,0
378,38,3,0,1,0,1,0,0,0,0,0,0,0,0,0,0,0,0,0,0,0,0,0
379,38,2,0,0,1,0,0,0,0,0,0,0,0,0,0,0,0,0,0,0,0,0,0
380,38,3,0,1,0,1,0,0,0,0,0,0,0,0,0,0,0,0,0,0,0,0,0
381,38,3,0,1,0,0,0,0,0,0,0,0,0,0,0,0,0,0,0,0,0,0,0
382,38,2,0,0,1,0,0,0,0,0,0,0,0,0,0,0,0,0,0,0,0,0,0
383,38,3,0,1,0,0,0,0,0,0,0,0,0,0,0,0,0,0,0,0,0,0,0
384,39,17,0,1,0,1,0,0,0,0,0,0,0,0,0,0,0,0,0,0,0,0,0
385,39,2,0,0,0,0,0,0,0,0,0,0,0,0,0,0,0,0,1,0,0,0,0
386,39,17,0,1,0,1,0,0,0,0,0,0,0,0,0,0,0,0,0,0,0,0,0
387,39,2,0,0,0,0,0,0,0,0,0,0,0,0,0,0,0,0,1,0,0,0,0
388,39,17,0,1,0,0,0,0,0,0,0,0,0,0,0,0,0,0,0,0,0,0,0
389,39,17,0,0,0,1,0,0,0,0,0,0,0,0,0,0,0,0,0,0,0,0,0
390,39,17,0,1,1,1,0,0,0,0,0,0,0,0,0,0,0,0,0,0,0,0,0
391,39,3,0,0,0,0,0,0,0,0,0,0,0,0,0,0,0,0,1,0,0,0,0
392,39,3,0,1,0,1,0,0,0,0,0,0,0,0,0,0,0,0,0,0,0,0,0
393,40,4,0,1,0,0,0,0,0,0,0,0,0,0,0,0,0,0,0,0,0,0,0
394,40,2,0,0,0,1,0,0,0,0,0,0,0,0,0,0,0,0,0,0,0,0,0
395,40,4,0,1,0,0,0,0,0,0,0,0,0,0,0,0,0,0,0,0,0,0,0
396,40,18,0,0,0,0,0,0,0,0,0,0,0,0,0,0,0,0,0,0,1,0,0
397,40,2,0,0,0,0,0,0,0,0,0,0,0,0,0,0,0,0,0,1,0,0,0
398,40,19,0,0,0,0,0,0,0,0,0,0,0,0,0,0,0,0,0,1,0,0,0
399,40,18,0,0,0,0,0,0,0,0,0,0,0,0,0,0,0,0,0,0,1,0,0
400,40,18,0,1,0,0,0,0,0,0,0,0,0,0,0,0,0,0,0,0,0,0,0
401,40,19,0,1,0,0,0,0,0,0,0,0,0,0,0,0,0,0,0,1,0,0,0
402,40,2,0,0,0,0,0,0,0,0,0,0,0,0,0,0,0,0,0,0,1,0,0
403,40,19,0,1,0,0,0,0,0,0,0,0,0,0,0,0,0,0,0,0,0,0,0
404,40,18,0,1,0,0,0,0,0,0,0,0,0,0,0,0,0,0,0,0,0,0,0
405,40,2,0,0,0,0,0,0,0,0,0,0,0,0,0,0,0,0,0,1,0,0,0
406,40,18,0,1,0,0,0,0,0,0,0,0,0,0,0,0,0,0,0,0,0,0,0
407,40,2,0,0,0,0,0,0,0,0,0,0,0,0,0,0,0,0,0,1,0,0,0
408,40,19,0,1,0,0,0,0,0,0,0,0,0,0,0,0,0,0,0,0,0,0,0
409,40,2,0,0,0,0,0,0,0,0,0,0,0,0,0,0,0,0,0,0,1,0,0
410,40,18,0,1,0,0,0,0,0,0,0,0,0,0,0,0,0,0,0,0,0,0,0
411,40,2,0,0,0,0,0,0,0,0,0,0,0,0,0,0,0,0,0,1,0,0,0
412,40,2,0,0,0,0,0,0,0,0,0,0,0,0,0,0,0,0,0,1,1,0,0
413,40,19,0,1,0,0,0,0,0,0,0,0,0,0,0,0,0,0,0,0,0,0,0
414,40,18,0,1,0,0,0,0,0,0,0,0,0,0,0,0,0,0,0,0,0,0,0
415,40,2,0,0,0,0,0,0,0,0,0,0,0,0,0,0,0,0,0,1,0,0,0
416,40,18,0,1,0,0,0,0,0,0,0,0,0,0,0,0,0,0,0,0,0,0,0
417,41,3,0,1,0,0,0,0,0,0,0,0,0,0,0,0,0,0,0,0,0,0,0
418,41,4,0,0,1,0,0,0,0,0,0,0,0,0,0,0,0,0,0,0,0,0,0
419,41,3,0,1,0,0,0,0,0,0,0,0,0,0,0,0,0,0,0,0,0,0,0
420,41,2,0,0,1,0,0,0,0,0,0,0,0,0,0,0,0,0,0,0,0,0,0
421,41,4,0,1,1,0,0,0,0,0,0,0,0,0,0,0,0,0,0,0,0,0,0
422,41,3,0,1,0,0,0,0,0,0,0,0,0,0,0,0,0,0,0,0,0,0,0
423,41,2,0,0,1,0,0,0,0,0,0,0,0,0,0,0,0,0,0,0,0,0,0
424,41,2,0,0,1,1,0,0,0,0,0,0,0,0,0,0,0,0,0,0,0,0,0
425,41,3,0,1,0,0,0,0,0,0,0,0,0,0,0,0,0,0,0,0,0,0,0
426,42,2,0,0,0,1,0,0,0,0,0,0,0,0,0,0,0,0,0,0,0,0,0
427,43,12,0,1,0,0,0,0,0,0,0,0,0,0,0,0,0,0,0,0,0,0,0
428,43,12,0,1,0,0,0,0,0,0,0,0,0,0,0,0,0,0,0,0,0,0,0
429,43,12,0,1,0,0,0,0,0,0,0,0,0,0,0,0,0,0,0,0,0,0,0
430,44,2,0,0,0,0,0,0,0,0,1,0,0,0,0,0,0,0,0,0,0,0,0
431,44,9,0,1,0,0,0,0,0,0,0,0,0,0,0,0,0,0,0,0,0,0,0
432,45,10,0,0,0,0,0,0,0,0,0,0,0,0,0,0,0,0,0,0,0,1,1
433,45,20,0,0,0,0,0,0,0,0,0,1,0,0,0,0,0,0,0,0,0,0,0
434,45,10,0,0,0,0,0,0,0,0,0,0,0,0,0,0,0,0,0,0,0,0,1
435,45,21,0,0,0,0,0,0,0,0,0,1,0,0,0,0,0,0,0,0,0,0,0
436,45,10,0,0,0,0,0,0,0,0,0,0,0,0,0,0,0,0,0,0,0,0,1
437,45,21,0,0,0,0,0,0,0,0,0,1,0,0,0,0,0,0,0,0,0,0,0
438,46,2,0,0,1,0,0,0,0,0,1,0,0,0,0,0,0,0,0,0,0,0,0
439,46,3,0,1,0,0,0,0,0,0,0,0,0,0,0,0,0,0,0,0,0,0,0
440,46,7,0,0,0,0,0,0,0,1,0,0,1,0,0,0,0,0,0,0,0,0,0
441,46,3,0,1,0,0,0,0,0,0,0,0,0,0,0,0,0,0,0,0,0,0,0
442,47,10,0,0,0,0,0,0,0,0,0,0,0,0,0,0,0,0,0,1,0,0,0
443,47,18,0,0,0,0,0,0,0,0,0,1,0,0,0,0,0,0,0,0,0,0,0
444,47,10,0,0,0,0,0,0,0,0,0,0,0,0,0,0,0,0,0,1,0,0,0
445,48,10,0,0,0,0,0,0,0,0,0,0,0,0,0,0,1,0,0,0,0,0,0
446,48,15,0,0,0,0,0,0,0,0,0,1,0,0,0,0,0,0,0,0,0,0,0
447,49,10,0,0,0,0,0,0,0,0,0,0,0,0,0,0,0,0,1,0,0,0,0
448,49,17,0,0,0,0,0,0,0,0,0,1,0,0,0,0,0,0,0,0,0,0,0
449,49,10,0,0,0,0,0,0,0,0,0,0,0,0,0,0,0,0,1,0,0,0,0
450,49,17,0,0,0,0,0,0,0,0,0,1,0,0,0,0,0,0,0,0,0,0,0
451,50,9,0,1,0,0,0,0,0,0,0,0,0,0,0,0,0,0,0,0,0,0,0
452,50,2,0,0,0,0,0,0,0,0,1,0,0,0,0,0,0,0,0,0,0,0,0
453,50,9,0,1,0,0,0,0,0,0,0,0,0,0,0,0,0,0,0,0,0,0,0
454,50,7,0,0,0,0,0,0,0,0,1,0,0,0,0,0,0,0,0,0,0,0,0
455,50,7,0,1,0,0,0,0,0,0,0,0,0,0,0,0,0,0,0,0,0,0,0
456,50,2,0,0,0,0,0,0,1,0,0,0,0,0,0,0,0,0,0,0,0,0,0
457,50,7,0,1,0,0,0,0,0,0,0,0,0,0,0,0,0,0,0,0,0,0,0
458,51,7,0,1,0,0,0,0,0,0,0,0,0,0,0,0,0,0,0,0,0,0,0
459,51,17,0,1,0,0,0,0,0,0,0,0,0,0,0,0,0,0,0,0,0,0,0
460,51,2,0,0,0,0,0,0,0,0,0,0,0,0,0,0,0,0,1,0,0,0,0
461,51,17,0,1,0,0,0,0,0,0,0,0,0,0,0,0,0,0,0,0,0,0,0
462,52,10,0,1,0,0,0,0,0,0,0,0,0,0,0,0,0,0,0,0,0,0,0
463,52,10,0,1,0,0,0,0,0,0,0,0,0,0,0,0,0,0,0,0,0,0,0
464,52,2,0,0,0,0,0,0,0,0,0,1,0,0,0,0,0,0,0,0,0,0,0
465,52,10,0,1,0,0,0,0,0,0,0,0,0,0,0,0,0,0,0,0,0,0,0
466,52,2,0,0,0,0,0,0,0,0,0,1,0,0,0,0,0,0,0,0,0,0,0
467,52,10,0,1,0,0,0,0,0,0,0,0,0,0,0,0,0,0,0,0,0,0,0
468,52,2,0,0,0,0,0,0,0,0,0,1,0,0,0,0,0,0,0,0,0,0,0
469,52,10,0,1,0,0,0,0,0,0,0,0,0,0,0,0,0,0,0,0,0,0,0
470,52,10,0,1,0,0,0,0,0,0,0,0,0,0,0,0,0,0,0,0,0,0,0
471,52,10,0,1,0,0,0,0,0,0,0,0,0,0,0,0,0,0,0,0,0,0,0
472,52,2,0,0,0,0,0,0,0,0,0,1,0,0,0,0,0,0,0,0,0,0,0
473,52,10,0,1,0,0,0,0,0,0,0,0,0,0,0,0,0,0,0,0,0,0,0
474,52,10,0,0,0,0,0,0,0,0,1,0,0,0,0,0,0,0,0,0,0,0,0
475,53,10,0,0,0,1,0,0,0,0,0,0,0,0,0,0,0,0,0,0,0,0,0
476,53,4,0,0,0,0,0,0,0,0,0,1,0,0,0,0,0,0,0,0,0,0,0
477,53,10,0,0,0,1,0,0,0,0,0,0,0,0,0,0,0,0,0,0,0,0,0
478,53,4,0,0,0,0,0,0,0,0,0,1,0,0,0,0,0,0,0,0,0,0,0
479,53,10,0,0,0,1,0,0,0,0,0,0,0,0,0,0,0,0,0,0,0,0,0
480,53,4,0,0,0,0,0,0,0,0,0,1,0,0,0,0,0,0,0,0,0,0,0
481,53,10,0,0,0,1,0,0,0,0,0,0,0,0,0,0,0,0,0,0,0,0,0
482,53,4,0,0,0,0,0,0,0,0,0,1,0,0,0,0,0,0,0,0,0,0,0
483,54,2,0,0,0,1,0,0,0,0,0,0,0,0,0,0,0,0,0,0,0,0,0
484,54,3,0,1,0,1,0,0,0,0,0,0,0,0,0,0,0,0,0,0,0,0,0
485,54,7,0,0,1,1,0,0,0,0,0,0,0,0,0,0,0,0,0,0,0,0,0
486,54,3,0,0,0,0,0,0,1,0,0,0,0,0,0,0,0,0,0,0,0,0,0
487,54,7,0,0,1,0,0,0,0,0,0,0,0,0,0,0,0,0,0,0,0,0,0
488,54,7,0,0,0,1,0,0,0,0,0,0,0,0,0,0,0,0,0,0,0,0,0
489,54,4,0,0,0,0,0,0,1,0,0,0,0,0,0,0,0,0,0,0,0,0,0
490,54,7,0,1,1,1,0,0,0,0,0,0,0,0,0,0,0,0,0,0,0,0,0
491,54,2,0,0,0,0,0,0,1,0,0,0,0,0,0,0,0,0,0,0,0,0,0
492,54,7,0,1,0,1,0,0,0,0,0,0,0,0,0,0,0,0,0,0,0,0,0
493,54,4,0,0,1,0,0,0,0,0,0,0,0,0,0,0,0,0,0,0,0,0,0
494,54,2,0,0,1,0,0,0,0,0,0,0,0,0,0,0,0,0,0,0,0,0,0
495,54,3,0,1,0,0,0,0,0,0,0,0,0,0,0,0,0,0,0,0,0,0,0
496,54,2,0,0,1,0,0,0,0,0,0,0,0,0,0,0,0,0,0,0,0,0,0
497,54,2,0,0,1,0,0,0,0,0,0,0,0,0,0,0,0,0,0,0,0,0,0
498,54,3,0,1,0,0,0,0,0,0,0,0,0,0,0,0,0,0,0,0,0,0,0
499,55,2,0,0,0,1,0,0,0,0,0,0,0,0,0,0,0,0,0,0,0,0,0
500,55,4,0,1,0,0,0,0,0,0,0,0,0,0,0,0,0,0,0,0,0,0,0
501,55,2,0,0,0,1,0,0,0,0,0,0,0,0,0,0,0,0,0,0,0,0,0
502,55,4,0,1,0,0,0,0,0,0,0,0,0,0,0,0,0,0,0,0,0,0,0
503,56,6,0,0,0,0,0,0,0,0,0,0,0,1,0,0,0,0,0,0,0,0,0
504,56,12,0,0,0,0,0,1,0,0,0,0,0,0,0,0,0,0,0,0,0,0,0
505,56,6,0,0,0,0,0,0,0,0,0,0,0,1,0,0,0,0,0,0,0,0,0
506,56,12,0,0,0,0,0,1,0,0,0,0,0,0,0,0,0,0,0,0,0,0,0
507,56,6,0,0,0,0,0,0,0,0,0,0,0,1,0,0,0,0,0,0,0,0,0
508,56,12,0,0,0,0,0,1,0,0,0,0,0,0,0,0,0,0,0,0,0,0,0
509,56,6,0,0,0,0,0,0,0,0,0,0,0,1,0,0,0,0,0,0,0,0,0
510,56,12,0,0,0,0,0,1,0,0,0,0,0,0,0,0,0,0,0,0,0,0,0
511,56,12,0,0,0,0,0,1,0,0,0,0,0,0,0,0,0,0,0,0,0,0,0
512,57,9,0,1,0,0,0,0,0,0,0,0,0,0,0,0,0,0,0,0,0,0,0
513,57,2,0,0,0,0,0,0,0,0,1,0,0,0,0,0,0,0,0,0,0,0,0
514,57,9,0,1,0,0,0,0,0,0,0,0,0,0,0,0,0,0,0,0,0,0,0
515,57,2,0,0,0,0,0,0,0,0,1,0,0,0,0,0,0,0,0,0,0,0,0
516,57,9,0,1,0,0,0,0,0,0,0,0,0,0,0,0,0,0,0,0,0,0,0
517,57,2,0,0,0,0,0,0,0,0,1,0,0,0,0,0,0,0,0,0,0,0,0
518,58,15,0,1,0,0,0,0,0,0,0,0,0,0,0,0,0,0,0,0,0,0,0
519,58,2,0,0,0,0,0,0,0,0,0,0,0,0,0,0,1,0,0,0,0,0,0
520,58,15,0,1,0,0,0,0,0,0,0,0,0,0,0,0,0,0,0,0,0,0,0
521,58,15,0,1,0,0,0,0,0,0,0,0,0,0,0,0,0,0,0,0,0,0,0
522,58,15,0,1,0,0,0,0,0,0,0,0,0,0,0,0,0,0,0,0,0,0,0
523,58,15,0,1,0,0,0,0,0,0,0,0,0,0,0,0,0,0,0,0,0,0,0
524,59,15,0,1,0,0,0,0,0,0,0,0,0,0,0,0,0,0,0,0,0,0,0
525,59,15,0,1,0,1,0,0,0,0,0,0,0,0,0,0,0,0,0,0,0,0,0
526,59,4,0,1,0,0,0,0,0,0,0,0,0,0,0,0,1,0,0,0,0,0,0
527,59,15,0,1,0,1,0,0,0,0,0,0,0,0,0,0,0,0,0,0,0,0,0
528,59,2,0,0,0,0,0,0,0,0,0,0,0,0,0,0,1,0,0,0,0,0,0
529,59,15,0,1,0,0,0,0,0,0,0,0,0,0,0,0,0,0,0,0,0,0,0
530,59,2,0,0,0,0,0,0,0,0,0,0,0,0,0,0,1,0,0,0,0,0,0
531,59,15,0,1,0,0,0,0,0,0,0,0,0,0,0,0,0,0,0,0,0,0,0
532,59,2,0,0,0,0,0,0,0,0,0,0,0,0,0,0,1,0,0,0,0,0,0
533,59,4,0,1,0,0,0,0,0,0,0,0,0,0,0,0,1,0,0,0,0,0,0
534,60,2,0,0,0,1,0,0,0,0,0,0,0,0,0,0,0,0,0,0,0,0,0
535,60,2,0,0,0,0,0,0,0,0,0,0,0,0,0,0,1,0,0,0,0,0,0
536,60,2,0,0,0,1,0,0,0,0,0,0,0,0,0,0,0,0,0,0,0,0,0
537,60,2,0,0,0,1,0,0,0,0,0,0,0,0,0,0,0,0,0,0,0,0,0
538,60,4,0,1,0,0,0,0,0,0,0,0,0,0,0,0,0,0,0,0,0,0,0
539,60,2,0,0,0,1,0,0,0,0,0,0,0,0,0,0,0,0,0,0,0,0,0
540,60,4,0,1,0,0,0,0,0,0,0,0,0,0,0,0,0,0,0,0,0,0,0
541,60,2,0,0,0,1,0,0,0,0,0,0,0,0,0,0,0,0,0,0,0,0,0
542,60,4,0,1,0,0,0,0,0,0,0,0,0,0,0,0,0,0,0,0,0,0,0
543,60,4,0,1,0,0,0,0,0,0,0,0,0,0,0,0,0,0,0,0,0,0,0
544,61,2,0,0,0,1,0,0,0,0,0,0,0,0,0,0,1,0,0,0,0,0,0
545,61,15,0,1,0,1,0,0,0,0,0,0,0,0,0,0,0,0,0,0,0,0,0
546,61,2,0,0,0,0,0,0,0,0,0,0,0,0,0,0,1,0,0,0,0,0,0
547,61,15,0,1,0,0,0,0,0,0,0,0,0,0,0,0,0,0,0,0,0,0,0
548,61,2,0,0,0,1,0,0,0,0,0,0,0,0,0,0,0,0,0,0,0,0,0
549,61,4,0,1,0,0,0,0,0,0,0,0,0,0,0,0,0,0,0,0,0,0,0
550,62,15,0,1,0,0,0,0,0,0,0,0,0,0,0,0,0,0,0,0,0,0,0
551,62,2,0,0,0,0,0,0,0,0,0,0,0,0,0,0,1,0,0,0,0,0,0
552,62,2,0,0,0,0,0,0,0,0,0,0,0,0,0,0,1,0,0,0,0,0,0
553,62,2,0,0,0,0,0,0,0,0,0,0,0,0,0,0,1,0,0,0,0,0,0
554,62,2,0,0,0,0,0,0,0,0,0,0,0,0,0,0,1,0,0,0,0,0,0
555,62,15,0,1,0,0,0,0,0,0,0,0,0,0,0,0,0,0,0,0,0,0,0
556,62,2,0,0,0,0,0,0,0,0,0,0,0,0,0,0,1,0,0,0,0,0,0
557,62,15,0,1,0,0,0,0,0,0,0,0,0,0,0,0,0,0,0,0,0,0,0
558,62,15,0,1,0,1,0,0,0,0,0,0,0,0,0,0,0,0,0,0,0,0,0
559,62,15,0,1,0,1,0,0,0,0,0,0,0,0,0,0,0,0,0,0,0,0,0
560,62,15,0,1,0,1,0,0,0,0,0,0,0,0,0,0,0,0,0,0,0,0,0
561,63,2,0,0,0,0,0,0,0,0,0,0,0,0,0,0,1,0,0,0,0,0,0
562,63,15,0,1,0,0,0,0,0,0,0,0,0,0,0,0,0,0,0,0,0,0,0
563,63,2,0,0,0,0,0,0,0,0,0,0,0,0,0,0,1,0,0,0,0,0,0
564,63,15,0,1,0,0,0,0,0,0,0,0,0,0,0,0,0,0,0,0,0,0,0
565,63,2,0,0,0,0,0,0,0,0,0,0,0,0,0,0,1,0,0,0,0,0,0
566,64,2,0,0,0,1,0,0,0,0,0,0,0,0,0,0,1,0,0,0,0,0,0
567,64,2,0,0,0,1,0,0,0,0,0,0,0,0,0,0,0,0,0,0,0,0,0
568,64,2,0,0,0,0,0,0,0,0,0,0,0,0,0,0,1,0,0,0,0,0,0
569,64,2,0,0,0,1,0,0,0,0,0,0,0,0,0,0,0,0,0,0,0,0,0
570,64,2,0,0,0,0,0,0,0,0,0,0,0,0,0,0,1,0,0,0,0,0,0
571,64,2,0,0,0,0,0,0,0,0,0,0,0,0,0,0,1,0,0,0,0,0,0
572,64,15,0,0,0,1,0,0,0,0,0,0,0,0,0,0,0,0,0,0,0,0,0
573,64,2,0,0,0,1,0,0,0,0,0,0,0,0,0,0,1,0,0,0,0,0,0
574,64,2,0,0,0,1,0,0,0,0,0,0,0,0,0,0,0,0,0,0,0,0,0
575,65,2,0,0,0,0,0,0,0,0,0,0,0,0,0,0,1,0,0,0,0,0,0
576,65,15,0,1,0,0,0,0,0,0,0,0,0,0,0,0,0,0,0,0,0,0,0
577,65,15,0,1,0,0,0,0,0,0,0,0,0,0,0,0,0,0,0,0,0,0,0
578,65,2,0,0,0,1,0,0,0,0,0,0,0,0,0,0,0,0,0,0,0,0,0
579,65,4,0,1,0,0,0,0,0,0,0,0,0,0,0,0,0,0,0,0,0,0,0
580,65,2,0,0,0,1,0,0,0,0,0,0,0,0,0,0,0,0,0,0,0,0,0
581,65,2,0,0,0,1,0,0,0,0,0,0,0,0,0,0,0,0,0,0,0,0,0
582,65,4,0,1,0,0,0,0,0,0,0,0,0,0,0,0,0,0,0,0,0,0,0
583,65,2,0,0,0,1,0,0,0,0,0,0,0,0,0,0,0,0,0,0,0,0,0
584,65,4,0,1,0,0,0,0,0,0,0,0,0,0,0,0,0,0,0,0,0,0,0
585,65,4,0,1,0,0,0,0,0,0,0,0,0,0,0,0,0,0,0,0,0,0,0
586,65,2,0,0,0,1,0,0,0,0,0,0,0,0,0,0,0,0,0,0,0,0,0
587,65,4,0,1,0,0,0,0,0,0,0,0,0,0,0,0,0,0,0,0,0,0,0
588,65,2,0,0,0,1,0,0,0,0,0,0,0,0,0,0,0,0,0,0,0,0,0
589,66,4,0,1,0,0,0,0,0,0,0,0,0,0,0,0,0,0,0,0,0,0,0
590,66,2,0,0,0,1,0,0,0,0,0,0,0,0,0,0,0,0,0,0,0,0,0
591,66,4,0,1,0,0,0,0,0,0,0,0,0,0,0,0,1,0,0,0,0,0,0
592,66,2,0,0,0,1,0,0,0,0,0,0,0,0,0,0,1,0,0,0,0,0,0
593,66,15,0,0,0,0,0,0,0,0,0,0,0,0,0,0,0,0,1,0,0,0,0
594,66,17,0,0,0,0,0,0,0,0,0,0,0,0,0,0,1,0,0,0,0,0,0
595,66,4,0,1,0,0,0,0,0,0,0,0,0,0,0,0,0,0,0,0,0,0,0
596,66,17,0,1,0,1,0,0,0,0,0,0,0,0,0,0,1,0,0,0,0,0,0
597,66,19,0,0,0,0,0,0,0,0,0,0,0,0,0,0,0,0,1,0,0,0,0
598,66,2,0,0,0,0,0,0,0,0,0,0,0,0,0,0,0,0,0,1,0,0,0
599,66,18,0,1,0,0,0,0,0,0,0,0,0,0,0,0,0,0,0,0,0,0,0
600,66,2,0,0,0,0,0,0,0,0,0,0,0,0,0,0,0,0,0,1,0,0,0
601,66,19,0,0,0,0,0,0,0,0,0,0,0,0,0,0,0,0,1,0,0,0,0
602,66,17,0,0,0,0,0,0,0,0,0,0,0,0,0,0,0,0,0,0,1,0,0
603,66,2,0,0,0,0,0,0,0,0,0,0,0,0,0,0,0,0,1,0,0,0,0
604,66,17,0,1,0,0,0,0,0,0,0,0,0,0,0,0,0,0,0,0,0,0,0
605,66,15,0,0,0,0,0,0,0,0,0,0,0,0,0,0,0,0,1,0,0,0,0
606,66,2,0,0,0,1,0,0,0,0,0,0,0,0,0,0,0,0,0,0,0,0,0
607,66,4,0,1,0,0,0,0,0,0,0,0,0,0,0,0,0,0,0,0,0,0,0
608,66,2,0,0,0,0,0,0,0,0,0,0,0,0,0,0,0,0,0,0,1,0,0
609,66,19,0,1,0,0,0,0,0,0,0,0,0,0,0,0,0,0,0,0,0,0,0
610,66,2,0,0,0,0,0,0,0,0,0,0,0,0,0,0,0,0,0,0,1,0,0
611,66,19,0,1,0,0,0,0,0,0,0,0,0,0,0,0,0,0,0,0,0,0,0
612,66,2,0,0,0,0,0,0,0,0,0,0,0,0,0,0,0,0,0,0,1,0,0
613,67,2,0,0,0,0,0,0,0,0,0,0,0,0,0,0,0,0,1,0,0,0,0
614,67,17,0,1,0,0,0,0,0,0,0,0,0,0,0,0,0,0,0,0,0,0,0
615,67,2,0,0,0,0,0,0,0,0,0,0,0,0,0,0,0,0,1,0,0,0,0
616,67,17,0,1,0,0,0,0,0,0,0,0,0,0,0,0,0,0,0,0,0,0,0
617,67,19,0,1,0,0,0,0,0,0,0,0,0,0,0,0,0,0,0,0,0,0,0
618,67,17,0,1,0,0,0,0,0,0,0,0,0,0,0,0,0,0,0,0,0,0,0
619,67,19,0,1,0,0,0,0,0,0,0,0,0,0,0,0,0,0,0,0,0,0,0
620,67,2,0,0,0,0,0,0,0,0,0,0,0,0,0,0,0,0,0,0,1,0,0
621,68,2,0,0,0,1,0,0,0,0,0,0,0,0,0,0,1,0,1,1,1,0,0
622,68,15,0,0,0,0,0,0,0,0,0,0,0,0,0,0,0,0,0,0,1,0,0
623,68,4,0,1,0,0,0,0,0,0,0,0,0,0,0,0,1,0,1,1,1,0,0
624,68,2,0,0,0,1,0,0,0,0,0,0,0,0,0,0,1,0,1,1,1,0,0
625,68,18,0,1,0,0,0,0,0,0,0,0,0,0,0,0,0,0,0,0,0,0,0
626,68,2,0,0,0,0,0,0,0,0,0,0,0,0,0,0,0,0,0,1,0,0,0
627,68,18,0,1,0,0,0,0,0,0,0,0,0,0,0,0,0,0,0,0,0,0,0
628,68,4,0,1,0,0,0,0,0,0,0,0,0,0,0,0,1,0,1,1,0,0,0
629,68,2,0,0,0,1,0,0,0,0,0,0,0,0,0,0,1,0,1,1,0,0,0
630,68,17,0,1,0,1,0,0,0,0,0,0,0,0,0,0,1,0,0,1,0,0,0
631,68,4,0,1,0,0,0,0,0,0,0,0,0,0,0,0,1,0,1,1,0,0,0
632,68,15,0,0,0,1,0,0,0,0,0,0,0,0,0,0,0,0,0,0,0,0,0
633,69,4,0,1,0,0,0,0,0,0,0,0,0,0,0,0,0,0,0,0,0,0,0
634,69,17,0,1,0,1,0,0,0,0,0,0,0,0,0,0,1,0,0,1,0,0,0
635,70,2,0,0,0,1,0,0,0,0,0,0,0,0,0,0,1,0,1,1,0,0,0
636,70,4,0,1,0,0,0,0,0,0,0,0,0,0,0,0,1,0,1,1,0,0,0
637,70,15,0,1,0,1,0,0,0,0,0,0,0,0,0,0,0,0,1,1,0,0,0
638,70,17,0,1,0,1,0,0,0,0,0,0,0,0,0,0,1,0,0,1,0,0,0
639,70,15,0,1,0,0,0,0,0,0,0,0,0,0,0,0,0,0,0,0,0,0,0
640,70,2,0,0,0,0,0,0,0,0,0,0,0,0,0,0,1,0,0,0,0,0,0
641,70,2,0,0,0,0,0,0,0,0,0,0,0,0,0,0,1,0,0,0,0,0,0
642,70,15,0,1,0,0,0,0,0,0,0,0,0,0,0,0,0,0,0,0,0,0,0
643,70,15,0,1,0,0,0,0,0,0,0,0,0,0,0,0,0,0,0,0,0,0,0
644,71,4,0,1,0,0,0,0,0,0,0,0,0,0,0,0,0,0,0,0,0,0,0
645,71,17,0,1,0,0,0,0,0,0,0,0,0,0,0,0,0,0,0,0,0,0,0
646,71,17,0,1,0,1,0,0,0,0,0,0,0,0,0,0,1,0,0,1,0,0,0
647,71,17,0,1,0,0,0,0,0,0,0,0,0,0,0,0,0,0,0,0,0,0,0
648,72,2,0,0,0,0,0,0,0,0,0,0,0,0,0,0,0,0,1,0,0,0,0
649,72,2,0,0,0,0,0,0,0,0,0,0,0,0,0,0,0,0,1,0,0,0,0
650,72,17,0,1,0,0,0,0,0,0,0,0,0,0,0,0,0,0,0,0,0,0,0
651,72,2,0,0,0,0,0,0,0,0,0,0,0,0,0,0,0,0,1,0,0,0,0
652,72,17,0,1,0,0,0,0,0,0,0,0,0,0,0,0,0,0,0,0,0,0,0
653,72,17,0,1,0,0,0,0,0,0,0,0,0,0,0,0,0,0,0,0,0,0,0
654,72,18,0,1,0,0,0,0,0,0,0,0,0,0,0,0,0,0,1,0,0,0,0
655,72,17,0,0,0,0,0,0,0,0,0,0,0,0,0,0,1,0,0,0,0,0,0
656,72,18,0,1,0,0,0,0,0,0,0,0,0,0,0,0,0,0,0,0,0,0,0
657,72,18,0,1,0,1,0,0,0,0,0,0,0,0,0,0,1,0,1,0,0,0,0
658,72,17,0,0,0,0,0,0,0,0,0,0,0,0,0,0,0,0,0,1,0,0,0
659,72,4,0,1,0,0,0,0,0,0,0,0,0,0,0,0,1,0,1,1,0,0,0
660,72,18,0,0,0,1,0,0,0,0,0,0,0,0,0,0,0,0,0,0,0,0,0
661,72,17,0,0,0,0,0,0,0,0,0,0,0,0,0,0,0,0,0,1,0,0,0
662,72,18,0,1,0,1,0,0,0,0,0,0,0,0,0,0,1,0,1,0,0,0,0
663,72,15,0,1,0,1,0,0,0,0,0,0,0,0,0,0,0,0,1,1,0,0,0
664,72,18,0,1,0,1,0,0,0,0,0,0,0,0,0,0,1,0,1,0,0,0,0
665,72,2,0,0,0,0,0,0,0,0,0,0,0,0,0,0,0,0,0,1,0,0,0
666,72,18,0,1,0,1,0,0,0,0,0,0,0,0,0,0,1,0,1,0,0,0,0
667,72,17,0,0,0,0,0,0,0,0,0,0,0,0,0,0,0,0,0,1,0,0,0
668,72,18,0,1,0,1,0,0,0,0,0,0,0,0,0,0,1,0,1,0,0,0,0
669,72,17,0,1,0,1,0,0,0,0,0,0,0,0,0,0,1,0,0,1,0,0,0
670,72,2,0,0,0,1,0,0,0,0,0,0,0,0,0,0,1,0,1,1,0,0,0
671,72,4,0,1,0,0,0,0,0,0,0,0,0,0,0,0,1,0,1,1,0,0,0
672,72,15,0,0,0,0,0,0,0,0,0,0,0,0,0,0,0,0,0,1,0,0,0
673,72,18,0,1,0,1,0,0,0,0,0,0,0,0,0,0,1,0,1,0,0,0,0
674,73,2,0,0,0,1,0,0,0,0,0,0,0,0,0,0,0,0,0,0,0,0,0
675,73,4,0,1,0,0,0,0,0,0,0,0,0,0,0,0,0,0,0,0,0,0,0
676,73,2,0,0,0,1,0,0,0,0,0,0,0,0,0,0,0,0,0,0,0,0,0
677,73,4,0,1,0,0,0,0,0,0,0,0,0,0,0,0,0,0,0,0,0,0,0
678,73,2,0,0,0,1,0,0,0,0,0,0,0,0,0,0,0,0,0,0,0,0,0
679,73,4,0,1,0,0,0,0,0,0,0,0,0,0,0,0,0,0,0,0,0,0,0
680,73,2,0,0,0,1,0,0,0,0,0,0,0,0,0,0,0,0,0,0,0,0,0
681,73,4,0,1,0,0,0,0,0,0,0,0,0,0,0,0,0,0,0,0,0,0,0
682,73,4,0,1,0,0,0,0,0,0,0,0,0,0,0,0,0,0,0,0,0,0,0
683,73,4,0,1,0,0,0,0,0,0,0,0,0,0,0,0,0,0,0,0,0,0,0
684,73,2,0,0,0,1,0,0,0,0,0,0,0,0,0,0,0,0,0,0,0,0,0
685,73,4,0,1,0,0,0,0,0,0,0,0,0,0,0,0,0,0,0,0,0,0,0
686,73,4,0,1,0,0,0,0,0,0,0,0,0,0,0,0,0,0,0,0,0,0,0
687,73,2,0,0,0,1,0,0,0,0,0,0,0,0,0,0,0,0,0,0,0,0,0
688,73,4,0,1,0,0,0,0,0,0,0,0,0,0,0,0,0,0,0,0,0,0,0
689,73,2,0,0,0,1,0,0,0,0,0,0,0,0,0,0,0,0,0,0,0,0,0
690,73,17,0,1,0,1,0,0,0,0,0,0,0,0,0,0,0,0,0,0,0,0,0
691,74,6,0,0,0,0,0,0,0,0,0,0,0,1,0,0,0,0,0,0,0,0,0
692,74,12,0,0,0,0,0,1,0,0,0,0,0,0,0,0,0,0,0,0,0,0,0
693,74,6,0,0,0,0,0,0,0,0,0,0,0,1,0,0,0,0,0,0,0,0,0
694,74,6,0,0,0,0,0,0,0,0,0,0,0,1,0,0,0,0,0,0,0,0,0
695,74,12,0,0,0,0,0,1,0,0,0,0,0,0,0,0,0,0,0,0,0,0,0
696,74,12,0,0,0,0,0,1,0,0,0,0,0,0,0,0,0,0,0,0,0,0,0
697,75,18,0,1,0,1,0,0,0,0,0,0,0,0,0,0,1,0,1,0,0,0,0
698,75,18,0,1,0,1,0,0,0,0,0,0,0,0,0,0,1,0,1,0,0,0,0
699,75,18,0,1,0,0,0,0,0,0,0,0,0,0,0,0,0,0,1,0,0,0,0
700,75,4,0,0,0,0,0,0,0,0,0,0,0,0,0,0,0,0,0,1,0,0,0
701,75,18,0,0,0,1,0,0,0,0,0,0,0,0,0,0,0,0,0,0,0,0,0
702,75,4,0,0,0,0,0,0,0,0,0,0,0,0,0,0,0,0,0,1,0,0,0
703,75,18,0,0,0,1,0,0,0,0,0,0,0,0,0,0,0,0,0,0,0,0,0
704,75,4,0,0,0,0,0,0,0,0,0,0,0,0,0,0,0,0,0,1,0,0,0
705,75,2,0,0,0,0,0,0,0,0,0,0,0,0,0,0,0,0,0,1,0,0,0
706,75,18,0,1,0,0,0,0,0,0,0,0,0,0,0,0,0,0,0,0,0,0,0
707,75,17,0,1,0,0,0,0,0,0,0,0,0,0,0,0,0,0,0,0,0,0,0
708,75,15,0,1,0,0,0,0,0,0,0,0,0,0,0,0,0,0,0,0,0,0,0
709,75,18,0,0,0,0,0,0,0,0,0,0,0,0,0,0,1,0,0,0,0,0,0
710,75,2,0,0,0,0,0,0,0,0,0,0,0,0,0,0,1,0,0,1,0,0,0
711,75,2,0,0,0,1,0,0,0,0,0,0,0,0,0,0,0,0,0,0,0,0,0
712,75,17,0,1,0,0,0,0,0,0,0,0,0,0,0,0,0,0,0,0,0,0,0
713,76,17,0,1,0,0,0,0,0,0,0,0,0,0,0,0,0,0,0,0,0,0,0
714,76,2,0,0,0,0,0,0,0,0,0,0,0,0,0,0,0,0,1,0,0,0,0
715,76,17,0,1,0,0,0,0,0,0,0,0,0,0,0,0,0,0,0,0,0,0,0
716,77,2,0,0,0,0,0,0,0,0,0,0,0,0,0,0,0,0,0,1,0,0,0
717,77,15,0,1,0,0,0,0,0,0,0,0,0,0,0,0,0,0,0,0,0,0,0
718,77,15,0,1,0,0,0,0,0,0,0,0,0,0,0,0,0,0,0,0,0,0,0
719,77,15,0,1,0,0,0,0,0,0,0,0,0,0,0,0,0,0,0,0,0,0,0
720,78,3,0,0,0,0,0,0,0,0,0,0,0,1,0,0,0,0,0,0,0,0,0
721,78,12,0,0,1,0,0,0,0,0,0,0,0,0,0,0,0,0,0,0,0,0,0
722,78,3,0,0,0,0,0,0,0,0,0,0,0,1,0,0,0,0,0,0,0,0,0
723,78,15,0,0,1,0,0,0,0,0,0,0,0,0,0,0,0,0,0,0,0,0,0
724,78,3,0,1,0,0,0,0,0,0,0,0,0,0,0,0,0,0,0,0,0,0,0
725,78,2,0,0,1,0,0,0,0,0,0,0,0,0,0,0,0,0,0,0,0,0,0
726,78,15,0,1,0,0,0,0,0,0,0,0,0,0,0,0,0,0,0,0,0,0,0
727,78,3,0,1,0,0,0,0,0,0,0,0,0,0,0,0,0,0,0,0,0,0,0
728,78,2,0,0,1,0,0,0,0,0,0,0,0,1,0,0,1,0,0,0,0,0,0
729,78,12,0,1,0,0,0,0,0,0,0,0,0,0,0,0,0,0,0,0,0,0,0
730,78,2,0,0,0,0,0,0,0,0,0,0,0,1,0,0,0,0,0,0,0,0,0
731,78,12,0,1,0,0,0,0,0,0,0,0,0,0,0,0,0,0,0,0,0,0,0
732,78,2,0,0,0,0,0,0,0,0,0,0,0,1,0,0,0,0,0,0,0,0,0
733,78,3,0,1,0,0,0,0,0,0,0,0,0,0,0,0,0,0,0,0,0,0,0
734,78,2,0,0,1,0,0,0,0,0,0,0,0,0,0,0,0,0,0,0,0,0,0
735,78,3,0,1,0,0,0,0,0,0,0,0,0,0,0,0,0,0,0,0,0,0,0
736,78,2,0,0,1,0,0,0,0,0,0,0,0,0,0,0,0,0,0,0,0,0,0
737,79,1,0,1,0,0,0,0,0,0,0,0,0,0,0,0,0,0,0,0,0,0,0
738,79,2,1,0,0,0,0,0,0,0,0,0,0,0,0,0,0,0,0,0,0,0,0
739,79,2,1,0,0,0,0,0,0,0,0,0,0,0,0,0,0,0,0,0,0,0,0
740,79,1,0,1,0,0,0,0,0,0,0,0,0,0,0,0,0,0,0,0,0,0,0
741,79,2,1,0,0,0,0,0,0,0,0,0,0,0,0,0,0,0,0,0,0,0,0
742,79,1,0,1,0,0,0,0,0,0,0,0,0,0,0,0,0,0,0,0,0,0,0
743,79,2,1,0,0,0,0,0,0,0,0,0,0,0,0,0,0,0,0,0,0,0,0
744,79,1,0,1,0,0,0,0,0,0,0,0,0,0,0,0,0,0,0,0,0,0,0
