eventID,sceneID,speakerID,Surtur (1),Thor (2),Skurge (3),Loki (4),Stephen Strange (5),Odin (6),Hela (7),Volstagg (8),Valkyrie (9),Hogun (10),Grandmaster (11),Topaz (12),Cousin Carlo (13),Korg (14),Bruce Banner (15),Heimdall (16)
1,1,1,0,1,0,0,0,0,0,0,0,0,0,0,0,0,0,0
2,1,2,1,0,0,0,0,0,0,0,0,0,0,0,0,0,0,0
3,1,1,0,1,0,0,0,0,0,0,0,0,0,0,0,0,0,0
4,1,2,1,0,0,0,0,0,0,0,0,0,0,0,0,0,0,0
5,1,1,0,1,0,0,0,0,0,0,0,0,0,0,0,0,0,0
6,1,2,1,0,0,0,0,0,0,0,0,0,0,0,0,0,0,0
7,1,2,1,0,0,0,0,0,0,0,0,0,0,0,0,0,0,0
8,1,1,0,1,0,0,0,0,0,0,0,0,0,0,0,0,0,0
9,1,2,1,0,0,0,0,0,0,0,0,0,0,0,0,0,0,0
10,1,2,1,0,0,0,0,0,0,0,0,0,0,0,0,0,0,0
11,1,1,0,1,0,0,0,0,0,0,0,0,0,0,0,0,0,0
12,1,2,1,0,0,0,0,0,0,0,0,0,0,0,0,0,0,0
13,1,1,0,1,0,0,0,0,0,0,0,0,0,0,0,0,0,0
14,1,2,1,0,0,0,0,0,0,0,0,0,0,0,0,0,0,0
15,1,1,0,1,0,0,0,0,0,0,0,0,0,0,0,0,0,0
16,1,2,1,0,0,0,0,0,0,0,0,0,0,0,0,0,0,0
17,1,1,0,1,0,0,0,0,0,0,0,0,0,0,0,0,0,0
18,1,2,1,0,0,0,0,0,0,0,0,0,0,0,0,0,0,0
19,1,1,0,1,0,0,0,0,0,0,0,0,0,0,0,0,0,0
20,1,1,0,1,0,0,0,0,0,0,0,0,0,0,0,0,0,0
21,1,2,1,0,0,0,0,0,0,0,0,0,0,0,0,0,0,0
22,1,1,0,1,0,0,0,0,0,0,0,0,0,0,0,0,0,0
23,1,2,1,0,0,0,0,0,0,0,0,0,0,0,0,0,0,0
24,1,2,1,0,0,0,0,0,0,0,0,0,0,0,0,0,0,0
25,1,1,0,1,0,0,0,0,0,0,0,0,0,0,0,0,0,0
26,1,2,1,0,0,0,0,0,0,0,0,0,0,0,0,0,0,0
27,2,3,0,1,0,0,0,0,0,0,0,0,0,0,0,0,0,0
28,2,2,0,0,1,0,0,0,0,0,0,0,0,0,0,0,0,0
29,2,3,0,1,0,0,0,0,0,0,0,0,0,0,0,0,0,0
30,2,2,0,0,1,0,0,0,0,0,0,0,0,0,0,0,0,0
31,2,3,0,1,0,0,0,0,0,0,0,0,0,0,0,0,0,0
32,2,2,0,0,1,0,0,0,0,0,0,0,0,0,0,0,0,0
33,2,3,0,1,0,0,0,0,0,0,0,0,0,0,0,0,0,0
34,2,3,0,1,0,0,0,0,0,0,0,0,0,0,0,0,0,0
35,3,2,0,0,0,1,0,0,0,0,0,0,0,0,0,0,0,0
36,3,4,0,1,0,0,0,0,0,0,0,0,0,0,0,0,0,0
37,3,2,0,0,0,1,0,0,0,0,0,0,0,0,0,0,0,0
38,3,4,0,1,0,0,0,0,0,0,0,0,0,0,0,0,0,0
39,3,2,0,0,0,1,0,0,0,0,0,0,0,0,0,0,0,0
40,3,2,0,0,0,1,0,0,0,0,0,0,0,0,0,0,0,0
41,3,4,0,1,0,0,0,0,0,0,0,0,0,0,0,0,0,0
42,3,4,0,1,0,0,0,0,0,0,0,0,0,0,0,0,0,0
43,3,2,0,0,0,1,0,0,0,0,0,0,0,0,0,0,0,0
44,3,4,0,1,0,0,0,0,0,0,0,0,0,0,0,0,0,0
45,3,2,0,0,0,1,0,0,0,0,0,0,0,0,0,0,0,0
46,3,4,0,1,0,0,0,0,0,0,0,0,0,0,0,0,0,0
47,3,2,0,0,0,1,0,0,0,0,0,0,0,0,0,0,0,0
48,3,4,0,1,0,0,0,0,0,0,0,0,0,0,0,0,0,0
49,3,2,0,0,0,1,0,0,0,0,0,0,0,0,0,0,0,0
50,3,4,0,1,0,0,0,0,0,0,0,0,0,0,0,0,0,0
51,3,2,0,0,0,1,0,0,0,0,0,0,0,0,0,0,0,0
52,3,4,0,1,0,0,0,0,0,0,0,0,0,0,0,0,0,0
53,3,2,0,0,0,1,0,0,0,0,0,0,0,0,0,0,0,0
54,3,4,0,1,0,0,0,0,0,0,0,0,0,0,0,0,0,0
55,3,2,0,0,0,1,0,0,0,0,0,0,0,0,0,0,0,0
56,3,4,0,1,0,0,0,0,0,0,0,0,0,0,0,0,0,0
57,3,3,0,0,0,1,0,0,0,0,0,0,0,0,0,0,0,0
58,3,4,0,0,1,0,0,0,0,0,0,0,0,0,0,0,0,0
59,3,2,0,0,0,1,0,0,0,0,0,0,0,0,0,0,0,0
60,3,4,0,1,0,0,0,0,0,0,0,0,0,0,0,0,0,0
61,3,2,0,0,0,1,0,0,0,0,0,0,0,0,0,0,0,0
62,3,4,0,1,0,0,0,0,0,0,0,0,0,0,0,0,0,0
63,3,4,0,1,0,0,0,0,0,0,0,0,0,0,0,0,0,0
64,4,4,0,1,0,0,0,0,0,0,0,0,0,0,0,0,0,0
65,4,2,0,0,0,1,0,0,0,0,0,0,0,0,0,0,0,0
66,4,4,0,1,0,0,0,0,0,0,0,0,0,0,0,0,0,0
67,4,2,0,0,0,1,0,0,0,0,0,0,0,0,0,0,0,0
68,4,4,0,1,0,0,0,0,0,0,0,0,0,0,0,0,0,0
69,4,2,0,0,0,1,0,0,0,0,0,0,0,0,0,0,0,0
70,4,4,0,1,0,0,0,0,0,0,0,0,0,0,0,0,0,0
71,4,2,0,0,0,1,0,0,0,0,0,0,0,0,0,0,0,0
72,4,2,0,0,0,1,0,0,0,0,0,0,0,0,0,0,0,0
73,4,2,0,0,0,1,0,0,0,0,0,0,0,0,0,0,0,0
74,4,4,0,1,0,0,0,0,0,0,0,0,0,0,0,0,0,0
75,5,5,0,1,0,0,0,0,0,0,0,0,0,0,0,0,0,0
76,5,5,0,1,0,0,0,0,0,0,0,0,0,0,0,0,0,0
77,5,2,0,0,0,0,1,0,0,0,0,0,0,0,0,0,0,0
78,5,5,0,1,0,0,0,0,0,0,0,0,0,0,0,0,0,0
79,5,2,0,0,0,0,1,0,0,0,0,0,0,0,0,0,0,0
80,5,5,0,1,0,0,0,0,0,0,0,0,0,0,0,0,0,0
81,5,5,0,1,0,0,0,0,0,0,0,0,0,0,0,0,0,0
82,5,2,0,0,0,0,1,0,0,0,0,0,0,0,0,0,0,0
83,5,5,0,1,0,0,0,0,0,0,0,0,0,0,0,0,0,0
84,5,2,0,0,0,0,1,0,0,0,0,0,0,0,0,0,0,0
85,5,5,0,1,0,0,0,0,0,0,0,0,0,0,0,0,0,0
86,5,2,0,0,0,0,1,0,0,0,0,0,0,0,0,0,0,0
87,5,5,0,1,0,0,0,0,0,0,0,0,0,0,0,0,0,0
88,5,2,0,0,0,0,1,0,0,0,0,0,0,0,0,0,0,0
89,5,5,0,1,0,0,0,0,0,0,0,0,0,0,0,0,0,0
90,5,2,0,0,0,0,1,0,0,0,0,0,0,0,0,0,0,0
91,5,5,0,1,0,0,0,0,0,0,0,0,0,0,0,0,0,0
92,5,2,0,0,0,0,1,0,0,0,0,0,0,0,0,0,0,0
93,5,5,0,1,0,0,0,0,0,0,0,0,0,0,0,0,0,0
94,5,5,0,1,0,0,0,0,0,0,0,0,0,0,0,0,0,0
95,5,2,0,0,0,0,1,0,0,0,0,0,0,0,0,0,0,0
96,5,5,0,1,0,0,0,0,0,0,0,0,0,0,0,0,0,0
97,5,2,0,0,0,0,1,0,0,0,0,0,0,0,0,0,0,0
98,5,2,0,0,0,0,1,0,0,0,0,0,0,0,0,0,0,0
99,5,5,0,1,0,0,0,0,0,0,0,0,0,0,0,0,0,0
100,5,5,0,1,0,0,0,0,0,0,0,0,0,0,0,0,0,0
101,5,5,0,1,0,0,0,0,0,0,0,0,0,0,0,0,0,0
102,5,2,0,0,0,0,1,0,0,0,0,0,0,0,0,0,0,0
103,5,5,0,1,0,0,0,0,0,0,0,0,0,0,0,0,0,0
104,5,2,0,0,0,0,1,0,0,0,0,0,0,0,0,0,0,0
105,5,2,0,0,0,0,1,0,0,0,0,0,0,0,0,0,0,0
106,5,5,0,1,0,0,0,0,0,0,0,0,0,0,0,0,0,0
107,5,2,0,0,0,0,1,0,0,0,0,0,0,0,0,0,0,0
108,5,5,0,1,0,0,0,0,0,0,0,0,0,0,0,0,0,0
109,5,2,0,0,0,0,1,0,0,0,0,0,0,0,0,0,0,0
110,5,2,0,0,0,0,1,0,0,0,0,0,0,0,0,0,0,0
111,5,2,0,0,0,0,1,0,0,0,0,0,0,0,0,0,0,0
112,5,5,0,1,0,0,0,0,0,0,0,0,0,0,0,0,0,0
113,5,4,0,1,0,0,1,0,0,0,0,0,0,0,0,0,0,0
114,5,5,0,1,0,0,0,0,0,0,0,0,0,0,0,0,0,0
115,5,2,0,0,0,0,1,0,0,0,0,0,0,0,0,0,0,0
116,5,4,0,0,0,0,1,0,0,0,0,0,0,0,0,0,0,0
117,5,2,0,0,0,1,0,0,0,0,0,0,0,0,0,0,0,0
118,5,4,0,0,0,0,1,0,0,0,0,0,0,0,0,0,0,0
119,5,5,0,1,0,1,0,0,0,0,0,0,0,0,0,0,0,0
120,6,2,0,0,0,0,0,1,0,0,0,0,0,0,0,0,0,0
121,6,6,0,1,0,0,0,0,0,0,0,0,0,0,0,0,0,0
122,6,2,0,0,0,0,0,1,0,0,0,0,0,0,0,0,0,0
123,6,6,0,1,0,1,0,0,0,0,0,0,0,0,0,0,0,0
124,6,2,0,0,0,0,0,1,0,0,0,0,0,0,0,0,0,0
125,6,6,0,1,0,1,0,0,0,0,0,0,0,0,0,0,0,0
126,6,2,0,0,0,1,0,0,0,0,0,0,0,0,0,0,0,0
127,6,6,0,0,0,1,0,0,0,0,0,0,0,0,0,0,0,0
128,6,6,0,1,0,1,0,0,0,0,0,0,0,0,0,0,0,0
129,6,2,0,0,0,0,0,1,0,0,0,0,0,0,0,0,0,0
130,6,6,0,1,0,1,0,0,0,0,0,0,0,0,0,0,0,0
131,6,2,0,0,0,0,0,1,0,0,0,0,0,0,0,0,0,0
132,6,6,0,1,0,1,0,0,0,0,0,0,0,0,0,0,0,0
133,6,2,0,0,0,0,0,1,0,0,0,0,0,0,0,0,0,0
134,6,6,0,1,0,0,0,0,0,0,0,0,0,0,0,0,0,0
135,6,2,0,0,0,0,0,1,0,0,0,0,0,0,0,0,0,0
136,6,6,0,1,0,1,0,0,0,0,0,0,0,0,0,0,0,0
137,6,2,0,0,0,0,0,1,0,0,0,0,0,0,0,0,0,0
138,6,6,0,1,0,0,0,0,0,0,0,0,0,0,0,0,0,0
139,6,6,0,1,0,1,0,0,0,0,0,0,0,0,0,0,0,0
140,6,6,0,1,0,1,0,0,0,0,0,0,0,0,0,0,0,0
141,6,6,0,1,0,1,0,0,0,0,0,0,0,0,0,0,0,0
142,6,4,0,1,0,0,0,0,0,0,0,0,0,0,0,0,0,0
143,6,2,0,0,0,1,0,0,0,0,0,0,0,0,0,0,0,0
144,6,7,0,1,0,1,0,0,0,0,0,0,0,0,0,0,0,0
145,6,7,0,1,0,1,0,0,0,0,0,0,0,0,0,0,0,0
146,6,2,0,0,0,0,0,0,1,0,0,0,0,0,0,0,0,0
147,6,7,0,1,0,0,0,0,0,0,0,0,0,0,0,0,0,0
148,6,4,0,0,0,0,0,0,1,0,0,0,0,0,0,0,0,0
149,6,7,0,0,0,1,0,0,0,0,0,0,0,0,0,0,0,0
150,6,7,0,1,0,1,0,0,0,0,0,0,0,0,0,0,0,0
151,6,4,0,0,0,0,0,0,1,0,0,0,0,0,0,0,0,0
152,6,7,0,1,0,1,0,0,0,0,0,0,0,0,0,0,0,0
153,6,2,0,0,0,0,0,0,1,0,0,0,0,0,0,0,0,0
154,6,2,0,0,0,1,0,0,1,0,0,0,0,0,0,0,0,0
155,6,7,0,1,0,0,0,0,0,0,0,0,0,0,0,0,0,0
156,6,4,0,0,1,0,0,0,0,0,0,0,0,0,0,0,0,0
157,6,2,0,0,0,1,0,0,0,0,0,0,0,0,0,0,0,0
158,6,2,0,0,0,1,0,0,0,0,0,0,0,0,0,0,0,0
159,7,8,0,0,0,0,0,0,1,0,0,0,0,0,0,0,0,0
160,7,7,0,0,1,0,0,0,0,1,0,0,0,0,0,0,0,0
161,7,3,0,0,0,0,0,0,1,0,0,0,0,0,0,0,0,0
162,7,7,0,0,1,0,0,0,0,0,0,0,0,0,0,0,0,0
163,8,2,0,0,0,0,0,0,0,0,1,0,0,0,0,0,0,0
164,9,2,0,0,0,0,0,0,0,0,1,0,0,0,0,0,0,0
165,9,2,0,0,0,0,0,0,0,0,1,0,0,0,0,0,0,0
166,9,9,0,1,0,0,0,0,0,0,0,0,0,0,0,0,0,0
167,10,7,0,0,0,0,0,0,0,0,0,1,0,0,0,0,0,0
168,10,7,0,0,0,0,0,0,0,0,0,1,0,0,0,0,0,0
169,10,7,0,0,0,0,0,0,0,0,0,1,0,0,0,0,0,0
170,10,7,0,0,0,0,0,0,0,0,0,1,0,0,0,0,0,0
171,10,10,0,0,0,0,0,0,1,0,0,0,0,0,0,0,0,0
172,10,7,0,0,0,0,0,0,0,0,0,1,0,0,0,0,0,0
173,10,10,0,0,0,0,0,0,1,0,0,0,0,0,0,0,0,0
174,10,7,0,0,0,0,0,0,0,0,0,1,0,0,0,0,0,0
175,10,7,0,0,0,0,0,0,0,0,0,1,0,0,0,0,0,0
176,10,7,0,0,1,0,0,0,0,0,0,0,0,0,0,0,0,0
177,10,7,0,0,0,0,0,0,0,0,0,1,0,0,0,0,0,0
178,10,10,0,0,0,0,0,0,1,0,0,0,0,0,0,0,0,0
179,10,7,0,0,1,0,0,0,0,0,0,0,0,0,0,0,0,0
180,11,11,0,0,0,0,0,0,0,0,1,0,0,0,0,0,0,0
181,11,9,0,0,0,0,0,0,0,0,0,0,1,0,0,0,0,0
182,11,11,0,0,0,0,0,0,0,0,1,0,0,0,0,0,0,0
183,11,11,0,0,0,0,0,0,0,0,0,0,0,1,0,0,0,0
184,11,12,0,0,0,0,0,0,0,0,1,0,1,0,0,0,0,0
185,11,11,0,0,0,0,0,0,0,0,0,0,0,1,0,0,0,0
186,11,12,0,0,0,0,0,0,0,0,1,0,1,0,0,0,0,0
187,11,11,0,0,0,0,0,0,0,0,1,0,0,0,0,0,0,0
188,11,11,0,0,0,0,0,0,0,0,0,0,0,1,0,0,0,0
189,11,12,0,0,0,0,0,0,0,0,0,0,1,0,0,0,0,0
190,11,11,0,0,0,0,0,0,0,0,1,0,0,0,0,0,0,0
191,11,9,0,0,0,0,0,0,0,0,0,0,1,0,0,0,0,0
192,11,11,0,0,0,0,0,0,0,0,1,0,0,0,0,0,0,0
193,11,11,0,0,0,0,0,0,0,0,0,0,0,1,0,0,0,0
194,11,11,0,0,0,0,0,0,0,0,0,0,0,1,0,0,0,0
195,11,2,0,0,0,0,0,0,0,0,0,0,1,0,0,0,0,0
196,11,11,0,0,0,0,0,0,0,0,1,0,0,0,0,0,0,0
197,11,9,0,0,0,0,0,0,0,0,0,0,1,0,0,0,0,0
198,11,12,0,0,0,0,0,0,0,0,0,0,1,0,0,0,0,0
199,11,11,0,0,0,0,0,0,0,0,0,0,0,1,0,0,0,0
200,11,2,0,0,0,0,0,0,0,0,1,0,0,0,0,0,0,0
201,11,9,0,1,0,0,0,0,0,0,0,0,0,0,0,0,0,0
202,11,11,0,1,0,0,0,0,0,0,0,0,0,0,0,0,0,0
203,11,2,0,0,0,0,0,0,0,0,0,0,1,0,0,0,0,0
204,11,11,0,1,0,0,0,0,0,0,0,0,0,0,0,0,0,0
205,11,12,0,0,0,0,0,0,0,0,0,0,1,0,0,0,0,0
206,11,11,0,1,0,0,0,0,0,0,0,0,0,0,0,0,0,0
207,11,11,0,0,0,0,0,0,0,0,0,0,0,0,1,0,0,0
208,11,2,0,0,0,0,0,0,0,0,0,0,0,0,1,0,0,0
209,11,13,0,0,0,0,0,0,0,0,0,0,1,0,0,0,0,0
210,11,11,0,0,0,0,0,0,0,0,0,0,0,0,1,0,0,0
211,11,13,0,0,0,0,0,0,0,0,0,0,1,0,0,0,0,0
212,11,11,0,0,0,0,0,0,0,0,0,0,0,0,1,0,0,0
213,11,13,0,1,0,0,0,0,0,0,0,0,0,0,0,0,0,0
214,11,11,0,1,0,0,0,0,0,0,0,0,0,1,0,0,0,0
215,11,11,0,0,0,0,0,0,0,0,0,0,0,1,0,0,0,0
216,11,12,0,0,0,0,0,0,0,0,0,0,1,0,0,0,0,0
217,11,11,0,1,0,0,0,0,0,0,0,0,0,0,0,0,0,0
218,12,11,0,1,0,0,0,0,0,0,0,0,0,0,0,0,0,0
219,12,2,0,0,0,0,0,0,0,0,0,0,1,0,0,0,0,0
220,12,11,0,1,0,0,0,0,0,0,0,0,0,0,0,0,0,0
221,12,2,0,0,0,1,0,0,0,0,0,0,0,0,0,0,0,0
222,12,2,0,0,0,1,0,0,0,0,0,0,0,0,0,0,0,0
223,12,2,0,0,0,1,0,0,0,0,0,0,0,0,0,0,0,0
224,12,4,0,1,0,0,0,0,0,0,0,0,0,0,0,0,0,0
225,12,2,0,0,0,1,0,0,0,0,0,0,0,0,0,0,0,0
226,12,4,0,1,0,0,0,0,0,0,0,0,0,0,0,0,0,0
227,12,2,0,0,0,1,0,0,0,0,0,0,0,0,0,0,0,0
228,12,4,0,1,0,0,0,0,0,0,0,0,0,0,0,0,0,0
229,12,2,0,0,0,1,0,0,0,0,0,0,0,0,0,0,0,0
230,12,4,0,1,0,0,0,0,0,0,0,0,0,0,0,0,0,0
231,12,2,0,0,0,1,0,0,0,0,0,0,0,0,0,0,0,0
232,12,4,0,1,0,0,0,0,0,0,0,0,0,0,0,0,0,0
233,12,2,0,0,0,1,0,0,0,0,0,0,0,0,0,0,0,0
234,12,4,0,1,0,0,0,0,0,0,0,0,0,0,0,0,0,0
235,12,2,0,0,0,1,0,0,0,0,0,0,0,0,0,0,0,0
236,12,4,0,1,0,0,0,0,0,0,0,0,0,0,0,0,0,0
237,12,2,0,0,0,1,0,0,0,0,0,0,0,0,0,0,0,0
238,12,4,0,1,0,0,0,0,0,0,0,0,0,0,0,0,0,0
239,12,2,0,0,0,1,0,0,0,0,0,0,0,0,0,0,0,0
240,12,11,0,1,0,1,0,0,0,0,0,0,0,0,0,0,0,0
241,12,11,0,1,0,1,0,0,0,0,0,0,0,0,0,0,0,0
242,12,11,0,1,0,1,0,0,0,0,0,0,0,0,0,0,0,0
243,12,2,0,0,0,0,0,0,0,0,0,0,1,0,0,0,0,0
244,12,4,0,0,0,0,0,0,0,0,0,0,1,0,0,0,0,0
245,12,2,0,0,0,0,0,0,0,0,0,0,1,0,0,0,0,0
246,12,4,0,0,0,0,0,0,0,0,0,0,1,0,0,0,0,0
247,12,11,0,0,0,1,0,0,0,0,0,0,0,0,0,0,0,0
248,12,2,0,0,0,0,0,0,0,0,0,0,1,0,0,0,0,0
249,12,11,0,1,0,0,0,0,0,0,0,0,0,0,0,0,0,0
250,12,2,0,0,0,0,0,0,0,0,0,0,1,0,0,0,0,0
251,12,11,0,1,0,0,0,0,0,0,0,0,0,0,0,0,0,0
252,12,2,0,0,0,0,0,0,0,0,0,0,1,0,0,0,0,0
253,12,11,0,1,0,1,0,0,0,0,0,0,0,0,0,0,0,0
254,12,2,0,0,0,1,0,0,0,0,0,0,0,0,0,0,0,0
255,13,14,0,1,0,0,0,0,0,0,0,0,0,0,0,0,0,0
256,13,14,0,1,0,0,0,0,0,0,0,0,0,0,0,0,0,0
257,13,14,0,1,0,0,0,0,0,0,0,0,0,0,0,0,0,0
258,13,14,0,1,0,0,0,0,0,0,0,0,0,0,0,0,0,0
259,13,2,0,0,0,0,0,0,0,0,0,0,0,0,0,1,0,0
260,13,14,0,1,0,0,0,0,0,0,0,0,0,0,0,0,0,0
261,13,2,0,0,0,0,0,0,0,0,0,0,0,0,0,1,0,0
262,13,14,0,1,0,0,0,0,0,0,0,0,0,0,0,0,0,0
263,13,2,0,0,0,0,0,0,0,0,0,0,0,0,0,1,0,0
264,13,14,0,1,0,0,0,0,0,0,0,0,0,0,0,0,0,0
265,13,2,0,0,0,0,0,0,0,0,0,0,0,0,0,1,0,0
266,13,14,0,1,0,0,0,0,0,0,0,0,0,0,0,0,0,0
267,13,2,0,0,0,0,0,0,0,0,0,0,0,0,0,1,0,0
268,13,14,0,1,0,0,0,0,0,0,0,0,0,0,0,0,0,0
269,13,2,0,0,0,0,0,0,0,0,0,0,0,0,0,1,0,0
270,13,14,0,1,0,0,0,0,0,0,0,0,0,0,0,0,0,0
271,13,14,0,1,0,0,0,0,0,0,0,0,0,0,0,0,0,0
272,13,2,0,0,0,0,0,0,0,0,0,0,0,0,0,1,0,0
273,13,14,0,1,0,0,0,0,0,0,0,0,0,0,0,0,0,0
274,14,7,0,0,1,0,0,0,0,0,0,0,0,0,0,0,0,0
275,14,7,0,0,1,0,0,0,0,0,0,0,0,0,0,0,0,0
276,14,7,0,0,1,0,0,0,0,0,0,0,0,0,0,0,0,0
277,14,3,0,0,0,0,0,0,1,0,0,0,0,0,0,0,0,0
278,14,7,0,0,1,0,0,0,0,0,0,0,0,0,0,0,0,0
279,14,7,0,0,1,0,0,0,0,0,0,0,0,0,0,0,0,0
280,14,7,0,0,1,0,0,0,0,0,0,0,0,0,0,0,0,0
281,15,4,0,1,0,0,0,0,0,0,0,0,0,0,0,0,0,0
282,15,4,0,1,0,0,0,0,0,0,0,0,0,0,0,0,0,0
283,15,4,0,1,0,0,0,0,0,0,0,0,0,0,0,0,0,0
284,15,4,0,1,0,0,0,0,0,0,0,0,0,0,0,0,0,0
285,15,4,0,1,0,0,0,0,0,0,0,0,0,0,0,0,0,0
286,15,4,0,1,0,0,0,0,0,0,0,0,0,0,0,0,0,0
287,15,4,0,1,0,0,0,0,0,0,0,0,0,0,0,0,0,0
288,15,4,0,1,0,0,0,0,0,0,0,0,0,0,0,0,0,0
289,15,4,0,1,0,0,0,0,0,0,0,0,0,0,0,0,0,0
290,15,2,0,0,0,1,0,0,0,0,0,0,0,0,0,0,0,0
291,15,4,0,1,0,0,0,0,0,0,0,0,0,0,0,0,0,0
292,15,14,0,1,0,0,0,0,0,0,0,0,0,0,0,0,0,0
293,16,14,0,1,0,0,0,0,0,0,0,0,0,0,0,0,0,0
294,16,2,0,0,0,0,0,0,0,0,0,0,0,0,0,1,0,0
295,16,14,0,1,0,0,0,0,0,0,0,0,0,0,0,0,0,0
296,16,2,0,0,0,0,0,0,0,0,0,0,0,0,0,1,0,0
297,16,14,0,1,0,0,0,0,0,0,0,0,0,0,0,0,0,0
298,16,2,0,0,0,0,0,0,0,0,0,0,0,0,0,1,0,0
299,16,14,0,1,0,0,0,0,0,0,0,0,0,0,0,0,0,0
300,16,2,0,0,0,0,0,0,0,0,0,0,0,0,0,1,0,0
301,16,14,0,1,0,0,0,0,0,0,0,0,0,0,0,0,0,0
302,16,2,0,0,0,0,0,0,0,0,0,0,0,0,0,1,0,0
303,16,14,0,1,0,0,0,0,0,0,0,0,0,0,0,0,0,0
304,16,2,0,0,0,0,0,0,0,0,0,0,0,0,0,1,0,0
305,16,14,0,1,0,0,0,0,0,0,0,0,0,0,0,0,0,0
306,16,2,0,0,0,0,0,0,0,0,0,0,0,0,0,1,0,0
307,16,2,0,0,0,0,0,0,0,0,0,0,0,0,0,1,0,0
308,16,14,0,1,0,0,0,0,0,0,0,0,0,0,0,0,0,0
309,16,2,0,0,0,0,0,0,0,0,0,0,0,0,0,1,0,0
310,16,2,0,0,0,0,0,0,0,0,1,0,0,0,0,0,0,0
311,16,9,0,1,0,0,0,0,0,0,0,0,0,0,0,0,0,0
312,16,2,0,0,0,0,0,0,0,0,1,0,0,0,0,0,0,0
313,16,2,0,0,0,0,0,0,0,0,1,0,0,0,0,0,0,0
314,16,2,0,0,0,0,0,0,0,0,1,0,0,0,0,0,0,0
315,16,2,0,0,0,0,0,0,0,0,1,0,0,0,0,0,0,0
316,16,9,0,1,0,0,0,0,0,0,0,0,0,0,0,0,0,0
317,16,2,0,0,0,0,0,0,0,0,1,0,0,0,0,0,0,0
318,16,9,0,1,0,0,0,0,0,0,0,0,0,0,0,0,0,0
319,16,2,0,0,0,0,0,0,0,0,1,0,0,0,0,0,0,0
320,16,9,0,1,0,0,0,0,0,0,0,0,0,0,0,0,0,0
321,16,9,0,1,0,0,0,0,0,0,0,0,0,0,0,0,0,0
322,17,11,0,0,0,1,0,0,0,0,0,0,0,0,0,0,0,0
323,17,2,0,0,0,0,0,0,0,0,0,0,1,0,0,0,0,0
324,17,2,0,0,0,0,0,0,0,0,0,0,0,0,0,0,1,0
325,17,2,0,0,0,0,0,0,0,0,0,0,0,0,0,0,1,0
326,17,2,0,0,0,1,0,0,0,0,0,0,0,0,0,0,0,0
327,17,2,0,0,0,0,0,0,0,0,0,0,0,0,0,0,1,0
328,17,2,0,0,0,0,0,0,0,0,0,0,0,0,0,0,1,0
329,17,15,0,1,0,0,0,0,0,0,0,0,0,0,0,0,0,0
330,17,2,0,0,0,0,0,0,0,0,0,0,0,0,0,0,1,0
331,17,2,0,0,0,0,0,0,0,0,0,0,0,0,0,0,1,0
332,17,2,0,0,0,0,0,0,0,0,0,0,0,0,0,0,1,0
333,17,2,0,0,0,0,0,0,0,0,0,0,0,0,0,0,1,0
334,17,4,0,0,0,0,0,0,0,0,0,0,1,0,0,0,0,0
335,17,2,0,0,0,0,0,0,0,0,0,0,0,0,0,0,1,0
336,17,2,0,0,0,0,0,0,0,0,0,0,0,0,0,0,1,0
337,18,7,0,0,1,0,0,0,0,0,0,0,0,0,0,0,0,0
338,18,3,0,0,0,0,0,0,1,0,0,0,0,0,0,0,0,0
339,18,7,0,0,1,0,0,0,0,0,0,0,0,0,0,0,0,0
340,18,3,0,0,0,0,0,0,1,0,0,0,0,0,0,0,0,0
341,18,7,0,0,1,0,0,0,0,0,0,0,0,0,0,0,0,0
342,18,3,0,0,0,0,0,0,1,0,0,0,0,0,0,0,0,0
343,18,7,0,0,1,0,0,0,0,0,0,0,0,0,0,0,0,0
344,18,7,0,0,1,0,0,0,0,0,0,0,0,0,0,0,0,0
345,19,7,0,0,1,0,0,0,0,0,0,0,0,0,0,0,0,0
346,19,7,0,0,1,0,0,0,0,0,0,0,0,0,0,0,0,0
347,20,2,0,0,0,0,0,0,0,0,0,0,0,0,0,0,1,0
348,20,2,0,0,0,0,0,0,0,0,0,0,0,0,0,0,1,0
349,20,15,0,1,0,0,0,0,0,0,0,0,0,0,0,0,0,0
350,20,2,0,0,0,0,0,0,0,0,0,0,0,0,0,0,1,0
351,20,15,0,1,0,0,0,0,0,0,0,0,0,0,0,0,0,0
352,20,2,0,0,0,0,0,0,0,0,0,0,0,0,0,0,1,0
353,20,15,0,1,0,0,0,0,0,0,0,0,0,0,0,0,0,0
354,20,2,0,0,0,0,0,0,0,0,0,0,0,0,0,0,1,0
355,20,15,0,1,0,0,0,0,0,0,0,0,0,0,0,0,0,0
356,20,2,0,0,0,0,0,0,0,0,0,0,0,0,0,0,1,0
357,20,2,0,0,0,0,0,0,0,0,0,0,0,0,0,0,1,0
358,20,15,0,1,0,0,0,0,0,0,0,0,0,0,0,0,0,0
359,20,2,0,0,0,0,0,0,0,0,0,0,0,0,0,0,1,0
360,20,15,0,1,0,0,0,0,0,0,0,0,0,0,0,0,0,0
361,20,2,0,0,0,0,0,0,0,0,0,0,0,0,0,0,1,0
362,20,15,0,1,0,0,0,0,0,0,0,0,0,0,0,0,0,0
363,20,2,0,0,0,0,0,0,0,0,0,0,0,0,0,0,1,0
364,20,2,0,0,0,0,0,0,0,0,0,0,0,0,0,0,1,0
365,20,15,0,1,0,0,0,0,0,0,0,0,0,0,0,0,0,0
366,20,2,0,0,0,0,0,0,0,0,0,0,0,0,0,0,1,0
367,20,15,0,1,0,0,0,0,0,0,0,0,0,0,0,0,0,0
368,20,2,0,0,0,0,0,0,0,0,0,0,0,0,0,0,1,0
369,20,15,0,1,0,0,0,0,0,0,0,0,0,0,0,0,0,0
370,20,2,0,0,0,0,0,0,0,0,0,0,0,0,0,0,1,0
371,20,15,0,1,0,0,0,0,0,0,0,0,0,0,0,0,0,0
372,20,2,0,0,0,0,0,0,0,0,0,0,0,0,0,0,1,0
373,20,15,0,1,0,0,0,0,0,0,0,0,0,0,0,0,0,0
374,20,2,0,0,0,0,0,0,0,0,0,0,0,0,0,0,1,0
375,20,15,0,1,0,0,0,0,0,0,0,0,0,0,0,0,0,0
376,20,2,0,0,0,0,0,0,0,0,0,0,0,0,0,0,1,0
377,20,15,0,1,0,0,0,0,0,0,0,0,0,0,0,0,0,0
378,20,2,0,0,0,0,0,0,0,0,0,0,0,0,0,0,1,0
379,20,15,0,1,0,0,0,0,0,0,0,0,0,0,0,0,0,0
380,20,2,0,0,0,0,0,0,0,0,0,0,0,0,0,0,1,0
381,20,15,0,1,0,0,0,0,0,0,0,0,0,0,0,0,0,0
382,20,2,0,0,0,0,0,0,0,0,0,0,0,0,0,0,1,0
383,20,15,0,1,0,0,0,0,0,0,0,0,0,0,0,0,0,0
384,20,15,0,1,0,0,0,0,0,0,0,0,0,0,0,0,0,0
385,21,15,0,1,0,0,0,0,0,0,0,0,0,0,0,0,0,0
386,21,2,0,0,0,0,0,0,0,0,0,0,0,0,0,0,1,0
387,21,9,0,0,0,0,0,0,0,0,0,0,0,0,0,0,1,0
388,21,2,0,0,0,0,0,0,0,0,1,0,0,0,0,0,0,0
389,21,9,0,0,0,0,0,0,0,0,0,0,0,0,0,0,1,0
390,21,2,0,0,0,0,0,0,0,0,1,0,0,0,0,0,0,0
391,21,2,0,0,0,0,0,0,0,0,0,0,0,0,0,0,0,1
392,21,16,0,1,0,0,0,0,0,0,0,0,0,0,0,0,0,0
393,21,2,0,0,0,0,0,0,0,0,0,0,0,0,0,0,0,1
394,21,16,0,1,0,0,0,0,0,0,0,0,0,0,0,0,0,0
395,21,16,0,1,0,0,0,0,0,0,0,0,0,0,0,0,0,0
396,21,2,0,0,0,0,0,0,0,0,0,0,0,0,0,0,0,1
397,21,16,0,1,0,0,0,0,0,0,0,0,0,0,0,0,0,0
398,21,16,0,1,0,0,0,0,0,0,0,0,0,0,0,0,0,0
399,21,2,0,0,0,0,0,0,0,0,0,0,0,0,0,0,0,1
400,21,16,0,1,0,0,0,0,0,0,0,0,0,0,0,0,0,0
401,21,2,0,0,0,0,0,0,0,0,0,0,0,0,0,0,0,1
402,21,16,0,1,0,0,0,0,0,0,0,0,0,0,0,0,0,0
403,22,15,0,1,0,0,0,0,0,0,0,0,0,0,0,0,0,0
404,22,2,0,0,0,0,0,0,0,0,0,0,0,0,0,0,1,0
405,22,15,0,1,0,0,0,0,0,0,0,0,0,0,0,0,0,0
406,22,2,0,0,0,0,0,0,0,0,0,0,0,0,0,0,1,0
407,22,2,0,0,0,0,0,0,0,0,0,0,0,0,0,0,1,0
408,22,15,0,1,0,0,0,0,0,0,0,0,0,0,0,0,0,0
409,22,2,0,0,0,0,0,0,0,0,0,0,0,0,0,0,1,0
410,22,15,0,1,0,0,0,0,0,0,0,0,0,0,0,0,0,0
411,22,2,0,0,0,0,0,0,0,0,0,0,0,0,0,0,1,0
412,22,15,0,1,0,0,0,0,0,0,0,0,0,0,0,0,0,0
413,22,2,0,0,0,0,0,0,0,0,0,0,0,0,0,0,1,0
414,22,15,0,1,0,0,0,0,0,0,0,0,0,0,0,0,0,0
415,22,2,0,0,0,0,0,0,0,0,0,0,0,0,0,0,1,0
416,22,15,0,1,0,0,0,0,0,0,0,0,0,0,0,0,0,0
417,22,2,0,0,0,0,0,0,0,0,0,0,0,0,0,0,1,0
418,22,15,0,1,0,0,0,0,0,0,0,0,0,0,0,0,0,0
419,22,2,0,0,0,0,0,0,0,0,0,0,0,0,0,0,1,0
420,22,2,0,0,0,0,0,0,0,0,0,0,0,0,0,0,1,0
421,22,15,0,1,0,0,0,0,0,0,0,0,0,0,0,0,0,0
422,22,2,0,0,0,0,0,0,0,0,0,0,0,0,0,0,1,0
423,22,15,0,1,0,0,0,0,0,0,0,0,0,0,0,0,0,0
424,22,2,0,0,0,0,0,0,0,0,0,0,0,0,0,0,1,0
425,22,15,0,1,0,0,0,0,0,0,0,0,0,0,0,0,0,0
426,22,2,0,0,0,0,0,0,0,0,0,0,0,0,0,0,1,0
427,22,15,0,1,0,0,0,0,0,0,0,0,0,0,0,0,0,0
428,22,2,0,0,0,0,0,0,0,0,0,0,0,0,0,0,1,0
429,23,15,0,0,0,0,0,0,0,0,1,0,0,0,0,0,0,0
430,23,9,0,0,0,0,0,0,0,0,0,0,0,0,0,0,1,0
431,23,9,0,1,0,0,0,0,0,0,0,0,0,0,0,0,0,0
432,23,2,0,0,0,0,0,0,0,0,1,0,0,0,0,0,0,0
433,23,9,0,1,0,0,0,0,0,0,0,0,0,0,0,0,0,0
434,23,2,0,0,0,0,0,0,0,0,0,0,0,0,0,0,1,0
435,23,15,0,0,0,0,0,0,0,0,1,0,0,0,0,0,0,0
436,23,2,0,0,0,0,0,0,0,0,1,0,0,0,0,0,0,0
437,23,9,0,1,0,0,0,0,0,0,0,0,0,0,0,0,0,0
438,23,2,0,0,0,0,0,0,0,0,1,0,0,0,0,0,0,0
439,23,9,0,1,0,0,0,0,0,0,0,0,0,0,0,0,0,0
440,23,2,0,0,0,0,0,0,0,0,1,0,0,0,0,0,0,0
441,23,9,0,1,0,0,0,0,0,0,0,0,0,0,0,0,0,0
442,23,2,0,0,0,0,0,0,0,0,1,0,0,0,0,0,0,0
443,23,9,0,1,0,0,0,0,0,0,0,0,0,0,0,0,0,0
444,23,2,0,0,0,0,0,0,0,0,1,0,0,0,0,0,0,0
445,23,15,0,1,0,0,0,0,0,0,0,0,0,0,0,0,0,0
446,23,2,0,0,0,0,0,0,0,0,1,0,0,0,0,0,0,0
447,23,9,0,1,0,0,0,0,0,0,0,0,0,0,0,0,0,0
448,23,2,0,0,0,0,0,0,0,0,1,0,0,0,0,0,0,0
449,23,9,0,1,0,0,0,0,0,0,0,0,0,0,0,0,0,0
450,23,2,0,0,0,0,0,0,0,0,1,0,0,0,0,0,0,0
451,23,9,0,1,0,0,0,0,0,0,0,0,0,0,0,0,0,0
452,23,2,0,0,0,0,0,0,0,0,1,0,0,0,0,0,0,0
453,23,9,0,1,0,0,0,0,0,0,0,0,0,0,0,0,0,0
454,23,2,0,0,0,0,0,0,0,0,1,0,0,0,0,0,0,0
455,23,9,0,1,0,0,0,0,0,0,0,0,0,0,0,0,0,0
456,23,2,0,0,0,0,0,0,0,0,1,0,0,0,0,0,0,0
457,23,9,0,1,0,0,0,0,0,0,0,0,0,0,0,0,0,0
458,23,2,0,0,0,0,0,0,0,0,1,0,0,0,0,0,0,0
459,23,9,0,1,0,0,0,0,0,0,0,0,0,0,0,0,0,0
460,23,2,0,0,0,0,0,0,0,0,1,0,0,0,0,0,0,0
461,23,9,0,1,0,0,0,0,0,0,0,0,0,0,0,0,0,0
462,23,2,0,0,0,0,0,0,0,0,1,0,0,0,0,0,0,0
463,23,2,0,0,0,0,0,0,0,0,1,0,0,0,0,0,0,0
464,23,2,0,0,0,0,0,0,0,0,1,0,0,0,0,0,0,0
465,24,15,0,1,0,0,0,0,0,0,0,0,0,0,0,0,0,0
466,24,2,0,0,0,0,0,0,0,0,0,0,0,0,0,0,1,0
467,24,15,0,1,0,0,0,0,0,0,0,0,0,0,0,0,0,0
468,24,2,0,0,0,0,0,0,0,0,0,0,0,0,0,0,1,0
469,24,15,0,1,0,0,0,0,0,0,0,0,0,0,0,0,0,0
470,24,2,0,0,0,0,0,0,0,0,0,0,0,0,0,0,1,0
471,24,2,0,0,0,0,0,0,0,0,0,0,0,0,0,0,1,0
472,24,15,0,1,0,0,0,0,0,0,0,0,0,0,0,0,0,0
473,24,2,0,0,0,0,0,0,0,0,0,0,0,0,0,0,1,0
474,24,15,0,1,0,0,0,0,0,0,0,0,0,0,0,0,0,0
475,24,2,0,0,0,0,0,0,0,0,0,0,0,0,0,0,1,0
476,24,15,0,1,0,0,0,0,0,0,0,0,0,0,0,0,0,0
477,24,2,0,0,0,0,0,0,0,0,0,0,0,0,0,0,1,0
478,24,15,0,1,0,0,0,0,0,0,0,0,0,0,0,0,0,0
479,24,2,0,0,0,0,0,0,0,0,0,0,0,0,0,0,1,0
480,24,15,0,1,0,0,0,0,0,0,0,0,0,0,0,0,0,0
481,24,2,0,0,0,0,0,0,0,0,0,0,0,0,0,0,1,0
482,24,15,0,1,0,0,0,0,0,0,0,0,0,0,0,0,0,0
483,24,2,0,0,0,0,0,0,0,0,0,0,0,0,0,0,1,0
484,24,15,0,1,0,0,0,0,0,0,0,0,0,0,0,0,0,0
485,24,2,0,0,0,0,0,0,0,0,0,0,0,0,0,0,1,0
486,24,15,0,1,0,0,0,0,0,0,0,0,0,0,0,0,0,0
487,24,2,0,0,0,0,0,0,0,0,0,0,0,0,0,0,1,0
488,24,15,0,1,0,0,0,0,0,0,0,0,0,0,0,0,0,0
489,24,2,0,0,0,0,0,0,0,0,0,0,0,0,0,0,1,0
490,24,15,0,1,0,0,0,0,0,0,0,0,0,0,0,0,0,0
491,24,2,0,0,0,0,0,0,0,0,0,0,0,0,0,0,1,0
492,24,15,0,1,0,0,0,0,0,0,0,0,0,0,0,0,0,0
493,24,2,0,0,0,0,0,0,0,0,0,0,0,0,0,0,1,0
494,24,15,0,1,0,0,0,0,0,0,0,0,0,0,0,0,0,0
495,24,2,0,0,0,0,0,0,0,0,0,0,0,0,0,0,1,0
496,24,15,0,1,0,0,0,0,0,0,0,0,0,0,0,0,0,0
497,24,2,0,0,0,0,0,0,0,0,0,0,0,0,0,0,1,0
498,24,15,0,1,0,0,0,0,0,0,0,0,0,0,0,0,0,0
499,24,2,0,0,0,0,0,0,0,0,0,0,0,0,0,0,1,0
500,24,2,0,0,0,0,0,0,0,0,0,0,0,0,0,0,1,0
501,24,15,0,1,0,0,0,0,0,0,0,0,0,0,0,0,0,0
502,24,15,0,1,0,0,0,0,0,0,0,0,0,0,0,0,0,0
503,24,2,0,0,0,0,0,0,0,0,0,0,0,0,0,0,1,0
504,24,15,0,1,0,0,0,0,0,0,0,0,0,0,0,0,0,0
505,24,2,0,0,0,0,0,0,0,0,0,0,0,0,0,0,1,0
506,24,15,0,1,0,0,0,0,0,0,0,0,0,0,0,0,0,0
507,24,2,0,0,0,0,0,0,0,0,0,0,0,0,0,0,1,0
508,25,11,0,0,0,1,0,0,0,0,1,0,0,0,0,0,0,0
509,25,4,0,0,0,0,0,0,0,0,0,0,1,0,0,0,0,0
510,25,11,0,0,0,1,0,0,0,0,0,0,0,0,0,0,0,0
511,25,12,0,0,0,0,0,0,0,0,0,0,1,0,0,0,0,0
512,25,11,0,0,0,0,0,0,0,0,0,0,0,1,0,0,0,0
513,25,11,0,0,0,1,0,0,0,0,1,0,0,0,0,0,0,0
514,25,11,0,0,0,1,0,0,0,0,0,0,0,0,0,0,0,0
515,25,11,0,0,0,0,0,0,0,0,1,0,0,0,0,0,0,0
516,25,4,0,0,0,0,0,0,0,0,0,0,1,0,0,0,0,0
517,25,9,0,0,0,0,0,0,0,0,0,0,1,0,0,0,0,0
518,25,4,0,0,0,0,0,0,0,0,0,0,1,0,0,0,0,0
519,25,11,0,0,0,1,0,0,0,0,1,0,0,0,0,0,0,0
520,26,4,0,0,0,0,0,0,0,0,1,0,0,0,0,0,0,0
521,26,9,0,0,0,1,0,0,0,0,0,0,0,0,0,0,0,0
522,26,4,0,0,0,0,0,0,0,0,1,0,0,0,0,0,0,0
523,26,4,0,0,0,0,0,0,0,0,1,0,0,0,0,0,0,0
524,26,9,0,0,0,1,0,0,0,0,0,0,0,0,0,0,0,0
525,26,4,0,0,0,0,0,0,0,0,1,0,0,0,0,0,0,0
526,26,4,0,0,0,0,0,0,0,0,1,0,0,0,0,0,0,0
527,26,9,0,0,0,1,0,0,0,0,0,0,0,0,0,0,0,0
528,26,4,0,0,0,0,0,0,0,0,1,0,0,0,0,0,0,0
529,27,2,0,0,0,0,0,0,0,0,0,0,0,0,0,0,1,0
530,27,15,0,1,0,0,0,0,0,0,0,0,0,0,0,0,0,0
531,27,2,0,0,0,0,0,0,0,0,0,0,0,0,0,0,1,0
532,27,15,0,1,0,0,0,0,0,0,0,0,0,0,0,0,0,0
533,27,2,0,0,0,0,0,0,0,0,0,0,0,0,0,0,1,0
534,27,15,0,1,0,0,0,0,0,0,0,0,0,0,0,0,0,0
535,27,2,0,0,0,0,0,0,0,0,0,0,0,0,0,0,1,0
536,27,15,0,1,0,0,0,0,0,0,0,0,0,0,0,0,0,0
537,27,2,0,0,0,0,0,0,0,0,0,0,0,0,0,0,1,0
538,27,15,0,1,0,0,0,0,0,0,0,0,0,0,0,0,0,0
539,27,2,0,0,0,0,0,0,0,0,0,0,0,0,0,0,1,0
540,27,15,0,1,0,0,0,0,0,0,0,0,0,0,0,0,0,0
541,27,2,0,0,0,0,0,0,0,0,0,0,0,0,0,0,1,0
542,27,15,0,1,0,0,0,0,0,0,0,0,0,0,0,0,0,0
543,27,2,0,0,0,0,0,0,0,0,0,0,0,0,0,0,1,0
544,27,15,0,1,0,0,0,0,0,0,0,0,0,0,0,0,0,0
545,27,2,0,0,0,0,0,0,0,0,0,0,0,0,0,0,1,0
546,27,15,0,1,0,0,0,0,0,0,0,0,0,0,0,0,0,0
547,27,2,0,0,0,0,0,0,0,0,0,0,0,0,0,0,1,0
548,27,15,0,1,0,0,0,0,0,0,0,0,0,0,0,0,0,0
549,27,2,0,0,0,0,0,0,0,0,0,0,0,0,0,0,1,0
550,27,15,0,1,0,0,0,0,0,0,0,0,0,0,0,0,0,0
551,27,2,0,0,0,0,0,0,0,0,0,0,0,0,0,0,1,0
552,27,15,0,1,0,0,0,0,0,0,0,0,0,0,0,0,0,0
553,27,2,0,0,0,0,0,0,0,0,0,0,0,0,0,0,1,0
554,27,15,0,1,0,0,0,0,0,0,0,0,0,0,0,0,0,0
555,27,2,0,0,0,0,0,0,0,0,0,0,0,0,0,0,1,0
556,27,15,0,1,0,0,0,0,0,0,0,0,0,0,0,0,0,0
557,27,2,0,0,0,0,0,0,0,0,0,0,0,0,0,0,1,0
558,27,15,0,1,0,0,0,0,0,0,0,0,0,0,0,0,0,0
559,27,2,0,0,0,0,0,0,0,0,0,0,0,0,0,0,1,0
560,27,15,0,1,0,0,0,0,0,0,0,0,0,0,0,0,0,0
561,27,2,0,0,0,0,0,0,0,0,0,0,0,0,0,0,1,0
562,27,15,0,1,0,0,0,0,0,0,0,0,0,0,0,0,0,0
563,27,2,0,0,0,0,0,0,0,0,0,0,0,0,0,0,1,0
564,27,15,0,1,0,0,0,0,0,0,0,0,0,0,0,0,0,0
565,27,2,0,0,0,0,0,0,0,0,0,0,0,0,0,0,1,0
566,27,15,0,1,0,0,0,0,0,0,0,0,0,0,0,0,0,0
567,27,2,0,0,0,0,0,0,0,0,0,0,0,0,0,0,1,0
568,27,15,0,1,0,0,0,0,0,0,0,0,0,0,0,0,0,0
569,27,2,0,0,0,0,0,0,0,0,0,0,0,0,0,0,1,0
570,27,15,0,1,0,0,0,0,0,0,0,0,0,0,0,0,0,0
571,27,2,0,0,0,0,0,0,0,0,0,0,0,0,0,0,1,0
572,27,15,0,1,0,0,0,0,0,0,0,0,0,0,0,0,0,0
573,27,2,0,0,0,0,0,0,0,0,0,0,0,0,0,0,1,0
574,27,15,0,1,0,0,0,0,0,0,0,0,0,0,0,0,0,0
575,27,2,0,0,0,0,0,0,0,0,0,0,0,0,0,0,1,0
576,27,15,0,1,0,0,0,0,0,0,0,0,0,0,0,0,0,0
577,27,2,0,0,0,0,0,0,0,0,0,0,0,0,0,0,1,0
578,27,15,0,1,0,0,0,0,0,0,0,0,0,0,0,0,0,0
579,28,2,0,0,0,0,0,0,0,0,1,0,0,0,0,0,0,0
580,28,9,0,1,0,0,0,0,0,0,0,0,0,0,0,0,0,0
581,28,2,0,0,0,0,0,0,0,0,1,0,0,0,0,0,0,0
582,28,9,0,1,0,0,0,0,0,0,0,0,0,0,0,0,0,0
583,28,2,0,0,0,0,0,0,0,0,1,0,0,0,0,0,0,0
584,28,9,0,1,0,0,0,0,0,0,0,0,0,0,0,0,0,0
585,28,2,0,0,0,0,0,0,0,0,1,0,0,0,0,0,0,0
586,28,9,0,1,0,0,0,0,0,0,0,0,0,0,0,0,0,0
587,28,2,0,0,0,0,0,0,0,0,1,0,0,0,0,0,0,0
588,28,9,0,1,0,0,0,0,0,0,0,0,0,0,0,0,0,0
589,28,2,0,0,0,0,0,0,0,0,1,0,0,0,0,0,0,0
590,28,2,0,0,0,0,0,0,0,0,1,0,0,0,0,0,0,0
591,28,15,0,1,0,0,0,0,0,0,0,0,0,0,0,0,0,0
592,28,9,0,1,0,0,0,0,0,0,0,0,0,0,0,0,0,0
593,28,2,0,0,0,0,0,0,0,0,1,0,0,0,0,0,0,0
594,28,15,0,0,0,0,0,0,0,0,1,0,0,0,0,0,0,0
595,28,9,0,0,0,0,0,0,0,0,0,0,0,0,0,0,1,0
596,28,15,0,0,0,0,0,0,0,0,1,0,0,0,0,0,0,0
597,28,9,0,1,0,0,0,0,0,0,0,0,0,0,0,0,0,0
598,28,2,0,0,0,0,0,0,0,0,1,0,0,0,0,0,0,0
599,28,9,0,1,0,0,0,0,0,0,0,0,0,0,0,0,0,0
600,28,2,0,0,0,0,0,0,0,0,1,0,0,0,0,0,0,0
601,28,9,0,1,0,0,0,0,0,0,0,0,0,0,0,0,0,0
602,28,2,0,0,0,0,0,0,0,0,1,0,0,0,0,0,0,0
603,28,9,0,1,0,0,0,0,0,0,0,0,0,0,0,0,0,0
604,28,2,0,0,0,0,0,0,0,0,1,0,0,0,0,0,0,0
605,28,2,0,0,0,0,0,0,0,0,0,0,0,0,0,0,1,0
606,28,15,0,1,0,0,0,0,0,0,1,0,0,0,0,0,0,0
607,28,9,0,1,0,0,0,0,0,0,0,0,0,0,0,0,0,0
608,29,4,0,1,0,0,0,0,0,0,0,0,0,0,0,0,0,0
609,29,2,0,0,0,1,0,0,0,0,0,0,0,0,0,0,0,0
610,29,4,0,0,0,0,0,0,0,0,0,0,0,0,0,0,1,0
611,29,15,0,0,0,1,0,0,0,0,0,0,0,0,0,0,0,0
612,29,4,0,0,0,0,0,0,0,0,0,0,0,0,0,0,1,0
613,29,2,0,0,0,0,0,0,0,0,1,0,0,0,0,0,0,0
614,29,9,0,1,0,0,0,0,0,0,0,0,0,0,0,0,0,0
615,29,9,0,1,0,0,0,0,0,0,0,0,0,0,0,0,0,0
616,29,2,0,0,0,0,0,0,0,0,1,0,0,0,0,0,0,0
617,29,9,0,1,0,0,0,0,0,0,0,0,0,0,0,0,0,0
618,29,15,0,0,0,0,0,0,0,0,1,0,0,0,0,0,0,0
619,29,2,0,0,0,0,0,0,0,0,1,0,0,0,0,0,1,0
620,29,15,0,1,0,0,0,0,0,0,0,0,0,0,0,0,0,0
621,29,9,0,1,0,0,0,0,0,0,0,0,0,0,0,0,0,0
622,29,2,0,0,0,0,0,0,0,0,0,0,0,0,0,0,1,0
623,29,15,0,1,0,0,0,0,0,0,0,0,0,0,0,0,0,0
624,29,9,0,1,0,0,0,0,0,0,0,0,0,0,0,0,1,0
625,29,15,0,0,0,0,0,0,0,0,1,0,0,0,0,0,0,0
626,29,9,0,0,0,0,0,0,0,0,0,0,0,0,0,0,1,0
627,29,2,0,0,0,0,0,0,0,0,0,0,0,0,0,0,1,0
628,29,15,0,1,0,0,0,0,0,0,0,0,0,0,0,0,0,0
629,29,2,0,0,0,0,0,0,0,0,0,0,0,0,0,0,1,0
630,29,9,0,1,0,0,0,0,0,0,0,0,0,0,0,0,1,0
631,29,4,0,1,0,0,0,0,0,0,1,0,0,0,0,0,1,0
632,29,9,0,0,0,1,0,0,0,0,0,0,0,0,0,0,0,0
633,29,4,0,0,0,0,0,0,0,0,1,0,0,0,0,0,0,0
634,29,2,0,0,0,1,0,0,0,0,0,0,0,0,0,0,0,0
635,29,4,0,1,0,0,0,0,0,0,0,0,0,0,0,0,0,0
636,29,15,0,1,0,0,0,0,0,0,1,0,0,0,0,0,0,0
637,29,9,0,1,0,0,0,0,0,0,0,0,0,0,0,0,1,0
638,29,2,0,0,0,0,0,0,0,0,1,0,0,0,0,0,1,0
639,29,9,0,1,0,0,0,0,0,0,0,0,0,0,0,0,0,0
640,29,4,0,1,0,0,0,0,0,0,1,0,0,0,0,0,1,0
641,29,2,0,0,0,1,0,0,0,0,0,0,0,0,0,0,0,0
642,29,9,0,1,0,0,0,0,0,0,0,0,0,0,0,0,1,0
643,29,2,0,0,0,0,0,0,0,0,1,0,0,0,0,0,1,0
644,29,15,0,1,0,0,0,0,0,0,0,0,0,0,0,0,0,0
645,29,2,0,0,0,0,0,0,0,0,0,0,0,0,0,0,1,0
646,29,9,0,1,0,0,0,0,0,0,0,0,0,0,0,0,0,0
647,29,2,0,0,0,0,0,0,0,0,1,0,0,0,0,0,0,0
648,30,9,0,0,0,0,0,0,0,0,0,0,0,0,0,1,0,0
649,30,14,0,0,0,0,0,0,0,0,1,0,0,0,0,0,0,0
650,30,9,0,0,0,0,0,0,0,0,0,0,0,0,0,1,0,0
651,30,14,0,0,0,0,0,0,0,0,1,0,0,0,0,0,0,0
652,31,11,0,0,0,0,0,0,0,0,0,0,0,1,0,0,0,0
653,31,12,0,0,0,0,0,0,0,0,0,0,1,0,0,0,0,0
654,31,11,0,0,0,0,0,0,0,0,0,0,0,1,0,0,0,0
655,31,12,0,0,0,0,0,0,0,0,0,0,1,0,0,0,0,0
656,31,11,0,0,0,0,0,0,0,0,0,0,0,1,0,0,0,0
657,31,12,0,0,0,0,0,0,0,0,0,0,1,0,0,0,0,0
658,31,11,0,0,0,0,0,0,0,0,0,0,0,1,0,0,0,0
659,32,2,0,0,0,1,0,0,0,0,0,0,0,0,0,0,0,0
660,32,4,0,1,0,0,0,0,0,0,0,0,0,0,0,0,0,0
661,32,2,0,0,0,1,0,0,0,0,0,0,0,0,0,0,0,0
662,32,4,0,1,0,0,0,0,0,0,0,0,0,0,0,0,0,0
663,32,4,0,1,0,0,0,0,0,0,0,0,0,0,0,0,0,0
664,32,2,0,0,0,1,0,0,0,0,0,0,0,0,0,0,0,0
665,32,4,0,1,0,0,0,0,0,0,0,0,0,0,0,0,0,0
666,33,4,0,1,0,0,0,0,0,0,0,0,0,0,0,0,0,0
667,33,2,0,0,0,1,0,0,0,0,0,0,0,0,0,0,0,0
668,33,4,0,1,0,0,0,0,0,0,0,0,0,0,0,0,0,0
669,33,2,0,0,0,1,0,0,0,0,0,0,0,0,0,0,0,0
670,33,4,0,1,0,0,0,0,0,0,0,0,0,0,0,0,0,0
671,33,2,0,0,0,1,0,0,0,0,0,0,0,0,0,0,0,0
672,33,4,0,1,0,0,0,0,0,0,0,0,0,0,0,0,0,0
673,33,2,0,0,0,1,0,0,0,0,0,0,0,0,0,0,0,0
674,33,2,0,0,0,1,0,0,0,0,0,0,0,0,0,0,0,0
675,33,4,0,1,0,0,0,0,0,0,0,0,0,0,0,0,0,0
676,33,2,0,0,0,1,0,0,0,0,0,0,0,0,0,0,0,0
677,33,4,0,1,0,0,0,0,0,0,0,0,0,0,0,0,0,0
678,33,2,0,0,0,1,0,0,0,0,0,0,0,0,0,0,0,0
679,33,4,0,1,0,0,0,0,0,0,0,0,0,0,0,0,0,0
680,33,2,0,0,0,1,0,0,0,0,0,0,0,0,0,0,0,0
681,33,4,0,1,0,0,0,0,0,0,0,0,0,0,0,0,0,0
682,33,2,0,0,0,1,0,0,0,0,0,0,0,0,0,0,0,0
683,33,4,0,1,0,0,0,0,0,0,0,0,0,0,0,0,0,0
684,33,2,0,0,0,1,0,0,0,0,0,0,0,0,0,0,0,0
685,33,4,0,1,0,0,0,0,0,0,0,0,0,0,0,0,0,0
686,34,2,0,0,0,1,0,0,0,0,0,0,0,0,0,0,0,0
687,34,4,0,1,0,0,0,0,0,0,0,0,0,0,0,0,0,0
688,34,2,0,0,0,1,0,0,0,0,0,0,0,0,0,0,0,0
689,34,4,0,1,0,0,0,0,0,0,0,0,0,0,0,0,0,0
690,34,2,0,0,0,1,0,0,0,0,0,0,0,0,0,0,0,0
691,34,4,0,1,0,0,0,0,0,0,0,0,0,0,0,0,0,0
692,34,2,0,0,0,1,0,0,0,0,0,0,0,0,0,0,0,0
693,34,4,0,1,0,0,0,0,0,0,0,0,0,0,0,0,0,0
694,34,2,0,0,0,1,0,0,0,0,0,0,0,0,0,0,0,0
695,34,4,0,1,0,0,0,0,0,0,0,0,0,0,0,0,0,0
696,34,2,0,0,0,1,0,0,0,0,0,0,0,0,0,0,0,0
697,34,2,0,0,0,1,0,0,0,0,0,0,0,0,0,0,0,0
698,34,2,0,0,0,1,0,0,0,0,0,0,0,0,0,0,0,0
699,35,15,0,0,0,0,0,0,0,0,1,0,0,0,0,0,0,0
700,35,9,0,0,0,0,0,0,0,0,0,0,0,0,0,0,1,0
701,35,9,0,1,0,0,0,0,0,0,0,0,0,0,0,0,0,0
702,35,9,0,0,0,0,0,0,0,0,0,0,0,0,0,0,1,0
703,35,15,0,0,0,0,0,0,0,0,1,0,0,0,0,0,0,0
704,35,15,0,1,0,0,0,0,0,0,0,0,0,0,0,0,0,0
705,35,2,0,0,0,0,0,0,0,0,0,0,0,0,0,0,1,0
706,35,2,0,0,0,0,0,0,0,0,1,0,0,0,0,0,0,0
707,35,9,0,1,0,0,0,0,0,0,0,0,0,0,0,0,0,0
708,35,15,0,1,0,0,0,0,0,0,0,0,0,0,0,0,0,0
709,35,2,0,0,0,0,0,0,0,0,0,0,0,0,0,0,1,0
710,35,2,0,0,0,0,0,0,0,0,1,0,0,0,0,0,0,0
711,35,9,0,1,0,0,0,0,0,0,0,0,0,0,0,0,0,0
712,35,2,0,0,0,0,0,0,0,0,0,0,0,0,0,0,1,0
713,35,15,0,1,0,0,0,0,0,0,0,0,0,0,0,0,0,0
714,35,2,0,0,0,0,0,0,0,0,0,0,0,0,0,0,1,0
715,35,15,0,1,0,0,0,0,0,0,0,0,0,0,0,0,0,0
716,35,15,0,1,0,0,0,0,0,0,1,0,0,0,0,0,0,0
717,36,4,0,0,0,0,0,0,0,0,0,0,0,0,0,1,0,0
718,36,14,0,0,0,1,0,0,0,0,0,0,0,0,0,0,0,0
719,36,4,0,0,0,0,0,0,0,0,0,0,0,0,0,1,0,0
720,36,14,0,0,0,1,0,0,0,0,0,0,0,0,0,0,0,0
721,37,9,0,1,0,0,0,0,0,0,0,0,0,0,0,0,1,0
722,38,7,0,0,1,0,0,0,0,0,0,0,0,0,0,0,0,0
723,39,9,0,1,0,0,0,0,0,0,0,0,0,0,0,0,0,0
724,39,15,0,1,0,0,0,0,0,0,1,0,0,0,0,0,0,0
725,39,9,0,1,0,0,0,0,0,0,0,0,0,0,0,0,1,0
726,39,2,0,0,0,0,0,0,0,0,1,0,0,0,0,0,0,0
727,39,9,0,1,0,0,0,0,0,0,0,0,0,0,0,0,0,0
728,39,2,0,0,0,0,0,0,0,0,1,0,0,0,0,0,1,0
729,39,15,0,1,0,0,0,0,0,0,0,0,0,0,0,0,0,0
730,39,2,0,0,0,0,0,0,0,0,1,0,0,0,0,0,1,0
731,40,2,0,0,0,0,0,0,0,0,1,0,0,0,0,0,0,0
732,40,9,0,1,0,0,0,0,0,0,0,0,0,0,0,0,0,0
733,40,2,0,0,0,0,0,0,0,0,1,0,0,0,0,0,0,0
734,40,9,0,1,0,0,0,0,0,0,0,0,0,0,0,0,0,0
735,40,9,0,1,0,0,0,0,0,0,0,0,0,0,0,0,0,0
736,41,2,0,0,0,0,0,0,1,0,0,0,0,0,0,0,0,0
737,41,7,0,1,0,0,0,0,0,0,0,0,0,0,0,0,0,0
738,41,2,0,0,0,0,0,0,1,0,0,0,0,0,0,0,0,0
739,41,7,0,1,0,0,0,0,0,0,0,0,0,0,0,0,0,0
740,41,2,0,0,0,0,0,0,1,0,0,0,0,0,0,0,0,0
741,41,7,0,1,0,0,0,0,0,0,0,0,0,0,0,0,0,0
742,41,2,0,0,0,0,0,0,1,0,0,0,0,0,0,0,0,0
743,41,7,0,1,0,0,0,0,0,0,0,0,0,0,0,0,0,0
744,41,2,0,0,0,0,0,0,1,0,0,0,0,0,0,0,0,0
745,41,7,0,1,0,0,0,0,0,0,0,0,0,0,0,0,0,0
746,41,7,0,1,0,0,0,0,0,0,0,0,0,0,0,0,0,0
747,41,3,0,0,0,0,0,0,0,0,0,0,0,0,0,0,0,1
748,41,7,0,1,0,0,0,0,0,0,0,0,0,0,0,0,0,0
749,41,7,0,1,0,0,0,0,0,0,0,0,0,0,0,0,0,0
750,41,7,0,1,0,0,0,0,0,0,0,0,0,0,0,0,0,0
751,41,9,0,0,0,0,0,0,0,0,0,0,0,0,0,0,1,0
752,41,15,0,0,0,0,0,0,0,0,1,0,0,0,0,0,0,0
753,41,9,0,0,0,0,0,0,0,0,0,0,0,0,0,0,1,0
754,41,15,0,0,0,0,0,0,0,0,1,0,0,0,0,0,0,0
755,41,7,0,1,0,0,0,0,0,0,0,0,0,0,0,0,0,0
756,41,14,0,0,0,0,0,0,0,0,0,0,0,0,0,0,0,1
757,41,16,0,0,0,1,0,0,0,0,0,0,0,0,0,0,0,0
758,41,4,0,0,0,0,0,0,0,0,0,0,0,0,0,0,0,1
759,41,7,0,1,0,0,0,0,0,0,0,0,0,0,0,0,0,0
760,41,6,0,1,0,0,0,0,0,0,0,0,0,0,0,0,0,0
761,41,2,0,0,0,0,0,1,0,0,0,0,0,0,0,0,0,0
762,41,6,0,1,0,0,0,0,0,0,0,0,0,0,0,0,0,0
763,41,6,0,1,0,0,0,0,0,0,0,0,0,0,0,0,0,0
764,41,2,0,0,0,0,0,1,0,0,0,0,0,0,0,0,0,0
765,41,6,0,1,0,0,0,0,0,0,0,0,0,0,0,0,0,0
766,41,2,0,0,0,0,0,1,0,0,0,0,0,0,0,0,0,0
767,41,6,0,1,0,0,0,0,0,0,0,0,0,0,0,0,0,0
768,41,7,0,1,0,0,0,0,0,0,0,0,0,0,0,0,0,0
769,41,2,0,0,0,1,0,0,0,0,0,0,0,0,0,0,0,0
770,41,4,0,1,0,0,0,0,0,0,0,0,0,0,0,0,0,0
771,41,9,0,1,0,1,0,0,0,0,0,0,0,0,0,0,0,0
772,41,2,0,0,0,1,0,0,0,0,1,0,0,0,0,0,0,0
773,41,4,0,1,0,0,0,0,0,0,0,0,0,0,0,0,0,0
774,41,2,0,0,0,1,0,0,0,0,0,0,0,0,0,0,0,0
775,41,9,0,1,0,1,0,0,0,0,0,0,0,0,0,0,0,0
776,41,2,0,0,0,1,0,0,0,0,1,0,0,0,0,0,0,0
777,41,9,0,1,0,0,0,0,0,0,0,0,0,0,0,0,0,0
778,41,4,0,1,0,0,0,0,0,0,0,0,0,0,0,0,0,0
779,41,2,0,0,0,1,0,0,0,0,1,0,0,0,0,0,0,0
780,41,2,0,0,0,1,0,0,0,0,0,0,0,0,0,0,0,0
781,41,4,0,1,0,0,0,0,0,0,0,0,0,0,0,0,0,0
782,41,2,0,0,0,0,0,0,0,0,1,0,0,0,0,0,0,0
783,41,9,0,1,0,0,0,0,0,0,0,0,0,0,0,0,0,0
784,41,2,0,0,0,0,0,0,0,0,0,0,0,0,0,0,0,1
785,41,3,0,0,0,0,0,0,1,0,0,0,0,0,0,0,0,0
786,41,2,0,0,0,0,0,0,1,0,0,0,0,0,0,0,0,0
787,41,2,0,0,0,0,0,0,1,0,0,0,0,0,0,0,0,0
788,41,7,0,1,0,0,0,0,0,0,0,0,0,0,0,0,0,0
789,41,2,0,0,0,0,0,0,1,0,0,0,0,0,0,0,0,0
790,41,9,0,1,0,0,0,0,0,0,0,0,0,0,0,0,0,0
791,41,2,0,0,0,0,0,0,0,0,1,0,0,0,0,0,0,0
792,41,9,0,1,0,0,0,0,0,0,0,0,0,0,0,0,0,0
793,41,2,0,0,0,0,0,0,0,0,1,0,0,0,0,0,0,0
794,41,2,0,0,0,0,0,0,0,0,0,0,0,0,0,0,1,0
795,41,15,0,1,0,0,0,0,0,0,0,0,0,0,0,0,0,0
796,41,9,0,0,0,0,0,0,0,0,0,0,0,0,0,0,1,0
797,41,15,0,1,0,0,0,0,0,0,1,0,0,0,0,0,0,0
798,42,14,0,1,0,0,0,0,0,0,1,0,0,0,0,0,1,1
799,42,14,0,1,0,0,0,0,0,0,1,0,0,0,0,0,1,1
800,42,2,0,0,0,0,0,0,0,0,1,0,0,0,0,0,1,1
801,42,16,0,1,0,0,0,0,0,0,0,0,0,0,0,0,0,0
802,43,4,0,1,0,0,0,0,0,0,0,0,0,0,0,0,0,0
803,43,2,0,0,0,1,0,0,0,0,0,0,0,0,0,0,0,0
804,43,4,0,1,0,0,0,0,0,0,0,0,0,0,0,0,0,0
805,43,2,0,0,0,1,0,0,0,0,0,0,0,0,0,0,0,0
806,43,4,0,1,0,0,0,0,0,0,0,0,0,0,0,0,0,0
807,44,9,0,1,0,0,0,0,0,0,0,0,0,0,0,0,0,0
808,44,16,0,1,0,0,0,0,0,0,0,0,0,0,0,0,0,0
809,44,2,0,0,0,1,0,0,0,0,1,0,0,0,0,1,1,1
810,44,14,0,1,0,0,0,0,0,0,0,0,0,0,0,0,0,0
811,44,14,0,1,0,0,0,0,0,0,0,0,0,0,0,0,0,0
812,44,2,0,0,0,1,0,0,0,0,1,0,0,0,0,1,1,1
813,45,4,0,1,0,0,0,0,0,0,0,0,0,0,0,0,0,0
814,45,2,0,0,0,1,0,0,0,0,0,0,0,0,0,0,0,0
815,45,4,0,1,0,0,0,0,0,0,0,0,0,0,0,0,0,0
816,45,2,0,0,0,1,0,0,0,0,0,0,0,0,0,0,0,0
