eventID,sceneID,speakerID,N'Jobu (1),Zuri (2),T'Chaka (3),Okoye (4),T'Challa (5),Nakia (6),Ramonda (7),Shuri (8),Ayo (9),Erik Killmonger (10),Ulysses Klaue (11),M'Baku (12),W'Kabi (13),Sophia (14),Everett Ross (15),Linda (16),Bucky Barnes (17)
1,1,1,0,1,0,0,0,0,0,0,0,0,0,0,0,0,0,0,0
2,1,1,0,1,0,0,0,0,0,0,0,0,0,0,0,0,0,0,0
3,1,2,1,0,0,0,0,0,0,0,0,0,0,0,0,0,0,0,0
4,1,1,0,1,0,0,0,0,0,0,0,0,0,0,0,0,0,0,0
5,1,2,1,0,0,0,0,0,0,0,0,0,0,0,0,0,0,0,0
6,1,1,0,1,0,0,0,0,0,0,0,0,0,0,0,0,0,0,0
7,1,2,1,0,0,0,0,0,0,0,0,0,0,0,0,0,0,0,0
8,1,1,0,1,0,0,0,0,0,0,0,0,0,0,0,0,0,0,0
9,1,1,0,0,1,0,0,0,0,0,0,0,0,0,0,0,0,0,0
10,1,3,0,1,0,0,0,0,0,0,0,0,0,0,0,0,0,0,0
11,1,1,0,0,1,0,0,0,0,0,0,0,0,0,0,0,0,0,0
12,1,3,1,0,0,0,0,0,0,0,0,0,0,0,0,0,0,0,0
13,1,3,1,0,0,0,0,0,0,0,0,0,0,0,0,0,0,0,0
14,1,3,1,0,0,0,0,0,0,0,0,0,0,0,0,0,0,0,0
15,1,1,0,0,1,0,0,0,0,0,0,0,0,0,0,0,0,0,0
16,1,3,1,0,0,0,0,0,0,0,0,0,0,0,0,0,0,0,0
17,1,1,0,0,1,0,0,0,0,0,0,0,0,0,0,0,0,0,0
18,1,3,1,0,0,0,0,0,0,0,0,0,0,0,0,0,0,0,0
19,1,1,0,0,1,0,0,0,0,0,0,0,0,0,0,0,0,0,0
20,1,3,0,1,0,0,0,0,0,0,0,0,0,0,0,0,0,0,0
21,1,2,1,0,0,0,0,0,0,0,0,0,0,0,0,0,0,0,0
22,1,1,0,1,0,0,0,0,0,0,0,0,0,0,0,0,0,0,0
23,1,1,0,1,0,0,0,0,0,0,0,0,0,0,0,0,0,0,0
24,1,3,1,0,0,0,0,0,0,0,0,0,0,0,0,0,0,0,0
25,1,1,0,1,0,0,0,0,0,0,0,0,0,0,0,0,0,0,0
26,1,3,1,0,0,0,0,0,0,0,0,0,0,0,0,0,0,0,0
27,1,3,1,0,0,0,0,0,0,0,0,0,0,0,0,0,0,0,0
28,1,3,1,0,0,0,0,0,0,0,0,0,0,0,0,0,0,0,0
29,2,4,0,0,0,0,1,0,0,0,0,0,0,0,0,0,0,0,0
30,2,5,0,0,0,1,0,0,0,0,0,0,0,0,0,0,0,0,0
31,2,5,0,0,0,1,0,0,0,0,0,0,0,0,0,0,0,0,0
32,2,4,0,0,0,0,1,0,0,0,0,0,0,0,0,0,0,0,0
33,2,5,0,0,0,1,0,0,0,0,0,0,0,0,0,0,0,0,0
34,3,6,0,0,0,0,1,0,0,0,0,0,0,0,0,0,0,0,0
35,3,5,0,0,0,0,0,1,0,0,0,0,0,0,0,0,0,0,0
36,3,5,0,0,0,0,0,1,0,0,0,0,0,0,0,0,0,0,0
37,3,4,0,0,0,0,1,0,0,0,0,0,0,0,0,0,0,0,0
38,3,6,0,0,0,0,1,0,0,0,0,0,0,0,0,0,0,0,0
39,3,5,0,0,0,0,0,1,0,0,0,0,0,0,0,0,0,0,0
40,4,4,0,0,0,0,1,1,0,0,0,0,0,0,0,0,0,0,0
41,4,5,0,0,0,1,0,1,0,0,0,0,0,0,0,0,0,0,0
42,5,6,0,0,0,0,0,0,1,1,0,0,0,0,0,0,0,0,0
43,5,7,0,0,0,0,0,1,0,0,0,0,0,0,0,0,0,0,0
44,5,4,0,0,0,0,0,0,0,0,1,0,0,0,0,0,0,0,0
45,5,9,0,0,0,1,0,0,0,0,0,0,0,0,0,0,0,0,0
46,5,8,0,0,0,1,0,0,0,0,0,0,0,0,0,0,0,0,0
47,5,4,0,0,0,0,0,0,0,1,0,0,0,0,0,0,0,0,0
48,5,5,0,0,0,1,0,0,0,0,0,0,0,0,0,0,0,0,0
49,5,5,0,0,0,0,0,0,0,1,0,0,0,0,0,0,0,0,0
50,5,8,0,0,0,0,1,0,0,0,0,0,0,0,0,0,0,0,0
51,5,5,0,0,0,0,0,0,0,1,0,0,0,0,0,0,0,0,0
52,5,8,0,0,0,0,1,0,0,0,0,0,0,0,0,0,0,0,0
53,5,5,0,0,0,0,0,0,0,1,0,0,0,0,0,0,0,0,0
54,5,8,0,0,0,0,1,0,0,0,0,0,0,0,0,0,0,0,0
55,5,5,0,0,0,0,0,0,0,1,0,0,0,0,0,0,0,0,0
56,5,7,0,0,0,0,0,0,0,1,0,0,0,0,0,0,0,0,0
57,5,8,0,0,0,0,0,0,1,0,0,0,0,0,0,0,0,0,0
58,5,5,0,0,0,0,0,0,1,0,0,0,0,0,0,0,0,0,0
59,5,7,0,0,0,0,1,0,0,0,0,0,0,0,0,0,0,0,0
60,5,7,0,0,0,0,1,0,0,0,0,0,0,0,0,0,0,0,0
61,6,10,0,0,0,0,0,0,0,0,0,0,1,0,0,0,0,0,0
62,6,11,0,0,0,0,0,0,0,0,0,1,0,0,0,0,0,0,0
63,6,11,0,0,0,0,0,0,0,0,0,1,0,0,0,0,0,0,0
64,6,11,0,0,0,0,0,0,0,0,0,1,0,0,0,0,0,0,0
65,6,11,0,0,0,0,0,0,0,0,0,1,0,0,0,0,0,0,0
66,6,10,0,0,0,0,0,0,0,0,0,0,1,0,0,0,0,0,0
67,6,11,0,0,0,0,0,0,0,0,0,1,0,0,0,0,0,0,0
68,6,10,0,0,0,0,0,0,0,0,0,0,1,0,0,0,0,0,0
69,6,11,0,0,0,0,0,0,0,0,0,1,0,0,0,0,0,0,0
70,6,11,0,0,0,0,0,0,0,0,0,1,0,0,0,0,0,0,0
71,6,10,0,0,0,0,0,0,0,0,0,0,1,0,0,0,0,0,0
72,7,2,0,0,0,0,0,1,0,0,0,0,0,0,1,0,0,0,0
73,7,2,0,0,0,0,0,0,1,1,0,0,0,0,0,0,0,0,0
74,7,8,0,1,0,0,0,0,0,0,0,0,0,0,0,0,0,0,0
75,7,8,0,0,0,0,0,0,1,0,0,0,0,0,0,0,0,0,0
76,7,7,0,0,0,0,0,0,0,1,0,0,0,0,0,0,0,0,0
77,7,2,0,0,0,0,0,0,0,0,0,0,0,1,0,0,0,0,0
78,7,12,0,1,0,0,0,0,0,0,0,0,0,0,0,0,0,0,0
79,7,12,0,0,0,0,1,0,0,0,0,0,0,0,0,0,0,0,0
80,7,5,0,0,0,0,0,0,0,0,0,0,0,1,0,0,0,0,0
81,7,12,0,0,0,0,1,0,0,0,0,0,0,0,0,0,0,0,0
82,7,12,0,0,0,0,1,0,0,0,0,0,0,0,0,0,0,0,0
83,7,12,0,0,0,0,1,0,0,0,0,0,0,0,0,0,0,0,0
84,7,12,0,0,0,0,1,0,0,0,0,0,0,0,0,0,0,0,0
85,7,12,0,0,0,0,1,0,0,0,0,0,0,0,0,0,0,0,0
86,7,12,0,0,0,0,1,0,0,0,0,0,0,0,0,0,0,0,0
87,7,12,0,0,0,0,1,0,0,0,0,0,0,0,0,0,0,0,0
88,7,7,0,0,0,0,1,0,0,0,0,0,0,0,0,0,0,0,0
89,7,5,0,0,0,0,0,0,0,0,0,0,0,1,0,0,0,0,0
90,7,8,0,0,0,0,1,0,0,0,0,0,0,0,0,0,0,0,0
91,7,5,0,0,0,0,0,0,0,0,0,0,0,1,0,0,0,0,0
92,7,12,0,0,0,0,1,0,0,0,0,0,0,0,0,0,0,0,0
93,7,5,0,0,0,0,0,0,0,0,0,0,0,1,0,0,0,0,0
94,7,5,0,0,0,0,0,0,0,0,0,0,0,1,0,0,0,0,0
95,7,5,0,1,0,0,0,0,0,0,0,0,0,0,0,0,0,0,0
96,7,2,0,0,0,0,1,0,0,0,0,0,0,0,0,0,0,0,0
97,8,2,0,0,0,0,1,0,0,0,0,0,0,0,0,0,0,0,0
98,8,5,0,0,1,0,0,0,0,0,0,0,0,0,0,0,0,0,0
99,8,3,0,0,0,0,1,0,0,0,0,0,0,0,0,0,0,0,0
100,8,5,0,0,1,0,0,0,0,0,0,0,0,0,0,0,0,0,0
101,8,3,0,0,0,0,1,0,0,0,0,0,0,0,0,0,0,0,0
102,8,3,0,0,0,0,1,0,0,0,0,0,0,0,0,0,0,0,0
103,8,5,0,0,1,0,0,0,0,0,0,0,0,0,0,0,0,0,0
104,8,3,0,0,0,0,1,0,0,0,0,0,0,0,0,0,0,0,0
105,8,5,0,0,1,0,0,0,0,0,0,0,0,0,0,0,0,0,0
106,8,3,0,0,0,0,1,0,0,0,0,0,0,0,0,0,0,0,0
107,8,5,0,0,1,0,0,0,0,0,0,0,0,0,0,0,0,0,0
108,8,5,0,0,1,0,0,0,0,0,0,0,0,0,0,0,0,0,0
109,8,3,0,0,0,0,1,0,0,0,0,0,0,0,0,0,0,0,0
110,8,2,0,0,0,0,1,0,0,0,0,0,0,0,0,0,0,0,0
111,8,2,0,0,0,0,1,0,0,0,0,0,0,0,0,0,0,0,0
112,8,5,0,1,0,0,0,0,0,0,0,0,0,0,0,0,0,0,0
113,9,5,0,0,0,0,0,1,0,0,0,0,0,0,0,0,0,0,0
114,9,6,0,0,0,0,1,0,0,0,0,0,0,0,0,0,0,0,0
115,9,5,0,0,0,0,0,1,0,0,0,0,0,0,0,0,0,0,0
116,9,6,0,0,0,0,1,0,0,0,0,0,0,0,0,0,0,0,0
117,9,5,0,0,0,0,0,1,0,0,0,0,0,0,0,0,0,0,0
118,9,6,0,0,0,0,1,0,0,0,0,0,0,0,0,0,0,0,0
119,9,5,0,0,0,0,0,1,0,0,0,0,0,0,0,0,0,0,0
120,9,6,0,0,0,0,1,0,0,0,0,0,0,0,0,0,0,0,0
121,9,5,0,0,0,0,0,1,0,0,0,0,0,0,0,0,0,0,0
122,9,6,0,0,0,0,1,0,0,0,0,0,0,0,0,0,0,0,0
123,9,5,0,0,0,0,0,1,0,0,0,0,0,0,0,0,0,0,0
124,9,6,0,0,0,0,1,0,0,0,0,0,0,0,0,0,0,0,0
125,10,5,0,0,0,0,0,1,0,0,0,0,0,0,1,0,0,0,0
126,10,13,0,0,0,0,1,0,0,0,0,0,0,0,0,0,0,0,0
127,10,13,0,0,0,0,1,0,0,0,0,0,0,0,0,0,0,0,0
128,10,5,0,0,0,0,0,0,0,0,0,0,0,0,1,0,0,0,0
129,10,13,0,0,0,0,1,0,0,0,0,0,0,0,0,0,0,0,0
130,10,5,0,0,0,0,0,0,0,0,0,0,0,0,1,0,0,0,0
131,10,13,0,0,0,0,1,0,0,0,0,0,0,0,0,0,0,0,0
132,10,13,0,0,0,0,1,0,0,0,0,0,0,0,0,0,0,0,0
133,10,5,0,0,0,0,0,0,0,0,0,0,0,0,1,0,0,0,0
134,10,5,0,0,0,0,0,0,0,0,0,0,0,0,1,0,0,0,0
135,10,13,0,0,0,0,1,0,0,0,0,0,0,0,0,0,0,0,0
136,10,4,0,0,0,0,1,0,0,0,0,0,0,0,1,0,0,0,0
137,11,4,0,0,0,0,1,0,1,0,0,0,0,0,1,0,0,0,0
138,11,5,0,0,0,1,0,0,1,0,0,0,0,0,1,0,0,0,0
139,11,13,0,0,0,1,1,0,1,0,0,0,0,0,0,0,0,0,0
140,11,4,0,0,0,0,1,0,1,0,0,0,0,0,1,0,0,0,0
141,11,13,0,0,0,0,1,0,0,0,0,0,0,0,0,0,0,0,0
142,11,5,0,0,0,0,0,0,0,0,0,0,0,0,1,0,0,0,0
143,11,13,0,0,0,0,1,0,0,0,0,0,0,0,0,0,0,0,0
144,11,5,0,0,0,0,0,0,0,0,0,0,0,0,1,0,0,0,0
145,11,5,0,0,0,1,0,0,1,0,0,0,0,0,1,0,0,0,0
146,12,8,0,0,0,0,1,0,0,0,0,0,0,0,0,0,0,0,0
147,12,5,0,0,0,0,0,0,0,1,0,0,0,0,0,0,0,0,0
148,12,8,0,0,0,0,1,0,0,0,0,0,0,0,0,0,0,0,0
149,12,5,0,0,0,0,0,0,0,1,0,0,0,0,0,0,0,0,0
150,12,8,0,0,0,0,1,0,0,0,0,0,0,0,0,0,0,0,0
151,12,5,0,0,0,0,0,0,0,1,0,0,0,0,0,0,0,0,0
152,12,8,0,0,0,0,1,0,0,0,0,0,0,0,0,0,0,0,0
153,12,8,0,0,0,0,1,0,0,0,0,0,0,0,0,0,0,0,0
154,12,5,0,0,0,0,0,0,0,1,0,0,0,0,0,0,0,0,0
155,12,8,0,0,0,0,1,0,0,0,0,0,0,0,0,0,0,0,0
156,12,5,0,0,0,0,0,0,0,1,0,0,0,0,0,0,0,0,0
157,12,8,0,0,0,0,1,0,0,0,0,0,0,0,0,0,0,0,0
158,12,8,0,0,0,0,1,0,0,0,0,0,0,0,0,0,0,0,0
159,12,5,0,0,0,0,0,0,0,1,0,0,0,0,0,0,0,0,0
160,12,8,0,0,0,0,1,0,0,0,0,0,0,0,0,0,0,0,0
161,12,8,0,0,0,0,1,0,0,0,0,0,0,0,0,0,0,0,0
162,12,8,0,0,0,0,1,0,0,0,0,0,0,0,0,0,0,0,0
163,12,5,0,0,0,0,0,0,0,1,0,0,0,0,0,0,0,0,0
164,12,8,0,0,0,0,1,0,0,0,0,0,0,0,0,0,0,0,0
165,12,5,0,0,0,0,0,0,0,1,0,0,0,0,0,0,0,0,0
166,12,8,0,0,0,0,1,0,0,0,0,0,0,0,0,0,0,0,0
167,12,5,0,0,0,0,0,0,0,1,0,0,0,0,0,0,0,0,0
168,12,8,0,0,0,0,1,0,0,0,0,0,0,0,0,0,0,0,0
169,12,5,0,0,0,0,0,0,0,1,0,0,0,0,0,0,0,0,0
170,12,8,0,0,0,0,1,0,0,0,0,0,0,0,0,0,0,0,0
171,12,8,0,0,0,0,1,0,0,0,0,0,0,0,0,0,0,0,0
172,12,8,0,0,0,0,1,0,0,0,0,0,0,0,0,0,0,0,0
173,12,5,0,0,0,0,0,0,0,1,0,0,0,0,0,0,0,0,0
174,12,8,0,0,0,0,1,0,0,0,0,0,0,0,0,0,0,0,0
175,12,5,0,0,0,0,0,0,0,1,0,0,0,0,0,0,0,0,0
176,12,8,0,0,0,0,1,0,0,0,0,0,0,0,0,0,0,0,0
177,12,5,0,0,0,0,0,0,0,1,0,0,0,0,0,0,0,0,0
178,12,8,0,0,0,0,1,0,0,0,0,0,0,0,0,0,0,0,0
179,12,5,0,0,0,0,0,0,0,1,0,0,0,0,0,0,0,0,0
180,12,8,0,0,0,0,1,0,0,0,0,0,0,0,0,0,0,0,0
181,12,5,0,0,0,0,0,0,0,1,0,0,0,0,0,0,0,0,0
182,12,8,0,0,0,0,1,0,0,0,0,0,0,0,0,0,0,0,0
183,12,5,0,0,0,0,0,0,0,1,0,0,0,0,0,0,0,0,0
184,13,6,0,0,0,1,1,0,0,0,0,0,0,0,0,0,0,0,0
185,13,4,0,0,0,0,1,1,0,0,0,0,0,0,0,0,0,0,0
186,13,6,0,0,0,1,0,0,0,0,0,0,0,0,0,0,0,0,0
187,13,4,0,0,0,0,1,1,0,0,0,0,0,0,0,0,0,0,0
188,13,6,0,0,0,0,0,0,0,0,0,0,0,0,0,1,0,0,0
189,13,14,0,0,0,0,0,1,0,0,0,0,0,0,0,0,0,0,0
190,13,6,0,0,0,0,0,0,0,0,0,0,0,0,0,1,0,0,0
191,13,14,0,0,0,0,0,1,0,0,0,0,0,0,0,0,0,0,0
192,13,6,0,0,0,0,0,0,0,0,0,0,0,0,0,1,0,0,0
193,14,5,0,0,0,1,0,1,0,0,0,0,0,0,0,0,0,0,0
194,14,5,0,0,0,0,0,1,0,0,0,0,0,0,0,0,0,0,0
195,14,6,0,0,0,0,1,0,0,0,0,0,0,0,0,0,0,0,0
196,14,5,0,0,0,0,0,1,0,0,0,0,0,0,0,0,0,0,0
197,14,6,0,0,0,0,1,0,0,0,0,0,0,0,0,0,0,0,0
198,14,4,0,0,0,0,1,1,0,0,0,0,0,0,0,0,0,0,0
199,14,6,0,0,0,1,1,0,0,0,0,0,0,0,0,0,0,0,0
200,14,6,0,0,0,1,1,0,0,0,0,0,0,0,0,0,0,0,0
201,14,4,0,0,0,0,1,1,0,0,0,0,0,0,0,0,0,0,0
202,14,5,0,0,0,1,0,1,0,0,0,0,0,0,0,0,0,0,0
203,14,5,0,0,0,0,0,0,0,0,0,0,0,0,0,0,1,0,0
204,14,15,0,0,0,0,1,0,0,0,0,0,0,0,0,0,0,0,0
205,14,5,0,0,0,0,0,0,0,0,0,0,0,0,0,0,1,0,0
206,14,15,0,0,0,0,1,0,0,0,0,0,0,0,0,0,0,0,0
207,14,5,0,0,0,0,0,0,0,0,0,0,0,0,0,0,1,0,0
208,14,15,0,0,0,0,1,0,0,0,0,0,0,0,0,0,0,0,0
209,14,5,0,0,0,0,0,0,0,0,0,0,0,0,0,0,1,0,0
210,14,15,0,0,0,0,1,0,0,0,0,0,0,0,0,0,0,0,0
211,14,5,0,0,0,0,0,0,0,0,0,0,0,0,0,0,1,0,0
212,14,6,0,0,0,1,1,0,0,0,0,0,0,0,0,0,0,0,0
213,14,4,0,0,0,0,1,1,0,0,0,0,0,0,0,0,0,0,0
214,14,5,0,0,0,1,0,0,0,0,0,0,0,0,0,0,0,0,0
215,14,4,0,0,0,0,1,1,0,0,0,0,0,0,0,0,0,0,0
216,14,5,0,0,0,1,0,0,0,0,0,0,0,0,0,0,0,0,0
217,14,4,0,0,0,0,1,1,0,0,0,0,0,0,0,0,0,0,0
218,14,6,0,0,0,1,1,0,0,0,0,0,0,0,0,0,0,0,0
219,14,4,0,0,0,0,1,1,0,0,0,0,0,0,0,0,0,0,0
220,14,15,0,0,0,0,0,0,0,0,0,0,1,0,0,0,0,0,0
221,14,11,0,0,0,0,0,0,0,0,0,0,0,0,0,0,1,0,0
222,14,15,0,0,0,0,0,0,0,0,0,0,1,0,0,0,0,0,0
223,14,11,0,0,0,0,0,0,0,0,0,0,0,0,0,0,1,0,0
224,14,4,0,0,0,0,1,1,0,0,0,0,0,0,0,0,0,0,0
225,14,11,0,0,0,0,0,0,0,0,0,0,0,0,0,0,1,0,0
226,14,15,0,0,0,0,0,0,0,0,0,0,1,0,0,0,0,0,0
227,14,6,0,0,0,1,1,0,0,0,0,0,0,0,0,0,0,0,0
228,14,5,0,0,0,1,0,1,0,0,0,0,0,0,0,0,0,0,0
229,14,15,0,0,0,0,0,0,0,0,0,0,1,0,0,0,0,0,0
230,14,11,0,0,0,0,0,0,0,0,0,0,0,0,0,0,1,0,0
231,14,6,0,0,0,1,1,0,0,0,0,0,0,0,0,0,0,0,0
232,14,4,0,0,0,0,0,1,0,0,0,0,0,0,0,0,0,0,0
233,14,4,0,0,0,0,1,1,0,0,0,0,0,0,0,0,0,0,0
234,14,5,0,0,0,0,0,0,0,0,0,0,1,0,0,0,0,0,0
235,14,11,0,0,0,0,1,0,0,0,0,0,0,0,0,0,0,0,0
236,15,6,0,0,0,1,0,0,0,0,0,0,0,0,0,0,0,0,0
237,15,4,0,0,0,0,0,1,0,0,0,0,0,0,0,0,0,0,0
238,15,5,0,0,0,0,0,0,0,1,0,0,0,0,0,0,0,0,0
239,15,8,0,0,0,0,1,0,0,0,0,0,0,0,0,0,0,0,0
240,15,5,0,0,0,0,0,0,0,1,0,0,0,0,0,0,0,0,0
241,15,8,0,0,0,0,1,0,0,0,0,0,0,0,0,0,0,0,0
242,15,8,0,0,0,0,1,0,0,0,0,0,0,0,0,0,0,0,0
243,15,6,0,0,0,1,0,0,0,0,0,0,0,0,0,0,0,0,0
244,15,4,0,0,0,0,0,1,0,0,0,0,0,0,0,0,0,0,0
245,15,6,0,0,0,1,0,0,0,0,0,0,0,0,0,0,0,0,0
246,15,8,0,0,0,0,1,0,0,0,0,0,0,0,0,0,0,0,0
247,15,8,0,0,0,0,1,0,0,0,0,0,0,0,0,0,0,0,0
248,15,5,0,0,0,0,0,0,0,1,0,0,0,0,0,0,0,0,0
249,15,8,0,0,0,0,1,0,0,0,0,0,0,0,0,0,0,0,0
250,15,8,0,0,0,0,1,0,0,0,0,0,0,0,0,0,0,0,0
251,15,5,0,0,0,0,0,0,0,1,0,0,0,0,0,0,0,0,0
252,15,4,0,0,0,0,0,1,0,0,0,0,0,0,0,0,0,0,0
253,15,6,0,0,0,1,0,0,0,0,0,0,0,0,0,0,0,0,0
254,15,4,0,0,0,0,0,1,0,0,0,0,0,0,0,0,0,0,0
255,15,8,0,0,0,0,1,0,0,0,0,0,0,0,0,0,0,0,0
256,15,5,0,0,0,0,0,0,0,1,0,0,0,0,0,0,0,0,0
257,15,8,0,0,0,0,1,0,0,0,0,0,0,0,0,0,0,0,0
258,15,6,0,0,0,1,0,0,0,0,0,0,0,0,0,0,0,0,0
259,15,6,0,0,0,1,0,0,0,0,0,0,0,0,0,0,0,0,0
260,15,15,0,0,0,1,0,1,0,0,0,0,0,0,0,0,0,0,0
261,15,5,0,0,0,0,0,0,0,1,0,0,0,0,0,0,0,0,0
262,15,8,0,0,0,0,1,0,0,0,0,0,0,0,0,0,0,0,0
263,15,8,0,0,0,0,1,0,0,0,0,0,0,0,0,0,0,0,0
264,15,5,0,0,0,0,0,0,0,0,0,0,1,0,0,0,0,0,0
265,15,5,0,0,0,0,0,0,0,0,0,0,1,0,0,0,0,0,0
266,15,11,0,0,0,0,1,0,0,0,0,0,0,0,0,0,0,0,0
267,15,11,0,0,0,0,1,0,0,0,0,0,0,0,0,0,0,0,0
268,15,5,0,0,0,0,0,0,0,0,0,0,1,0,0,0,0,0,0
269,15,4,0,0,0,0,1,0,0,0,0,0,0,0,0,0,0,0,0
270,15,6,0,0,0,0,1,0,0,0,0,0,0,0,0,0,0,0,0
271,15,15,0,0,0,1,1,1,0,0,0,0,0,0,0,0,0,0,0
272,16,15,0,0,0,1,1,0,0,0,0,0,0,0,0,0,0,0,0
273,16,4,0,0,0,0,1,0,0,0,0,0,0,0,0,0,0,0,0
274,16,5,0,0,0,1,0,0,0,0,0,0,0,0,0,0,0,0,0
275,16,5,0,0,0,0,0,0,0,0,0,0,0,0,0,0,1,0,0
276,16,15,0,0,0,1,1,0,0,0,0,0,0,0,0,0,0,0,0
277,16,4,0,0,0,0,1,0,0,0,0,0,0,0,0,0,0,0,0
278,16,15,0,0,0,0,1,0,0,0,0,0,0,0,0,0,0,0,0
279,16,4,0,0,0,0,0,0,0,0,0,0,0,0,0,0,1,0,0
280,16,15,0,0,0,1,1,0,0,0,0,0,0,0,0,0,0,0,0
281,16,5,0,0,0,0,0,0,0,0,0,0,0,0,0,0,1,0,0
282,16,15,0,0,0,0,1,0,0,0,0,0,0,0,0,0,0,0,0
283,16,5,0,0,0,0,0,0,0,0,0,0,0,0,0,0,1,0,0
284,16,15,0,0,0,1,0,0,0,0,0,0,0,0,0,0,0,0,0
285,16,5,0,0,0,1,0,0,0,0,0,0,0,0,0,0,0,0,0
286,16,4,0,0,0,0,1,0,0,0,0,0,0,0,0,0,0,0,0
287,16,11,0,0,0,0,0,0,0,0,0,0,0,0,0,0,1,0,0
288,16,11,0,0,0,0,0,0,0,0,0,0,0,0,0,0,1,0,0
289,16,15,0,0,0,0,0,0,0,0,0,0,1,0,0,0,0,0,0
290,16,11,0,0,0,0,0,0,0,0,0,0,0,0,0,0,1,0,0
291,16,15,0,0,0,0,0,0,0,0,0,0,1,0,0,0,0,0,0
292,16,11,0,0,0,0,0,0,0,0,0,0,0,0,0,0,1,0,0
293,16,15,0,0,0,0,0,0,0,0,0,0,1,0,0,0,0,0,0
294,16,11,0,0,0,0,0,0,0,0,0,0,0,0,0,0,1,0,0
295,16,11,0,0,0,0,0,0,0,0,0,0,0,0,0,0,1,0,0
296,16,15,0,0,0,0,0,0,0,0,0,0,1,0,0,0,0,0,0
297,16,11,0,0,0,0,0,0,0,0,0,0,0,0,0,0,1,0,0
298,16,15,0,0,0,0,0,0,0,0,0,0,1,0,0,0,0,0,0
299,16,11,0,0,0,0,0,0,0,0,0,0,0,0,0,0,1,0,0
300,16,15,0,0,0,0,0,0,0,0,0,0,1,0,0,0,0,0,0
301,16,11,0,0,0,0,0,0,0,0,0,0,0,0,0,0,1,0,0
302,16,15,0,0,0,0,0,0,0,0,0,0,1,0,0,0,0,0,0
303,16,11,0,0,0,0,0,0,0,0,0,0,0,0,0,0,1,0,0
304,16,11,0,0,0,0,0,0,0,0,0,0,0,0,0,0,1,0,0
305,16,15,0,0,0,0,1,0,0,0,0,0,0,0,0,0,0,0,0
306,16,5,0,0,0,0,0,0,0,0,0,0,0,0,0,0,1,0,0
307,16,15,0,0,0,0,1,0,0,0,0,0,0,0,0,0,0,0,0
308,16,6,0,0,0,1,1,0,0,0,0,0,0,0,0,0,1,0,0
309,16,15,0,0,0,0,0,1,0,0,0,0,0,0,0,0,0,0,0
310,16,4,0,0,0,0,1,0,0,0,0,0,0,0,0,0,0,0,0
311,16,4,0,0,0,0,1,0,0,0,0,0,0,0,0,0,0,0,0
312,16,6,0,0,0,0,1,0,0,0,0,0,0,0,0,0,0,0,0
313,16,6,0,0,0,0,1,0,0,0,0,0,0,0,0,0,0,0,0
314,16,5,0,0,0,0,0,1,0,0,0,0,0,0,0,0,0,0,0
315,16,5,0,0,0,0,0,1,0,0,0,0,0,0,0,0,0,0,0
316,17,4,0,0,0,0,1,1,0,0,0,0,0,0,0,0,0,0,0
317,17,6,0,0,0,1,0,0,0,0,0,0,0,0,0,0,0,0,0
318,17,4,0,0,0,0,0,1,0,0,0,0,0,0,0,0,0,0,0
319,17,6,0,0,0,1,0,0,0,0,0,0,0,0,0,0,0,0,0
320,17,4,0,0,0,0,1,1,0,0,0,0,0,0,0,0,0,0,0
321,17,5,0,0,0,1,0,0,0,0,0,0,0,0,0,0,0,0,0
322,17,4,0,0,0,0,1,0,0,0,0,0,0,0,0,0,0,0,0
323,18,8,0,0,0,0,1,0,0,0,0,0,0,0,0,0,0,0,0
324,18,8,0,0,0,0,1,0,0,0,0,0,0,0,0,0,0,0,0
325,18,8,0,0,0,0,1,0,0,0,0,0,0,0,0,0,0,0,0
326,18,13,0,0,0,0,1,0,0,0,0,0,0,0,0,0,0,0,0
327,18,5,0,0,0,0,0,0,0,0,0,0,0,0,1,0,0,0,0
328,18,5,0,0,0,0,0,0,0,0,0,0,0,0,1,0,0,0,0
329,18,13,0,0,0,0,1,0,0,0,0,0,0,0,0,0,0,0,0
330,19,10,0,0,0,0,0,0,0,0,0,0,1,0,0,0,0,0,0
331,19,11,0,0,0,0,0,0,0,0,0,1,0,0,0,0,0,0,0
332,19,10,0,0,0,0,0,0,0,0,0,0,1,0,0,0,0,0,0
333,19,11,0,0,0,0,0,0,0,0,0,1,0,0,0,0,0,0,0
334,19,10,0,0,0,0,0,0,0,0,0,0,1,0,0,0,0,0,0
335,19,11,0,0,0,0,0,0,0,0,0,1,0,0,0,0,0,0,0
336,19,16,0,0,0,0,0,0,0,0,0,1,0,0,0,0,0,0,0
337,19,10,0,0,0,0,0,0,0,0,0,0,0,0,0,0,0,1,0
338,19,11,0,0,0,0,0,0,0,0,0,1,0,0,0,0,0,0,0
339,19,10,0,0,0,0,0,0,0,0,0,0,1,0,0,0,0,0,0
340,19,11,0,0,0,0,0,0,0,0,0,1,0,0,0,0,0,0,0
341,19,11,0,0,0,0,0,0,0,0,0,1,0,0,0,0,0,0,0
342,20,2,0,0,0,0,1,0,0,0,0,0,0,0,0,0,0,0,0
343,20,5,0,1,0,0,0,0,0,0,0,0,0,0,0,0,0,0,0
344,20,2,0,0,0,0,1,0,0,0,0,0,0,0,0,0,0,0,0
345,20,5,0,1,0,0,0,0,0,0,0,0,0,0,0,0,0,0,0
346,20,2,0,0,0,0,1,0,0,0,0,0,0,0,0,0,0,0,0
347,20,5,0,1,0,0,0,0,0,0,0,0,0,0,0,0,0,0,0
348,20,2,0,0,0,0,1,0,0,0,0,0,0,0,0,0,0,0,0
349,20,5,0,1,0,0,0,0,0,0,0,0,0,0,0,0,0,0,0
350,20,2,0,0,0,0,1,0,0,0,0,0,0,0,0,0,0,0,0
351,20,1,0,0,1,0,0,0,0,0,0,0,0,0,0,0,0,0,0
352,20,2,0,0,0,0,1,0,0,0,0,0,0,0,0,0,0,0,0
353,20,5,0,1,0,0,0,0,0,0,0,0,0,0,0,0,0,0,0
354,20,2,0,0,0,0,1,0,0,0,0,0,0,0,0,0,0,0,0
355,20,3,1,0,0,0,0,0,0,0,0,0,0,0,0,0,0,0,0
356,20,2,0,0,0,0,1,0,0,0,0,0,0,0,0,0,0,0,0
357,20,2,0,0,0,0,1,0,0,0,0,0,0,0,0,0,0,0,0
358,20,3,0,1,0,0,0,0,0,0,0,0,0,0,0,0,0,0,0
359,20,5,0,1,0,0,0,0,0,0,0,0,0,0,0,0,0,0,0
360,20,2,0,0,0,0,1,0,0,0,0,0,0,0,0,0,0,0,0
361,20,2,0,0,0,0,1,0,0,0,0,0,0,0,0,0,0,0,0
362,21,13,0,0,0,0,0,0,0,0,0,1,0,0,0,0,0,0,0
363,21,10,0,0,0,0,0,0,0,0,0,0,0,0,1,0,0,0,0
364,21,13,0,0,0,0,0,0,0,0,0,1,0,0,0,0,0,0,0
365,22,15,0,0,0,0,0,0,0,1,0,0,0,0,0,0,0,0,0
366,22,8,0,0,0,0,0,0,0,0,0,0,0,0,0,0,1,0,0
367,22,15,0,0,0,0,0,0,0,1,0,0,0,0,0,0,0,0,0
368,22,8,0,0,0,0,0,0,0,0,0,0,0,0,0,0,1,0,0
369,22,15,0,0,0,0,0,0,0,1,0,0,0,0,0,0,0,0,0
370,22,15,0,0,0,0,0,0,0,1,0,0,0,0,0,0,0,0,0
371,22,8,0,0,0,0,0,0,0,0,0,0,0,0,0,0,1,0,0
372,22,15,0,0,0,0,0,0,0,1,0,0,0,0,0,0,0,0,0
373,22,8,0,0,0,0,0,0,0,0,0,0,0,0,0,0,1,0,0
374,22,15,0,0,0,0,0,0,0,1,0,0,0,0,0,0,0,0,0
375,22,8,0,0,0,0,0,0,0,0,0,0,0,0,0,0,1,0,0
376,22,8,0,0,0,0,0,0,0,0,0,0,0,0,0,0,1,0,0
377,22,15,0,0,0,0,0,0,0,1,0,0,0,0,0,0,0,0,0
378,22,8,0,0,0,0,0,0,0,0,0,0,0,0,0,0,1,0,0
379,22,15,0,0,0,0,0,0,0,1,0,0,0,0,0,0,0,0,0
380,22,15,0,0,0,0,0,0,0,1,0,0,0,0,0,0,0,0,0
381,22,8,0,0,0,0,0,0,0,0,0,0,0,0,0,0,1,0,0
382,22,15,0,0,0,0,0,0,0,1,0,0,0,0,0,0,0,0,0
383,22,8,0,0,0,0,0,0,0,0,0,0,0,0,0,0,1,0,0
384,22,15,0,0,0,0,0,0,0,1,0,0,0,0,0,0,0,0,0
385,22,8,0,0,0,0,0,0,0,0,0,0,0,0,0,0,1,0,0
386,22,4,0,0,0,0,0,0,0,1,0,0,0,0,0,0,0,0,0
387,22,8,0,0,0,1,0,0,0,0,0,0,0,0,0,0,0,0,0
388,22,4,0,0,0,0,0,0,0,1,0,0,0,0,0,0,0,0,0
389,22,8,0,0,0,1,0,0,0,0,0,0,0,0,0,0,0,0,0
390,22,4,0,0,0,0,0,0,0,1,0,0,0,0,0,0,0,0,0
391,22,8,0,0,0,1,0,0,0,0,0,0,0,0,0,0,0,0,0
392,22,4,0,0,0,0,0,0,0,1,0,0,0,0,0,0,0,0,0
393,22,15,0,0,0,0,0,0,0,1,0,0,0,0,0,0,0,0,0
394,23,5,0,0,0,0,0,1,0,0,0,0,0,0,0,0,0,0,0
395,23,6,0,0,0,0,1,0,0,0,0,0,0,0,0,0,0,0,0
396,23,5,0,0,0,0,0,1,0,0,0,0,0,0,0,0,0,0,0
397,23,6,0,0,0,0,1,0,0,0,0,0,0,0,0,0,0,0,0
398,23,6,0,0,0,0,1,0,0,0,0,0,0,0,0,0,0,0,0
399,23,8,0,0,0,0,1,0,0,0,0,0,0,0,0,0,0,0,0
400,24,15,0,0,0,0,1,1,0,1,0,0,0,0,0,0,0,0,0
401,24,5,0,0,0,0,0,0,0,1,0,0,0,0,0,0,1,0,0
402,24,8,0,0,0,0,1,0,0,0,0,0,0,0,0,0,0,0,0
403,25,5,0,0,0,0,0,0,0,0,0,1,0,0,0,0,0,0,0
404,25,13,0,0,0,0,0,0,0,0,0,1,0,0,0,0,0,0,0
405,25,10,0,0,0,1,1,0,1,1,0,0,0,0,0,0,0,0,0
406,25,5,0,0,0,0,0,0,0,0,0,1,0,0,0,0,0,0,0
407,25,10,0,0,0,0,1,0,0,0,0,0,0,0,0,0,0,0,0
408,25,10,0,0,0,1,1,0,1,0,0,0,0,0,1,0,0,0,0
409,25,5,0,0,0,0,0,0,0,0,0,1,0,0,0,0,0,0,0
410,25,10,0,0,0,0,1,0,0,0,0,0,0,0,0,0,0,0,0
411,25,5,0,0,0,0,0,0,0,0,0,1,0,0,0,0,0,0,0
412,25,10,0,0,0,0,1,0,0,0,0,0,0,0,0,0,0,0,0
413,25,5,0,0,0,0,0,0,0,0,0,1,0,0,0,0,0,0,0
414,25,7,0,0,0,0,1,0,0,0,0,0,0,0,0,0,0,0,0
415,25,10,0,0,0,0,0,0,1,0,0,0,0,0,0,0,0,0,0
416,25,8,0,0,0,0,0,0,0,0,0,1,0,0,0,0,0,0,0
417,25,10,0,0,0,0,0,0,0,1,0,0,0,0,0,0,0,0,0
418,25,10,0,0,0,0,1,0,0,0,0,0,0,0,0,0,0,0,0
419,25,5,0,0,0,0,0,0,0,0,0,1,0,0,0,0,0,0,0
420,25,10,0,0,0,0,1,0,0,0,0,0,0,0,0,0,0,0,0
421,25,10,0,0,0,1,1,0,1,1,0,0,0,0,0,0,0,0,0
422,25,7,0,0,0,0,0,0,0,0,0,1,0,0,0,0,0,0,0
423,25,13,0,0,0,0,0,0,1,0,0,0,0,0,0,0,0,0,0
424,25,10,0,0,0,0,0,0,1,0,0,0,0,0,0,0,0,0,0
425,25,10,0,0,0,1,1,0,1,1,0,0,0,0,0,0,0,0,0
426,25,7,0,0,0,0,1,0,0,0,0,0,0,0,0,0,0,0,0
427,25,10,0,0,0,0,0,0,1,0,0,0,0,0,0,0,0,0,0
428,25,7,0,0,0,0,1,0,0,0,0,0,0,0,0,0,0,0,0
429,25,5,0,0,0,0,0,0,0,0,0,1,0,0,0,0,0,0,0
430,26,8,0,0,0,0,0,0,1,0,0,0,0,0,0,0,0,0,0
431,26,4,0,0,0,0,0,1,0,0,0,0,0,0,0,0,0,0,0
432,26,6,0,0,0,1,0,0,0,0,0,0,0,0,0,0,0,0,0
433,26,5,0,0,0,0,0,0,0,0,0,1,0,0,0,0,0,0,0
434,26,10,0,0,0,0,1,0,0,0,0,0,0,0,0,0,0,0,0
435,26,8,0,0,0,0,1,0,0,0,0,0,0,0,0,0,0,0,0
436,26,5,0,1,0,0,0,0,0,0,0,0,0,0,0,0,0,0,0
437,26,4,0,1,0,0,0,0,0,0,0,0,0,0,0,0,0,0,0
438,26,7,0,1,0,0,0,0,0,0,0,0,0,0,0,0,0,0,0
439,26,2,0,0,0,0,0,0,0,0,0,1,0,0,0,0,0,0,0
440,26,10,0,1,0,0,0,0,0,0,0,0,0,0,0,0,0,0,0
441,26,5,0,1,0,0,0,0,0,0,0,0,0,0,0,0,0,0,0
442,26,8,0,0,0,0,1,0,0,0,0,0,0,0,0,0,0,0,0
443,26,9,0,0,0,1,0,0,0,0,0,0,0,0,0,0,0,0,0
444,27,4,0,0,0,0,0,1,0,0,0,0,0,0,0,0,0,0,0
445,27,6,0,0,0,1,0,0,0,0,0,0,0,0,0,0,0,0,0
446,27,4,0,0,0,0,0,1,0,0,0,0,0,0,0,0,0,0,0
447,27,6,0,0,0,1,0,0,0,0,0,0,0,0,0,0,0,0,0
448,27,4,0,0,0,0,0,1,0,0,0,0,0,0,0,0,0,0,0
449,27,6,0,0,0,1,0,0,0,0,0,0,0,0,0,0,0,0,0
450,27,4,0,0,0,0,0,1,0,0,0,0,0,0,0,0,0,0,0
451,27,6,0,0,0,1,0,0,0,0,0,0,0,0,0,0,0,0,0
452,27,4,0,0,0,0,0,1,0,0,0,0,0,0,0,0,0,0,0
453,27,6,0,0,0,1,0,0,0,0,0,0,0,0,0,0,0,0,0
454,27,4,0,0,0,0,0,1,0,0,0,0,0,0,0,0,0,0,0
455,27,6,0,0,0,1,0,0,0,0,0,0,0,0,0,0,0,0,0
456,27,6,0,0,0,1,0,0,0,0,0,0,0,0,0,0,0,0,0
457,27,4,0,0,0,0,0,1,0,0,0,0,0,0,0,0,0,0,0
458,27,6,0,0,0,1,0,0,0,0,0,0,0,0,0,0,0,0,0
459,27,4,0,0,0,0,0,1,0,0,0,0,0,0,0,0,0,0,0
460,27,6,0,0,0,1,0,0,0,0,0,0,0,0,0,0,0,0,0
461,28,15,0,0,0,0,0,1,0,0,0,0,0,0,0,0,0,0,0
462,28,6,0,0,0,0,0,0,0,0,0,0,0,0,0,0,1,0,0
463,29,8,0,0,0,0,0,0,1,0,0,0,0,0,0,0,0,0,0
464,29,8,0,0,0,0,0,0,1,0,0,0,0,0,0,0,0,0,0
465,29,6,0,0,0,0,0,0,1,1,0,0,0,0,0,0,0,0,0
466,29,7,0,0,0,0,0,1,0,0,0,0,0,0,0,0,0,0,0
467,29,6,0,0,0,0,0,0,1,0,0,0,0,0,0,0,0,0,0
468,29,7,0,0,0,0,0,1,0,0,0,0,0,0,0,0,0,0,0
469,29,6,0,0,0,0,0,0,1,0,0,0,0,0,0,0,0,0,0
470,29,6,0,0,0,0,0,0,0,0,0,0,0,0,0,0,1,0,0
471,29,7,0,0,0,0,0,0,0,1,0,0,0,0,0,0,0,0,0
472,29,1,0,0,0,0,0,0,0,0,0,1,0,0,0,0,0,0,0
473,29,1,0,0,0,0,0,0,0,0,0,1,0,0,0,0,0,0,0
474,29,10,1,0,0,0,0,0,0,0,0,0,0,0,0,0,0,0,0
475,29,1,0,0,0,0,0,0,0,0,0,1,0,0,0,0,0,0,0
476,29,1,0,0,0,0,0,0,0,0,0,1,0,0,0,0,0,0,0
477,29,10,1,0,0,0,0,0,0,0,0,0,0,0,0,0,0,0,0
478,29,1,0,0,0,0,0,0,0,0,0,1,0,0,0,0,0,0,0
479,29,10,1,0,0,0,0,0,0,0,0,0,0,0,0,0,0,0,0
480,29,1,0,0,0,0,0,0,0,0,0,1,0,0,0,0,0,0,0
481,29,10,1,0,0,0,0,0,0,0,0,0,0,0,0,0,0,0,0
482,29,1,0,0,0,0,0,0,0,0,0,1,0,0,0,0,0,0,0
483,29,10,1,0,0,0,0,0,0,0,0,0,0,0,0,0,0,0,0
484,30,10,0,0,0,1,0,0,0,0,0,0,0,0,1,0,0,0,0
485,30,10,0,0,0,1,0,0,0,0,0,0,0,0,1,0,0,0,0
486,30,4,0,0,0,0,0,0,0,0,0,1,0,0,0,0,0,0,0
487,30,13,0,0,0,1,0,0,0,0,0,0,0,0,0,0,0,0,0
488,30,10,0,0,0,1,0,0,0,0,0,0,0,0,1,0,0,0,0
489,31,15,0,0,0,0,0,1,0,0,0,0,0,0,0,0,0,0,0
490,31,6,0,0,0,0,0,0,0,0,0,0,0,0,0,0,1,0,0
491,31,15,0,0,0,0,0,1,0,0,0,0,0,0,0,0,0,0,0
492,31,8,0,0,0,0,0,0,0,0,0,0,0,0,0,0,1,0,0
493,31,6,0,0,0,0,0,0,0,0,0,0,0,0,0,0,1,0,0
494,31,7,0,0,0,0,0,1,0,0,0,0,0,0,0,0,0,0,0
495,31,7,0,0,0,0,0,1,0,0,0,0,0,0,0,0,0,0,0
496,31,6,0,0,0,0,0,0,1,0,0,0,0,0,0,0,0,0,0
497,31,7,0,0,0,0,0,1,0,0,0,0,0,0,0,0,0,0,0
498,31,6,0,0,0,0,0,0,1,1,0,0,0,0,0,0,1,0,0
499,32,7,0,0,0,0,0,0,0,0,0,0,0,1,0,0,0,0,0
500,32,12,0,0,0,0,0,0,1,0,0,0,0,0,0,0,0,0,0
501,32,6,0,0,0,0,0,0,0,0,0,0,0,1,0,0,0,0,0
502,32,12,0,0,0,0,0,1,1,0,0,0,0,0,0,0,0,0,0
503,32,8,0,0,0,0,0,0,0,0,0,0,0,1,0,0,0,0,0
504,32,12,0,0,0,0,0,0,0,1,0,0,0,0,0,0,0,0,0
505,32,15,0,0,0,0,0,0,0,0,0,0,0,1,0,0,0,0,0
506,32,12,0,0,0,0,0,0,0,0,0,0,0,0,0,0,1,0,0
507,32,12,0,0,0,0,0,1,1,1,0,0,0,0,0,0,1,0,0
508,32,6,0,0,0,0,0,0,0,0,0,0,0,1,0,0,0,0,0
509,32,12,0,0,0,0,0,1,1,1,0,0,0,0,0,0,1,0,0
510,33,6,0,0,0,0,0,0,0,0,0,0,0,1,0,0,0,0,0
511,33,12,0,0,0,0,0,1,1,1,0,0,0,0,0,0,0,0,0
512,33,8,0,0,0,0,0,0,0,0,0,0,0,1,0,0,0,0,0
513,33,12,0,0,0,0,0,0,0,1,0,0,0,0,0,0,0,0,0
514,33,8,0,0,0,0,0,1,0,0,0,0,0,0,0,0,0,0,0
515,33,12,0,0,0,0,0,0,0,1,0,0,0,0,0,0,0,0,0
516,33,7,0,0,0,0,0,1,0,0,0,0,0,0,0,0,0,0,0
517,33,7,0,0,0,0,0,1,0,1,0,0,0,0,0,0,0,0,0
518,33,3,0,0,0,0,1,0,0,0,0,0,0,0,0,0,0,0,0
519,33,3,0,0,0,0,1,0,0,0,0,0,0,0,0,0,0,0,0
520,33,5,0,0,1,0,0,0,0,0,0,0,0,0,0,0,0,0,0
521,33,3,0,0,0,0,1,0,0,0,0,0,0,0,0,0,0,0,0
522,33,5,0,0,1,0,0,0,0,0,0,0,0,0,0,0,0,0,0
523,33,3,0,0,0,0,1,0,0,0,0,0,0,0,0,0,0,0,0
524,33,5,0,0,1,0,0,0,0,0,0,0,0,0,0,0,0,0,0
525,33,5,0,0,1,0,0,0,0,0,0,0,0,0,0,0,0,0,0
526,33,5,0,0,0,0,0,1,1,1,0,0,0,0,0,0,0,0,0
527,34,6,0,0,0,0,1,0,0,0,0,0,0,0,0,0,0,0,0
528,34,15,0,0,0,0,1,1,1,1,0,0,0,0,0,0,0,0,0
529,34,5,0,0,0,0,0,0,0,0,0,0,0,0,0,0,1,0,0
530,34,15,0,0,0,0,1,0,0,0,0,0,0,0,0,0,0,0,0
531,34,5,0,0,0,0,0,1,1,1,0,0,0,0,0,0,1,0,0
532,34,8,0,0,0,0,1,0,0,0,0,0,0,0,0,0,0,0,0
533,34,5,0,0,0,0,0,1,1,1,0,0,0,0,0,0,1,0,0
534,34,5,0,0,0,0,0,1,0,0,0,0,0,0,0,0,0,0,0
535,34,7,0,0,0,0,1,0,0,0,0,0,0,0,0,0,0,0,0
536,34,8,0,0,0,0,1,0,0,0,0,0,0,0,0,0,0,0,0
537,34,5,0,0,0,0,0,0,1,1,0,0,0,0,0,0,0,0,0
538,34,7,0,0,0,0,1,0,0,0,0,0,0,0,0,0,0,0,0
539,34,5,0,0,0,0,0,0,1,1,0,0,0,0,0,0,0,0,0
540,34,8,0,0,0,0,1,0,0,0,0,0,0,0,0,0,0,0,0
541,34,8,0,0,0,0,1,0,0,0,0,0,0,0,0,0,0,0,0
542,34,6,0,0,0,0,1,0,0,0,0,0,0,0,0,0,0,0,0
543,34,15,0,0,0,0,1,0,0,0,0,0,0,0,0,0,0,0,0
544,34,12,0,0,0,0,1,1,1,1,0,0,0,0,0,0,1,0,0
545,34,5,0,0,0,0,0,1,1,1,0,0,0,0,0,0,1,0,0
546,34,5,0,0,0,0,0,0,0,0,0,0,0,1,0,0,0,0,0
547,34,12,0,0,0,0,1,0,0,0,0,0,0,0,0,0,0,0,0
548,34,5,0,0,0,0,0,0,0,0,0,0,0,1,0,0,0,0,0
549,34,12,0,0,0,0,1,0,0,0,0,0,0,0,0,0,0,0,0
550,34,5,0,0,0,0,0,0,0,0,0,0,0,1,0,0,0,0,0
551,34,12,0,0,0,0,1,0,0,0,0,0,0,0,0,0,0,0,0
552,34,5,0,0,0,0,0,0,0,0,0,0,0,1,0,0,0,0,0
553,34,12,0,0,0,0,1,0,0,0,0,0,0,0,0,0,0,0,0
554,34,5,0,0,0,0,0,0,0,0,0,0,0,1,0,0,0,0,0
555,34,12,0,0,0,0,1,0,0,0,0,0,0,0,0,0,0,0,0
556,35,13,0,0,0,0,0,0,0,0,0,1,0,0,0,0,0,0,0
557,35,10,0,0,0,0,0,0,0,0,0,0,0,0,1,0,0,0,0
558,35,13,0,0,0,0,0,0,0,0,0,1,0,0,0,0,0,0,0
559,35,10,0,0,0,0,0,0,0,0,0,0,0,0,1,0,0,0,0
560,35,10,0,0,0,1,0,0,0,0,0,0,0,0,1,0,0,0,0
561,35,5,0,0,0,0,0,0,0,0,0,1,0,0,0,0,0,0,0
562,35,10,0,0,0,0,1,0,0,0,0,0,0,0,0,0,0,0,0
563,35,5,0,0,0,0,0,0,0,0,0,1,0,0,0,0,0,0,0
564,35,10,0,0,0,0,1,0,0,0,0,0,0,0,0,0,0,0,0
565,35,5,0,0,0,0,0,0,0,1,0,0,0,0,0,0,0,0,0
566,35,8,0,0,0,0,1,0,0,0,0,0,0,0,0,0,0,0,0
567,35,8,0,0,0,0,0,0,0,0,0,0,0,0,0,0,1,0,0
568,35,10,0,0,0,0,0,0,0,0,0,0,0,0,1,0,0,0,0
569,35,4,0,0,0,0,0,0,0,0,0,0,0,0,1,0,0,0,0
570,35,4,0,0,0,0,0,0,0,0,0,1,0,0,0,0,0,0,0
571,35,10,0,0,0,1,0,0,0,0,0,0,0,0,0,0,0,0,0
572,35,4,0,0,0,0,0,0,0,0,1,0,0,0,0,0,0,0,0
573,35,5,0,0,0,0,0,0,0,0,0,0,0,0,1,0,0,0,0
574,35,5,0,0,0,0,0,0,0,0,0,0,0,0,1,0,0,0,0
575,36,8,0,0,0,0,0,0,0,0,0,0,0,0,0,0,1,0,0
576,36,15,0,0,0,0,0,0,0,1,0,0,0,0,0,0,0,0,0
577,36,8,0,0,0,0,0,0,0,0,0,0,0,0,0,0,1,0,0
578,36,15,0,0,0,0,0,0,0,1,0,0,0,0,0,0,0,0,0
579,36,8,0,0,0,0,0,0,0,0,0,0,0,0,0,0,1,0,0
580,36,15,0,0,0,0,0,0,0,1,0,0,0,0,0,0,0,0,0
581,36,8,0,0,0,0,0,1,0,0,0,0,0,0,0,0,0,0,0
582,36,6,0,0,0,0,0,0,0,1,0,0,0,0,0,0,0,0,0
583,36,8,0,0,0,0,0,1,0,0,0,0,0,0,0,0,0,0,0
584,36,8,0,0,0,0,0,1,0,0,0,0,0,0,0,0,0,0,0
585,36,8,0,0,0,0,0,0,0,0,0,0,0,0,0,0,1,0,0
586,36,15,0,0,0,0,0,0,0,1,0,0,0,0,0,0,0,0,0
587,36,6,0,0,0,0,0,0,0,0,0,0,0,0,0,0,1,0,0
588,37,8,0,0,0,0,0,0,0,0,0,0,0,0,0,0,1,0,0
589,37,8,0,0,0,0,0,0,0,0,0,0,0,0,0,0,1,0,0
590,37,15,0,0,0,0,0,0,0,1,0,0,0,0,0,0,0,0,0
591,37,15,0,0,0,0,0,0,0,1,0,0,0,0,0,0,0,0,0
592,37,8,0,0,0,0,0,0,0,0,0,0,0,0,0,0,1,0,0
593,37,10,0,0,0,0,0,0,0,1,0,0,0,0,0,0,0,0,0
594,37,8,0,0,0,0,0,0,0,0,0,1,0,0,0,0,0,0,0
595,37,8,0,0,0,0,1,0,0,0,0,0,0,0,0,0,0,0,0
596,37,5,0,0,0,0,0,0,0,1,0,0,0,0,0,0,0,0,0
597,37,8,0,0,0,0,1,0,0,0,0,0,0,0,0,0,0,0,0
598,37,5,0,0,0,0,0,0,0,1,0,0,0,0,0,0,0,0,0
599,37,8,0,0,0,0,1,0,0,0,0,0,0,0,0,0,0,0,0
600,37,5,0,0,0,0,0,0,0,1,0,0,0,0,0,0,0,0,0
601,37,8,0,0,0,0,1,0,0,0,0,0,0,0,0,0,0,0,0
602,37,10,0,0,0,0,1,0,0,0,0,0,0,0,0,0,0,0,0
603,37,5,0,0,0,0,0,0,0,0,0,1,0,0,0,0,0,0,0
604,37,10,0,0,0,0,1,0,0,0,0,0,0,0,0,0,0,0,0
605,37,5,0,0,0,0,0,0,0,0,0,1,0,0,0,0,0,0,0
606,37,10,0,0,0,0,1,0,0,0,0,0,0,0,0,0,0,0,0
607,38,8,0,0,0,0,0,1,0,0,0,0,0,0,0,0,0,0,0
608,38,6,0,0,0,0,0,0,0,1,0,0,0,0,0,0,0,0,0
609,38,8,0,0,0,0,0,1,0,0,0,0,0,0,0,0,0,0,0
610,38,6,0,0,0,0,0,0,0,1,0,0,0,0,0,0,0,0,0
611,38,15,0,0,0,0,0,0,0,1,0,0,0,0,0,0,0,0,0
612,38,8,0,0,0,0,0,0,0,0,0,0,0,0,0,0,1,0,0
613,38,15,0,0,0,0,0,0,0,1,0,0,0,0,0,0,0,0,0
614,38,8,0,0,0,0,0,0,0,0,0,0,0,0,0,0,1,0,0
615,38,13,0,0,0,1,0,1,0,1,0,0,0,0,0,0,0,0,0
616,38,15,0,0,0,0,0,0,0,1,0,0,0,0,0,0,0,0,0
617,38,8,0,0,0,0,0,0,0,0,0,0,0,0,0,0,1,0,0
618,38,8,0,0,0,0,0,0,0,0,0,0,0,0,0,0,1,0,0
619,38,15,0,0,0,0,0,0,0,1,0,0,0,0,0,0,0,0,0
620,38,8,0,0,0,0,0,0,0,0,0,0,0,0,0,0,1,0,0
621,38,4,0,0,0,0,0,0,0,0,0,0,0,0,1,0,0,0,0
622,38,13,0,0,0,1,0,0,0,0,0,0,0,0,0,0,0,0,0
623,38,4,0,0,0,0,0,0,0,0,0,0,0,0,1,0,0,0,0
624,38,10,0,0,0,0,1,0,0,0,0,0,0,0,0,0,0,0,0
625,38,10,0,0,0,0,1,0,0,0,0,0,0,0,0,0,0,0,0
626,38,10,0,0,0,0,1,0,0,0,0,0,0,0,0,0,0,0,0
627,39,10,0,0,0,0,1,0,0,0,0,0,0,0,0,0,0,0,0
628,39,5,0,0,0,0,0,0,0,0,0,1,0,0,0,0,0,0,0
629,39,10,0,0,0,0,1,0,0,0,0,0,0,0,0,0,0,0,0
630,39,10,0,0,0,0,1,0,0,0,0,0,0,0,0,0,0,0,0
631,40,5,0,0,0,0,0,1,0,0,0,0,0,0,0,0,0,0,0
632,40,6,0,0,0,0,1,0,0,0,0,0,0,0,0,0,0,0,0
633,40,5,0,0,0,0,0,1,0,0,0,0,0,0,0,0,0,0,0
634,40,5,0,0,0,0,0,1,0,0,0,0,0,0,0,0,0,0,0
635,41,8,0,0,0,0,1,0,0,0,0,0,0,0,0,0,0,0,0
636,41,5,0,0,0,0,0,0,0,1,0,0,0,0,0,0,0,0,0
637,41,8,0,0,0,0,1,0,0,0,0,0,0,0,0,0,0,0,0
638,41,5,0,0,0,0,0,0,0,1,0,0,0,0,0,0,0,0,0
639,41,8,0,0,0,0,1,0,0,0,0,0,0,0,0,0,0,0,0
640,42,8,0,0,0,0,0,0,0,0,0,0,0,0,0,0,0,0,1
641,42,17,0,0,0,0,0,0,0,1,0,0,0,0,0,0,0,0,0
642,42,8,0,0,0,0,0,0,0,0,0,0,0,0,0,0,0,0,1
643,42,17,0,0,0,0,0,0,0,1,0,0,0,0,0,0,0,0,0
644,42,17,0,0,0,0,0,0,0,1,0,0,0,0,0,0,0,0,0
645,42,8,0,0,0,0,0,0,0,0,0,0,0,0,0,0,0,0,1
