event,scene,speakerID,Jane Foster (1),Darcy Lewis (2),Erik Selvig (3),Thor (4),Odin (5),Loki (6),Volstagg (7),Fandral (8),Hogun (9),Sif (10),Heimdall (11),King Laufey (12),Phil Coulson (13),Frigga (14),Jasper Sitwell (15),Clint Barton (16),Agent Garrett (17),Agent Jackson (18),Nick Fury (19)
1,1,1,0,1,1,0,0,0,0,0,0,0,0,0,0,0,0,0,0,0,0
2,1,2,1,0,0,0,0,0,0,0,0,0,0,0,0,0,0,0,0,0,0
3,1,1,0,1,0,0,0,0,0,0,0,0,0,0,0,0,0,0,0,0,0
4,1,3,1,0,0,0,0,0,0,0,0,0,0,0,0,0,0,0,0,0,0
5,1,1,0,0,1,0,0,0,0,0,0,0,0,0,0,0,0,0,0,0,0
6,1,3,1,0,0,0,0,0,0,0,0,0,0,0,0,0,0,0,0,0,0
7,1,1,0,0,1,0,0,0,0,0,0,0,0,0,0,0,0,0,0,0,0
8,1,2,1,0,0,0,0,0,0,0,0,0,0,0,0,0,0,0,0,0,0
9,1,1,0,1,1,0,0,0,0,0,0,0,0,0,0,0,0,0,0,0,0
10,1,3,1,0,0,0,0,0,0,0,0,0,0,0,0,0,0,0,0,0,0
11,1,1,0,1,0,0,0,0,0,0,0,0,0,0,0,0,0,0,0,0,0
12,1,1,0,1,0,0,0,0,0,0,0,0,0,0,0,0,0,0,0,0,0
13,1,2,1,0,0,0,0,0,0,0,0,0,0,0,0,0,0,0,0,0,0
14,1,1,0,1,0,0,0,0,0,0,0,0,0,0,0,0,0,0,0,0,0
15,1,1,0,1,0,0,0,0,0,0,0,0,0,0,0,0,0,0,0,0,0
16,1,2,1,0,0,0,0,0,0,0,0,0,0,0,0,0,0,0,0,0,0
17,1,2,1,0,0,0,0,0,0,0,0,0,0,0,0,0,0,0,0,0,0
18,1,1,0,1,0,0,0,0,0,0,0,0,0,0,0,0,0,0,0,0,0
19,1,1,0,0,0,1,0,0,0,0,0,0,0,0,0,0,0,0,0,0,0
20,1,1,0,1,1,0,0,0,0,0,0,0,0,0,0,0,0,0,0,0,0
21,2,5,0,0,0,1,0,1,0,0,0,0,0,0,0,0,0,0,0,0,0
22,2,6,0,0,0,0,1,0,0,0,0,0,0,0,0,0,0,0,0,0,0
23,2,4,0,0,0,0,0,1,0,0,0,0,0,0,0,0,0,0,0,0,0
24,2,4,0,0,0,0,1,0,0,0,0,0,0,0,0,0,0,0,0,0,0
25,2,5,0,0,0,1,0,1,0,0,0,0,0,0,0,0,0,0,0,0,0
26,2,4,0,0,0,0,1,0,0,0,0,0,0,0,0,0,0,0,0,0,0
27,2,6,0,0,0,0,1,0,0,0,0,0,0,0,0,0,0,0,0,0,0
28,2,5,0,0,0,1,0,1,0,0,0,0,0,0,0,0,0,0,0,0,0
29,3,5,0,0,0,1,0,0,0,0,0,0,0,0,0,0,0,0,0,0,0
30,3,5,0,0,0,1,0,0,0,0,0,0,0,0,0,0,0,0,0,0,0
31,3,4,0,0,0,0,1,0,0,0,0,0,0,0,0,0,0,0,0,0,0
32,3,5,0,0,0,1,0,0,0,0,0,0,0,0,0,0,0,0,0,0,0
33,3,4,0,0,0,0,1,0,0,0,0,0,0,0,0,0,0,0,0,0,0
34,3,5,0,0,0,1,0,0,0,0,0,0,0,0,0,0,0,0,0,0,0
35,3,4,0,0,0,0,1,0,0,0,0,0,0,0,0,0,0,0,0,0,0
36,3,5,0,0,0,1,0,0,0,0,0,0,0,0,0,0,0,0,0,0,0
37,4,4,0,0,0,0,1,0,0,0,0,0,0,0,0,0,0,0,0,0,0
38,4,5,0,0,0,1,0,0,0,0,0,0,0,0,0,0,0,0,0,0,0
39,4,4,0,0,0,0,1,0,0,0,0,0,0,0,0,0,0,0,0,0,0
40,4,5,0,0,0,1,0,0,0,0,0,0,0,0,0,0,0,0,0,0,0
41,4,4,0,0,0,0,1,0,0,0,0,0,0,0,0,0,0,0,0,0,0
42,4,5,0,0,0,1,0,0,0,0,0,0,0,0,0,0,0,0,0,0,0
43,4,4,0,0,0,0,1,0,0,0,0,0,0,0,0,0,0,0,0,0,0
44,4,5,0,0,0,1,0,0,0,0,0,0,0,0,0,0,0,0,0,0,0
45,4,4,0,0,0,0,1,0,0,0,0,0,0,0,0,0,0,0,0,0,0
46,4,5,0,0,0,1,0,0,0,0,0,0,0,0,0,0,0,0,0,0,0
47,4,4,0,0,0,0,1,0,0,0,0,0,0,0,0,0,0,0,0,0,0
48,4,5,0,0,0,1,0,0,0,0,0,0,0,0,0,0,0,0,0,0,0
49,4,4,0,0,0,0,1,0,0,0,0,0,0,0,0,0,0,0,0,0,0
50,4,5,0,0,0,1,0,0,0,0,0,0,0,0,0,0,0,0,0,0,0
51,4,4,0,0,0,0,1,0,0,0,0,0,0,0,0,0,0,0,0,0,0
52,4,5,0,0,0,1,0,0,0,0,0,0,0,0,0,0,0,0,0,0,0
53,5,4,0,0,0,0,0,1,0,0,0,0,0,0,0,0,0,0,0,0,0
54,5,6,0,0,0,1,0,0,0,0,0,0,0,0,0,0,0,0,0,0,0
55,5,7,0,0,0,0,0,0,0,1,1,1,0,0,0,0,0,0,0,0,0
56,5,6,0,0,0,1,0,0,0,0,0,0,0,0,0,0,0,0,0,0,0
57,5,4,0,0,0,0,0,1,0,0,0,0,0,0,0,0,0,0,0,0,0
58,5,6,0,0,0,1,0,0,0,0,0,0,0,0,0,0,0,0,0,0,0
59,5,4,0,0,0,0,0,1,0,0,0,0,0,0,0,0,0,0,0,0,0
60,5,6,0,0,0,1,0,0,0,0,0,0,0,0,0,0,0,0,0,0,0
61,5,7,0,0,0,1,0,1,0,0,0,0,0,0,0,0,0,0,0,0,0
62,5,4,0,0,0,0,0,0,1,0,0,0,0,0,0,0,0,0,0,0,0
63,5,8,0,0,0,1,0,0,0,0,0,0,0,0,0,0,0,0,0,0,0
64,5,4,0,0,0,0,0,0,0,1,0,0,0,0,0,0,0,0,0,0,0
65,5,10,0,0,0,1,0,0,0,0,0,0,0,0,0,0,0,0,0,0,0
66,5,4,0,0,0,0,0,0,1,1,1,1,0,0,0,0,0,0,0,0,0
67,5,4,0,0,0,0,0,0,0,0,1,0,0,0,0,0,0,0,0,0,0
68,5,9,0,0,0,1,0,0,0,0,0,0,0,0,0,0,0,0,0,0,0
69,5,4,0,0,0,0,0,0,1,0,0,0,0,0,0,0,0,0,0,0,0
70,5,7,0,0,0,1,0,0,0,0,0,0,0,0,0,0,0,0,0,0,0
71,5,4,0,0,0,0,0,0,0,0,0,1,0,0,0,0,0,0,0,0,0
72,5,10,0,0,0,1,0,0,0,0,0,0,0,0,0,0,0,0,0,0,0
73,5,4,0,0,0,0,0,0,0,0,0,1,0,0,0,0,0,0,0,0,0
74,5,4,0,0,0,0,0,0,1,1,1,1,0,0,0,0,0,0,0,0,0
75,6,6,0,0,0,1,0,0,0,0,0,0,0,0,0,0,0,0,0,0,0
76,6,6,0,0,0,0,0,0,0,0,0,0,1,0,0,0,0,0,0,0,0
77,6,11,0,0,0,0,0,1,0,0,0,0,0,0,0,0,0,0,0,0,0
78,6,6,0,0,0,0,0,0,0,0,0,0,1,0,0,0,0,0,0,0,0
79,6,11,0,0,0,0,0,1,0,0,0,0,0,0,0,0,0,0,0,0,0
80,6,6,0,0,0,0,0,0,0,0,0,0,1,0,0,0,0,0,0,0,0
81,6,4,0,0,0,0,0,1,0,0,0,0,0,0,0,0,0,0,0,0,0
82,6,4,0,0,0,0,0,0,0,0,0,0,1,0,0,0,0,0,0,0,0
83,6,11,0,0,0,1,0,0,0,0,0,0,0,0,0,0,0,0,0,0,0
84,6,4,0,0,0,0,0,0,0,0,0,0,1,0,0,0,0,0,0,0,0
85,6,7,0,0,0,0,0,1,0,0,0,0,0,0,0,0,0,0,0,0,0
86,6,11,0,0,0,1,0,1,1,1,1,1,0,0,0,0,0,0,0,0,0
87,6,7,0,0,0,0,0,0,0,0,0,0,1,0,0,0,0,0,0,0,0
88,6,11,0,0,0,0,0,0,1,0,0,0,0,0,0,0,0,0,0,0,0
89,6,4,0,0,0,0,0,0,0,0,0,0,1,0,0,0,0,0,0,0,0
90,6,11,0,0,0,1,0,0,0,0,0,0,0,0,0,0,0,0,0,0,0
91,7,9,0,0,0,1,0,1,1,1,0,1,0,0,0,0,0,0,0,0,0
92,7,4,0,0,0,0,0,1,1,1,1,1,0,0,0,0,0,0,0,0,0
93,7,10,0,0,0,1,0,0,0,0,0,0,0,0,0,0,0,0,0,0,0
94,7,4,0,0,0,0,0,0,0,0,0,1,0,0,0,0,0,0,0,0,0
95,7,12,0,0,0,1,0,1,1,1,1,1,0,0,0,0,0,0,0,0,0
96,7,4,0,0,0,0,0,0,0,0,0,0,0,1,0,0,0,0,0,0,0
97,7,12,0,0,0,1,0,0,0,0,0,0,0,0,0,0,0,0,0,0,0
98,7,4,0,0,0,0,0,0,0,0,0,0,0,1,0,0,0,0,0,0,0
99,7,12,0,0,0,1,0,0,0,0,0,0,0,0,0,0,0,0,0,0,0
100,7,4,0,0,0,0,0,0,0,0,0,0,0,1,0,0,0,0,0,0,0
101,7,12,0,0,0,1,0,0,0,0,0,0,0,0,0,0,0,0,0,0,0
102,7,4,0,0,0,0,0,0,0,0,0,0,0,1,0,0,0,0,0,0,0
103,7,6,0,0,0,1,0,0,0,0,0,0,0,0,0,0,0,0,0,0,0
104,7,4,0,0,0,0,0,1,0,0,0,0,0,0,0,0,0,0,0,0,0
105,7,12,0,0,0,1,0,0,0,0,0,0,0,0,0,0,0,0,0,0,0
106,7,6,0,0,0,0,0,0,0,0,0,0,0,1,0,0,0,0,0,0,0
107,7,6,0,0,0,1,0,0,0,0,0,0,0,0,0,0,0,0,0,0,0
108,7,12,0,0,0,1,0,0,0,0,0,0,0,0,0,0,0,0,0,0,0
109,7,7,0,0,0,1,0,1,0,1,1,1,0,0,0,0,0,0,0,0,0
110,7,6,0,0,0,1,0,0,0,0,0,0,0,0,0,0,0,0,0,0,0
111,7,4,0,0,0,0,0,1,0,0,0,0,0,0,0,0,0,0,0,0,0
112,7,7,0,0,0,1,0,1,0,1,1,1,0,0,0,0,0,0,0,0,0
113,7,6,0,0,0,1,0,0,0,0,0,0,0,0,0,0,0,0,0,0,0
114,7,4,0,0,0,0,1,0,0,0,0,0,0,0,0,0,0,0,0,0,0
115,7,5,0,0,0,1,0,0,0,0,0,0,0,0,0,0,0,0,0,0,0
116,7,12,0,0,0,0,1,0,0,0,0,0,0,0,0,0,0,0,0,0,0
117,7,5,0,0,0,0,0,0,0,0,0,0,0,1,0,0,0,0,0,0,0
118,7,12,0,0,0,0,1,0,0,0,0,0,0,0,0,0,0,0,0,0,0
119,7,5,0,0,0,0,0,0,0,0,0,0,0,1,0,0,0,0,0,0,0
120,7,12,0,0,0,0,1,0,0,0,0,0,0,0,0,0,0,0,0,0,0
121,7,5,0,0,0,0,0,0,0,0,0,0,0,1,0,0,0,0,0,0,0
122,8,4,0,0,0,0,1,0,0,0,0,0,0,0,0,0,0,0,0,0,0
123,8,5,0,0,0,1,0,0,0,0,0,0,0,0,0,0,0,0,0,0,0
124,8,4,0,0,0,0,1,0,0,0,0,0,0,0,0,0,0,0,0,0,0
125,8,5,0,0,0,1,0,0,0,0,0,0,0,0,0,0,0,0,0,0,0
126,8,5,0,0,0,0,0,0,1,0,1,1,0,0,0,0,0,0,0,0,0
127,8,4,0,0,0,0,1,0,0,0,0,0,0,0,0,0,0,0,0,0,0
128,8,5,0,0,0,1,0,0,0,0,0,0,0,0,0,0,0,0,0,0,0
129,8,4,0,0,0,0,1,0,0,0,0,0,0,0,0,0,0,0,0,0,0
130,8,5,0,0,0,1,0,0,0,0,0,0,0,0,0,0,0,0,0,0,0
131,8,4,0,0,0,0,1,0,0,0,0,0,0,0,0,0,0,0,0,0,0
132,8,5,0,0,0,1,0,0,0,0,0,0,0,0,0,0,0,0,0,0,0
133,8,6,0,0,0,0,1,0,0,0,0,0,0,0,0,0,0,0,0,0,0
134,8,5,0,0,0,0,0,1,0,0,0,0,0,0,0,0,0,0,0,0,0
135,8,5,0,0,0,1,0,0,0,0,0,0,0,0,0,0,0,0,0,0,0
136,8,5,0,0,0,1,0,0,0,0,0,0,0,0,0,0,0,0,0,0,0
137,8,5,0,0,0,1,0,0,0,0,0,0,0,0,0,0,0,0,0,0,0
138,9,2,1,0,0,0,0,0,0,0,0,0,0,0,0,0,0,0,0,0,0
139,9,1,0,1,1,0,0,0,0,0,0,0,0,0,0,0,0,0,0,0,0
140,9,1,0,0,0,1,0,0,0,0,0,0,0,0,0,0,0,0,0,0,0
141,9,4,1,1,1,0,0,0,0,0,0,0,0,0,0,0,0,0,0,0,0
142,9,2,0,0,0,1,0,0,0,0,0,0,0,0,0,0,0,0,0,0,0
143,9,1,0,0,1,0,0,0,0,0,0,0,0,0,0,0,0,0,0,0,0
144,9,3,1,0,0,0,0,0,0,0,0,0,0,0,0,0,0,0,0,0,0
145,9,1,0,0,1,0,0,0,0,0,0,0,0,0,0,0,0,0,0,0,0
146,9,4,0,0,1,0,0,0,0,0,0,0,0,0,0,0,0,0,0,0,0
147,9,2,0,0,0,1,0,0,0,0,0,0,0,0,0,0,0,0,0,0,0
148,9,4,0,1,0,0,0,0,0,0,0,0,0,0,0,0,0,0,0,0,0
149,9,3,0,1,0,0,0,0,0,0,0,0,0,0,0,0,0,0,0,0,0
150,9,3,1,0,0,0,0,0,0,0,0,0,0,0,0,0,0,0,0,0,0
151,10,3,1,0,0,0,0,0,0,0,0,0,0,0,0,0,0,0,0,0,0
152,10,1,0,0,1,0,0,0,0,0,0,0,0,0,0,0,0,0,0,0,0
153,10,2,1,0,1,0,0,0,0,0,0,0,0,0,0,0,0,0,0,0,0
154,10,3,0,1,0,0,0,0,0,0,0,0,0,0,0,0,0,0,0,0,0
155,10,2,0,0,1,0,0,0,0,0,0,0,0,0,0,0,0,0,0,0,0
156,10,1,0,0,1,0,0,0,0,0,0,0,0,0,0,0,0,0,0,0,0
157,10,3,0,1,0,0,0,0,0,0,0,0,0,0,0,0,0,0,0,0,0
158,10,1,0,1,0,0,0,0,0,0,0,0,0,0,0,0,0,0,0,0,0
159,10,1,0,0,1,0,0,0,0,0,0,0,0,0,0,0,0,0,0,0,0
160,10,3,1,0,0,0,0,0,0,0,0,0,0,0,0,0,0,0,0,0,0
161,10,1,0,0,1,0,0,0,0,0,0,0,0,0,0,0,0,0,0,0,0
162,10,2,1,0,1,0,0,0,0,0,0,0,0,0,0,0,0,0,0,0,0
163,10,1,0,1,1,0,0,0,0,0,0,0,0,0,0,0,0,0,0,0,0
164,11,1,0,1,1,0,0,0,0,0,0,0,0,0,0,0,0,0,0,0,0
165,11,2,1,0,0,0,0,0,0,0,0,0,0,0,0,0,0,0,0,0,0
166,11,1,0,1,0,0,0,0,0,0,0,0,0,0,0,0,0,0,0,0,0
167,11,3,1,0,0,0,0,0,0,0,0,0,0,0,0,0,0,0,0,0,0
168,11,1,0,0,1,0,0,0,0,0,0,0,0,0,0,0,0,0,0,0,0
169,11,3,1,0,0,0,0,0,0,0,0,0,0,0,0,0,0,0,0,0,0
170,11,1,0,0,1,0,0,0,0,0,0,0,0,0,0,0,0,0,0,0,0
171,11,1,0,0,0,1,0,0,0,0,0,0,0,0,0,0,0,0,0,0,0
172,12,2,1,0,0,0,0,0,0,0,0,0,0,0,0,0,0,0,0,0,0
173,12,2,0,0,0,1,0,0,0,0,0,0,0,0,0,0,0,0,0,0,0
174,12,1,0,0,0,1,0,0,0,0,0,0,0,0,0,0,0,0,0,0,0
175,12,4,1,0,0,0,0,0,0,0,0,0,0,0,0,0,0,0,0,0,0
176,12,1,0,0,0,1,0,0,0,0,0,0,0,0,0,0,0,0,0,0,0
177,12,4,1,0,0,0,0,0,0,0,0,0,0,0,0,0,0,0,0,0,0
178,12,1,0,0,0,1,0,0,0,0,0,0,0,0,0,0,0,0,0,0,0
179,12,4,1,1,1,0,0,0,0,0,0,0,0,0,0,0,0,0,0,0,0
180,13,7,0,0,0,0,0,1,0,1,1,1,0,0,0,0,0,0,0,0,0
181,13,10,0,0,0,0,0,0,1,0,0,0,0,0,0,0,0,0,0,0,0
182,13,8,0,0,0,0,0,1,1,0,1,1,0,0,0,0,0,0,0,0,0
183,13,7,0,0,0,0,0,1,0,1,1,1,0,0,0,0,0,0,0,0,0
184,13,6,0,0,0,0,0,0,1,0,0,0,0,0,0,0,0,0,0,0,0
185,13,8,0,0,0,0,0,1,0,0,0,0,0,0,0,0,0,0,0,0,0
186,13,6,0,0,0,0,0,0,0,1,0,0,0,0,0,0,0,0,0,0,0
187,13,7,0,0,0,0,0,1,0,0,0,0,0,0,0,0,0,0,0,0,0
188,13,6,0,0,0,0,0,0,1,0,0,0,0,0,0,0,0,0,0,0,0
189,13,10,0,0,0,0,0,1,0,0,0,0,0,0,0,0,0,0,0,0,0
190,13,6,0,0,0,0,0,0,0,0,0,1,0,0,0,0,0,0,0,0,0
191,13,6,0,0,0,0,0,0,1,1,1,1,0,0,0,0,0,0,0,0,0
192,13,10,0,0,0,0,0,0,1,1,1,0,0,0,0,0,0,0,0,0,0
193,13,7,0,0,0,0,0,0,0,1,1,1,0,0,0,0,0,0,0,0,0
194,13,9,0,0,0,0,0,0,1,1,0,1,0,0,0,0,0,0,0,0,0
195,13,8,0,0,0,0,0,0,1,0,1,1,0,0,0,0,0,0,0,0,0
196,14,5,0,0,0,0,0,1,0,0,0,0,0,0,0,0,0,0,0,0,0
197,14,6,0,0,0,0,1,0,0,0,0,0,0,0,0,0,0,0,0,0,0
198,14,5,0,0,0,0,0,1,0,0,0,0,0,0,0,0,0,0,0,0,0
199,14,6,0,0,0,0,1,0,0,0,0,0,0,0,0,0,0,0,0,0,0
200,14,5,0,0,0,0,0,1,0,0,0,0,0,0,0,0,0,0,0,0,0
201,14,6,0,0,0,0,1,0,0,0,0,0,0,0,0,0,0,0,0,0,0
202,14,6,0,0,0,0,1,0,0,0,0,0,0,0,0,0,0,0,0,0,0
203,14,5,0,0,0,0,0,1,0,0,0,0,0,0,0,0,0,0,0,0,0
204,14,6,0,0,0,0,1,0,0,0,0,0,0,0,0,0,0,0,0,0,0
205,14,5,0,0,0,0,0,1,0,0,0,0,0,0,0,0,0,0,0,0,0
206,14,6,0,0,0,0,1,0,0,0,0,0,0,0,0,0,0,0,0,0,0
207,14,5,0,0,0,0,0,1,0,0,0,0,0,0,0,0,0,0,0,0,0
208,14,6,0,0,0,0,1,0,0,0,0,0,0,0,0,0,0,0,0,0,0
209,14,6,0,0,0,0,1,0,0,0,0,0,0,0,0,0,0,0,0,0,0
210,14,5,0,0,0,0,0,1,0,0,0,0,0,0,0,0,0,0,0,0,0
211,14,6,0,0,0,0,1,0,0,0,0,0,0,0,0,0,0,0,0,0,0
212,14,5,0,0,0,0,0,1,0,0,0,0,0,0,0,0,0,0,0,0,0
213,14,6,0,0,0,0,1,0,0,0,0,0,0,0,0,0,0,0,0,0,0
214,14,5,0,0,0,0,0,1,0,0,0,0,0,0,0,0,0,0,0,0,0
215,14,6,0,0,0,0,1,0,0,0,0,0,0,0,0,0,0,0,0,0,0
216,15,1,0,0,0,1,0,0,0,0,0,0,0,0,0,0,0,0,0,0,0
217,15,2,0,0,0,1,0,0,0,0,0,0,0,0,0,0,0,0,0,0,0
218,15,4,1,1,0,0,0,0,0,0,0,0,0,0,0,0,0,0,0,0,0
219,15,2,0,0,0,1,0,0,0,0,0,0,0,0,0,0,0,0,0,0,0
220,15,1,0,0,0,1,0,0,0,0,0,0,0,0,0,0,0,0,0,0,0
221,15,4,1,0,0,0,0,0,0,0,0,0,0,0,0,0,0,0,0,0,0
222,15,1,0,0,0,1,0,0,0,0,0,0,0,0,0,0,0,0,0,0,0
223,15,4,1,0,0,0,0,0,0,0,0,0,0,0,0,0,0,0,0,0,0
224,15,1,0,0,0,1,0,0,0,0,0,0,0,0,0,0,0,0,0,0,0
225,15,4,1,0,0,0,0,0,0,0,0,0,0,0,0,0,0,0,0,0,0
226,15,1,0,0,0,1,0,0,0,0,0,0,0,0,0,0,0,0,0,0,0
227,15,4,1,0,0,0,0,0,0,0,0,0,0,0,0,0,0,0,0,0,0
228,15,1,0,0,0,1,0,0,0,0,0,0,0,0,0,0,0,0,0,0,0
229,15,2,0,0,0,1,0,0,0,0,0,0,0,0,0,0,0,0,0,0,0
230,16,1,0,0,0,1,0,0,0,0,0,0,0,0,0,0,0,0,0,0,0
231,16,4,1,0,0,0,0,0,0,0,0,0,0,0,0,0,0,0,0,0,0
232,16,1,0,0,0,1,0,0,0,0,0,0,0,0,0,0,0,0,0,0,0
233,16,4,1,0,0,0,0,0,0,0,0,0,0,0,0,0,0,0,0,0,0
234,16,1,0,0,0,1,0,0,0,0,0,0,0,0,0,0,0,0,0,0,0
235,16,4,1,0,0,0,0,0,0,0,0,0,0,0,0,0,0,0,0,0,0
236,16,1,0,0,0,1,0,0,0,0,0,0,0,0,0,0,0,0,0,0,0
237,16,4,1,0,0,0,0,0,0,0,0,0,0,0,0,0,0,0,0,0,0
238,16,1,0,0,0,1,0,0,0,0,0,0,0,0,0,0,0,0,0,0,0
239,16,4,1,0,0,0,0,0,0,0,0,0,0,0,0,0,0,0,0,0,0
240,16,2,0,0,0,1,0,0,0,0,0,0,0,0,0,0,0,0,0,0,0
241,16,3,1,0,0,0,0,0,0,0,0,0,0,0,0,0,0,0,0,0,0
242,16,3,1,0,0,0,0,0,0,0,0,0,0,0,0,0,0,0,0,0,0
243,16,1,0,0,1,0,0,0,0,0,0,0,0,0,0,0,0,0,0,0,0
244,16,3,1,0,0,0,0,0,0,0,0,0,0,0,0,0,0,0,0,0,0
245,16,1,0,0,1,0,0,0,0,0,0,0,0,0,0,0,0,0,0,0,0
246,16,3,1,0,0,0,0,0,0,0,0,0,0,0,0,0,0,0,0,0,0
247,16,1,0,0,1,0,0,0,0,0,0,0,0,0,0,0,0,0,0,0,0
248,16,3,1,0,0,0,0,0,0,0,0,0,0,0,0,0,0,0,0,0,0
249,16,1,0,0,1,0,0,0,0,0,0,0,0,0,0,0,0,0,0,0,0
250,16,4,1,0,0,0,0,0,0,0,0,0,0,0,0,0,0,0,0,0,0
251,16,1,0,0,0,1,0,0,0,0,0,0,0,0,0,0,0,0,0,0,0
252,16,4,1,1,1,0,0,0,0,0,0,0,0,0,0,0,0,0,0,0,0
253,16,1,0,0,0,0,0,0,0,0,0,0,0,0,1,0,0,0,0,0,0
254,16,13,1,0,0,0,0,0,0,0,0,0,0,0,0,0,0,0,0,0,0
255,16,1,0,0,0,0,0,0,0,0,0,0,0,0,1,0,0,0,0,0,0
256,16,3,1,0,0,0,0,0,0,0,0,0,0,0,0,0,0,0,0,0,0
257,16,1,0,0,1,0,0,0,0,0,0,0,0,0,0,0,0,0,0,0,0
258,16,1,0,0,0,0,0,0,0,0,0,0,0,0,1,0,0,0,0,0,0
259,16,13,1,0,0,0,0,0,0,0,0,0,0,0,0,0,0,0,0,0,0
260,16,1,0,0,0,0,0,0,0,0,0,0,0,0,1,0,0,0,0,0,0
261,16,13,1,0,0,0,0,0,0,0,0,0,0,0,0,0,0,0,0,0,0
262,16,1,0,0,0,0,0,0,0,0,0,0,0,0,1,0,0,0,0,0,0
263,16,13,1,0,0,0,0,0,0,0,0,0,0,0,0,0,0,0,0,0,0
264,16,1,0,0,0,0,0,0,0,0,0,0,0,0,1,0,0,0,0,0,0
265,16,13,1,0,0,0,0,0,0,0,0,0,0,0,0,0,0,0,0,0,0
266,16,1,0,0,0,0,0,0,0,0,0,0,0,0,1,0,0,0,0,0,0
267,16,3,1,0,0,0,0,0,0,0,0,0,0,0,0,0,0,0,0,0,0
268,16,13,1,0,0,0,0,0,0,0,0,0,0,0,0,0,0,0,0,0,0
269,17,1,0,1,1,0,0,0,0,0,0,0,0,0,0,0,0,0,0,0,0
270,17,2,1,0,1,0,0,0,0,0,0,0,0,0,0,0,0,0,0,0,0
271,17,3,1,0,0,0,0,0,0,0,0,0,0,0,0,0,0,0,0,0,0
272,17,1,0,0,1,0,0,0,0,0,0,0,0,0,0,0,0,0,0,0,0
273,17,2,1,0,0,0,0,0,0,0,0,0,0,0,0,0,0,0,0,0,0
274,17,1,0,1,0,0,0,0,0,0,0,0,0,0,0,0,0,0,0,0,0
275,17,1,0,1,1,0,0,0,0,0,0,0,0,0,0,0,0,0,0,0,0
276,17,3,1,0,0,0,0,0,0,0,0,0,0,0,0,0,0,0,0,0,0
277,17,1,0,0,1,0,0,0,0,0,0,0,0,0,0,0,0,0,0,0,0
278,17,3,1,0,0,0,0,0,0,0,0,0,0,0,0,0,0,0,0,0,0
279,17,2,0,0,1,0,0,0,0,0,0,0,0,0,0,0,0,0,0,0,0
280,18,6,0,0,0,0,0,0,1,1,1,1,0,0,0,0,0,0,0,0,0
281,18,8,0,0,0,0,0,1,0,0,0,0,0,0,0,0,0,0,0,0,0
282,18,6,0,0,0,0,0,0,0,1,0,0,0,0,0,0,0,0,0,0,0
283,18,10,0,0,0,0,0,1,0,0,0,0,0,0,0,0,0,0,0,0,0
284,18,6,0,0,0,0,0,0,0,0,0,1,0,0,0,0,0,0,0,0,0
285,18,10,0,0,0,0,0,1,0,0,0,0,0,0,0,0,0,0,0,0,0
286,18,6,0,0,0,0,0,0,0,0,0,1,0,0,0,0,0,0,0,0,0
287,18,8,0,0,0,0,0,1,0,0,0,0,0,0,0,0,0,0,0,0,0
288,18,6,0,0,0,0,0,0,0,1,0,0,0,0,0,0,0,0,0,0,0
289,18,7,0,0,0,0,0,1,0,0,0,0,0,0,0,0,0,0,0,0,0
290,18,6,0,0,0,0,0,0,1,1,1,1,0,0,0,0,0,0,0,0,0
291,19,1,0,0,0,1,0,0,0,0,0,0,0,0,0,0,0,0,0,0,0
292,20,1,0,0,0,1,0,0,0,0,0,0,0,0,0,0,0,0,0,0,0
293,20,4,1,0,0,0,0,0,0,0,0,0,0,0,0,0,0,0,0,0,0
294,20,1,0,0,0,1,0,0,0,0,0,0,0,0,0,0,0,0,0,0,0
295,20,4,1,0,0,0,0,0,0,0,0,0,0,0,0,0,0,0,0,0,0
296,20,1,0,0,0,1,0,0,0,0,0,0,0,0,0,0,0,0,0,0,0
297,20,4,1,0,0,0,0,0,0,0,0,0,0,0,0,0,0,0,0,0,0
298,20,1,0,0,0,1,0,0,0,0,0,0,0,0,0,0,0,0,0,0,0
299,20,4,1,0,0,0,0,0,0,0,0,0,0,0,0,0,0,0,0,0,0
300,20,1,0,0,0,1,0,0,0,0,0,0,0,0,0,0,0,0,0,0,0
301,20,4,1,0,0,0,0,0,0,0,0,0,0,0,0,0,0,0,0,0,0
302,20,1,0,0,0,1,0,0,0,0,0,0,0,0,0,0,0,0,0,0,0
303,20,1,0,0,0,1,0,0,0,0,0,0,0,0,0,0,0,0,0,0,0
304,20,4,1,0,0,0,0,0,0,0,0,0,0,0,0,0,0,0,0,0,0
305,20,1,0,0,0,1,0,0,0,0,0,0,0,0,0,0,0,0,0,0,0
306,20,4,1,0,0,0,0,0,0,0,0,0,0,0,0,0,0,0,0,0,0
307,20,1,0,0,0,1,0,0,0,0,0,0,0,0,0,0,0,0,0,0,0
308,20,4,1,0,0,0,0,0,0,0,0,0,0,0,0,0,0,0,0,0,0
309,20,1,0,0,0,1,0,0,0,0,0,0,0,0,0,0,0,0,0,0,0
310,21,6,0,0,0,0,0,0,0,0,0,0,0,0,0,1,0,0,0,0,0
311,21,14,0,0,0,0,0,1,0,0,0,0,0,0,0,0,0,0,0,0,0
312,21,6,0,0,0,0,0,0,0,0,0,0,0,0,0,1,0,0,0,0,0
313,21,14,0,0,0,0,0,1,0,0,0,0,0,0,0,0,0,0,0,0,0
314,21,6,0,0,0,0,0,0,0,0,0,0,0,0,0,1,0,0,0,0,0
315,21,14,0,0,0,0,0,1,0,0,0,0,0,0,0,0,0,0,0,0,0
316,21,6,0,0,0,0,0,0,0,0,0,0,0,0,0,1,0,0,0,0,0
317,21,14,0,0,0,0,0,1,0,0,0,0,0,0,0,0,0,0,0,0,0
318,22,1,0,0,0,1,0,0,0,0,0,0,0,0,0,0,0,0,0,0,0
319,22,4,1,0,0,0,0,0,0,0,0,0,0,0,0,0,0,0,0,0,0
320,22,1,0,0,0,1,0,0,0,0,0,0,0,0,0,0,0,0,0,0,0
321,22,4,1,0,0,0,0,0,0,0,0,0,0,0,0,0,0,0,0,0,0
322,22,1,0,0,0,1,0,0,0,0,0,0,0,0,0,0,0,0,0,0,0
323,22,4,1,0,0,0,0,0,0,0,0,0,0,0,0,0,0,0,0,0,0
324,22,1,0,0,1,0,0,0,0,0,0,0,0,0,0,0,0,0,0,0,0
325,22,15,0,0,0,0,0,0,0,0,0,0,0,0,0,0,0,0,0,1,0
326,22,13,0,0,0,0,0,0,0,0,0,0,0,0,0,0,1,0,0,0,0
327,22,15,0,0,0,0,0,0,0,0,0,0,0,0,1,0,0,0,0,0,0
328,22,13,0,0,0,0,0,0,0,0,0,0,0,0,0,0,0,1,0,0,0
329,22,16,0,0,0,0,0,0,0,0,0,0,0,0,1,0,0,0,0,0,0
330,22,13,0,0,0,0,0,0,0,0,0,0,0,0,0,0,0,1,0,0,0
331,22,16,0,0,0,0,0,0,0,0,0,0,0,0,1,0,0,0,0,0,0
332,22,13,0,0,0,0,0,0,0,0,0,0,0,0,0,0,0,1,0,0,0
333,22,16,0,0,0,0,0,0,0,0,0,0,0,0,1,0,0,0,0,0,0
334,23,3,1,0,0,0,0,0,0,0,0,0,0,0,0,0,0,0,0,0,0
335,23,1,0,0,1,0,0,0,0,0,0,0,0,0,0,0,0,0,0,0,0
336,23,3,1,0,0,0,0,0,0,0,0,0,0,0,0,0,0,0,0,0,0
337,23,1,0,0,1,0,0,0,0,0,0,0,0,0,0,0,0,0,0,0,0
338,23,2,1,0,1,0,0,0,0,0,0,0,0,0,0,0,0,0,0,0,0
339,23,1,0,0,1,0,0,0,0,0,0,0,0,0,0,0,0,0,0,0,0
340,23,3,1,0,0,0,0,0,0,0,0,0,0,0,0,0,0,0,0,0,0
341,23,1,0,0,1,0,0,0,0,0,0,0,0,0,0,0,0,0,0,0,0
342,23,3,1,0,0,0,0,0,0,0,0,0,0,0,0,0,0,0,0,0,0
343,23,1,0,0,1,0,0,0,0,0,0,0,0,0,0,0,0,0,0,0,0
344,23,3,1,0,0,0,0,0,0,0,0,0,0,0,0,0,0,0,0,0,0
345,23,1,0,0,1,0,0,0,0,0,0,0,0,0,0,0,0,0,0,0,0
346,23,3,1,0,0,0,0,0,0,0,0,0,0,0,0,0,0,0,0,0,0
347,23,1,0,0,1,0,0,0,0,0,0,0,0,0,0,0,0,0,0,0,0
348,23,3,1,0,0,0,0,0,0,0,0,0,0,0,0,0,0,0,0,0,0
349,23,2,0,0,1,0,0,0,0,0,0,0,0,0,0,0,0,0,0,0,0
350,23,1,0,1,1,0,0,0,0,0,0,0,0,0,0,0,0,0,0,0,0
351,24,13,0,0,0,1,0,0,0,0,0,0,0,0,0,0,0,0,0,0,0
352,24,13,0,0,0,1,0,0,0,0,0,0,0,0,0,0,0,0,0,0,0
353,24,13,0,0,0,1,0,0,0,0,0,0,0,0,0,0,0,0,0,0,0
354,24,4,0,0,0,0,0,1,0,0,0,0,0,0,0,0,0,0,0,0,0
355,24,6,0,0,0,1,0,0,0,0,0,0,0,0,0,0,0,0,0,0,0
356,24,4,0,0,0,0,0,1,0,0,0,0,0,0,0,0,0,0,0,0,0
357,24,6,0,0,0,1,0,0,0,0,0,0,0,0,0,0,0,0,0,0,0
358,24,4,0,0,0,0,0,1,0,0,0,0,0,0,0,0,0,0,0,0,0
359,24,6,0,0,0,1,0,0,0,0,0,0,0,0,0,0,0,0,0,0,0
360,24,6,0,0,0,1,0,0,0,0,0,0,0,0,0,0,0,0,0,0,0
361,24,4,0,0,0,0,0,1,0,0,0,0,0,0,0,0,0,0,0,0,0
362,24,6,0,0,0,1,0,0,0,0,0,0,0,0,0,0,0,0,0,0,0
363,24,4,0,0,0,0,0,1,0,0,0,0,0,0,0,0,0,0,0,0,0
364,24,6,0,0,0,1,0,0,0,0,0,0,0,0,0,0,0,0,0,0,0
365,24,6,0,0,0,1,0,0,0,0,0,0,0,0,0,0,0,0,0,0,0
366,24,4,0,0,0,0,0,1,0,0,0,0,0,0,0,0,0,0,0,0,0
367,24,6,0,0,0,1,0,0,0,0,0,0,0,0,0,0,0,0,0,0,0
368,24,4,0,0,0,0,0,1,0,0,0,0,0,0,0,0,0,0,0,0,0
369,24,13,0,0,0,1,0,0,0,0,0,0,0,0,0,0,0,0,0,0,0
370,25,15,0,0,0,0,0,0,0,0,0,0,0,0,1,0,0,0,0,0,0
371,26,13,0,0,1,0,0,0,0,0,0,0,0,0,0,0,0,0,0,0,0
372,26,3,0,0,0,0,0,0,0,0,0,0,0,0,1,0,0,0,0,0,0
373,26,13,0,0,1,0,0,0,0,0,0,0,0,0,0,0,0,0,0,0,0
374,26,3,0,0,0,0,0,0,0,0,0,0,0,0,1,0,0,0,0,0,0
375,26,3,0,0,0,0,0,0,0,0,0,0,0,0,1,0,0,0,0,0,0
376,26,13,0,0,1,0,0,0,0,0,0,0,0,0,0,0,0,0,0,0,0
377,26,3,0,0,0,0,0,0,0,0,0,0,0,0,1,0,0,0,0,0,0
378,26,13,0,0,1,0,0,0,0,0,0,0,0,0,0,0,0,0,0,0,0
379,26,3,0,0,0,0,0,0,0,0,0,0,0,0,1,0,0,0,0,0,0
380,27,3,0,0,0,1,0,0,0,0,0,0,0,0,0,0,0,0,0,0,0
381,28,13,0,0,1,0,0,0,0,0,0,0,0,0,0,0,0,0,0,0,0
382,28,3,0,0,0,0,0,0,0,0,0,0,0,0,1,0,0,0,0,0,0
383,28,4,0,0,1,0,0,0,0,0,0,0,0,0,0,0,0,0,0,0,0
384,28,3,0,0,0,1,0,0,0,0,0,0,0,0,0,0,0,0,0,0,0
385,29,4,0,0,1,0,0,0,0,0,0,0,0,0,0,0,0,0,0,0,0
386,29,3,0,0,0,1,0,0,0,0,0,0,0,0,0,0,0,0,0,0,0
387,29,4,0,0,1,0,0,0,0,0,0,0,0,0,0,0,0,0,0,0,0
388,29,3,0,0,0,1,0,0,0,0,0,0,0,0,0,0,0,0,0,0,0
389,29,4,0,0,1,0,0,0,0,0,0,0,0,0,0,0,0,0,0,0,0
390,29,3,0,0,0,1,0,0,0,0,0,0,0,0,0,0,0,0,0,0,0
391,29,4,0,0,1,0,0,0,0,0,0,0,0,0,0,0,0,0,0,0,0
392,29,3,0,0,0,1,0,0,0,0,0,0,0,0,0,0,0,0,0,0,0
393,29,4,0,0,1,0,0,0,0,0,0,0,0,0,0,0,0,0,0,0,0
394,29,3,0,0,0,1,0,0,0,0,0,0,0,0,0,0,0,0,0,0,0
395,30,6,0,0,0,0,0,0,0,0,0,0,0,1,0,0,0,0,0,0,0
396,30,12,0,0,0,0,0,1,0,0,0,0,0,0,0,0,0,0,0,0,0
397,30,6,0,0,0,0,0,0,0,0,0,0,0,1,0,0,0,0,0,0,0
398,30,12,0,0,0,0,0,1,0,0,0,0,0,0,0,0,0,0,0,0,0
399,30,6,0,0,0,0,0,0,0,0,0,0,0,1,0,0,0,0,0,0,0
400,30,12,0,0,0,0,0,1,0,0,0,0,0,0,0,0,0,0,0,0,0
401,30,6,0,0,0,0,0,0,0,0,0,0,0,1,0,0,0,0,0,0,0
402,30,12,0,0,0,0,0,1,0,0,0,0,0,0,0,0,0,0,0,0,0
403,31,6,0,0,0,0,0,0,0,0,0,0,1,0,0,0,0,0,0,0,0
404,31,11,0,0,0,0,0,1,0,0,0,0,0,0,0,0,0,0,0,0,0
405,31,6,0,0,0,0,0,0,0,0,0,0,1,0,0,0,0,0,0,0,0
406,31,11,0,0,0,0,0,1,0,0,0,0,0,0,0,0,0,0,0,0,0
407,31,6,0,0,0,0,0,0,0,0,0,0,1,0,0,0,0,0,0,0,0
408,31,11,0,0,0,0,0,1,0,0,0,0,0,0,0,0,0,0,0,0,0
409,31,6,0,0,0,0,0,0,0,0,0,0,1,0,0,0,0,0,0,0,0
410,31,11,0,0,0,0,0,1,0,0,0,0,0,0,0,0,0,0,0,0,0
411,31,6,0,0,0,0,0,0,0,0,0,0,1,0,0,0,0,0,0,0,0
412,31,11,0,0,0,0,0,1,0,0,0,0,0,0,0,0,0,0,0,0,0
413,31,6,0,0,0,0,0,0,0,0,0,0,1,0,0,0,0,0,0,0,0
414,32,1,0,0,0,1,0,0,0,0,0,0,0,0,0,0,0,0,0,0,0
415,32,4,1,0,0,0,0,0,0,0,0,0,0,0,0,0,0,0,0,0,0
416,32,4,0,0,1,0,0,0,0,0,0,0,0,0,0,0,0,0,0,0,0
417,32,1,0,0,0,1,0,0,0,0,0,0,0,0,0,0,0,0,0,0,0
418,32,4,1,0,0,0,0,0,0,0,0,0,0,0,0,0,0,0,0,0,0
419,32,1,0,0,0,1,0,0,0,0,0,0,0,0,0,0,0,0,0,0,0
420,32,3,0,0,0,1,0,0,0,0,0,0,0,0,0,0,0,0,0,0,0
421,32,4,1,0,0,0,0,0,0,0,0,0,0,0,0,0,0,0,0,0,0
422,32,1,0,0,0,1,0,0,0,0,0,0,0,0,0,0,0,0,0,0,0
423,32,1,0,0,0,1,0,0,0,0,0,0,0,0,0,0,0,0,0,0,0
424,32,4,1,0,0,0,0,0,0,0,0,0,0,0,0,0,0,0,0,0,0
425,33,1,0,0,0,1,0,0,0,0,0,0,0,0,0,0,0,0,0,0,0
426,33,1,0,0,0,1,0,0,0,0,0,0,0,0,0,0,0,0,0,0,0
427,33,4,1,0,0,0,0,0,0,0,0,0,0,0,0,0,0,0,0,0,0
428,33,1,0,0,0,1,0,0,0,0,0,0,0,0,0,0,0,0,0,0,0
429,33,4,1,0,0,0,0,0,0,0,0,0,0,0,0,0,0,0,0,0,0
430,33,1,0,0,0,1,0,0,0,0,0,0,0,0,0,0,0,0,0,0,0
431,33,4,1,0,0,0,0,0,0,0,0,0,0,0,0,0,0,0,0,0,0
432,33,1,0,0,0,1,0,0,0,0,0,0,0,0,0,0,0,0,0,0,0
433,33,4,1,0,0,0,0,0,0,0,0,0,0,0,0,0,0,0,0,0,0
434,33,1,0,0,0,1,0,0,0,0,0,0,0,0,0,0,0,0,0,0,0
435,33,4,1,0,0,0,0,0,0,0,0,0,0,0,0,0,0,0,0,0,0
436,33,1,0,0,0,1,0,0,0,0,0,0,0,0,0,0,0,0,0,0,0
437,33,4,1,0,0,0,0,0,0,0,0,0,0,0,0,0,0,0,0,0,0
438,33,4,1,0,0,0,0,0,0,0,0,0,0,0,0,0,0,0,0,0,0
439,33,1,0,0,0,1,0,0,0,0,0,0,0,0,0,0,0,0,0,0,0
440,33,4,1,0,0,0,0,0,0,0,0,0,0,0,0,0,0,0,0,0,0
441,33,1,0,0,0,1,0,0,0,0,0,0,0,0,0,0,0,0,0,0,0
442,33,4,1,0,0,0,0,0,0,0,0,0,0,0,0,0,0,0,0,0,0
443,33,1,0,0,0,1,0,0,0,0,0,0,0,0,0,0,0,0,0,0,0
444,33,4,1,0,0,0,0,0,0,0,0,0,0,0,0,0,0,0,0,0,0
445,33,4,1,0,0,0,0,0,0,0,0,0,0,0,0,0,0,0,0,0,0
446,34,8,0,0,0,0,0,0,1,0,0,0,0,0,0,0,0,0,0,0,0
447,34,7,0,0,0,0,0,0,0,1,0,0,0,0,0,0,0,0,0,0,0
448,34,10,0,0,0,0,0,0,1,1,0,0,0,0,0,0,0,0,0,0,0
449,34,9,0,0,0,0,0,0,1,1,0,1,0,0,0,0,0,0,0,0,0
450,34,8,0,0,0,0,0,0,0,0,1,0,0,0,0,0,0,0,0,0,0
451,34,7,0,0,0,0,0,0,0,1,0,0,0,0,0,0,0,0,0,0,0
452,34,10,0,0,0,0,0,0,1,1,1,0,0,0,0,0,0,0,0,0,0
453,34,7,0,0,0,0,0,0,0,0,0,1,0,0,0,0,0,0,0,0,0
454,34,7,0,0,0,0,0,0,0,1,1,1,0,0,0,0,0,0,0,0,0
455,35,11,0,0,0,0,0,0,1,1,1,1,0,0,0,0,0,0,0,0,0
456,35,10,0,0,0,0,0,0,0,0,0,0,1,0,0,0,0,0,0,0,0
457,35,11,0,0,0,0,0,0,0,0,0,1,0,0,0,0,0,0,0,0,0
458,35,10,0,0,0,0,0,0,0,0,0,0,1,0,0,0,0,0,0,0,0
459,35,11,0,0,0,0,0,0,0,0,0,1,0,0,0,0,0,0,0,0,0
460,35,8,0,0,0,0,0,0,0,0,1,0,0,0,0,0,0,0,0,0,0
461,35,7,0,0,0,0,0,0,0,1,0,0,0,0,0,0,0,0,0,0,0
462,36,2,0,0,0,1,0,0,0,0,0,0,0,0,0,0,0,0,0,0,0
463,36,4,0,1,0,0,0,0,0,0,0,0,0,0,0,0,0,0,0,0,0
464,37,17,0,0,0,0,0,0,0,0,0,0,0,0,0,0,0,0,0,1,0
465,37,18,0,0,0,0,0,0,0,0,0,0,0,0,0,0,0,0,1,0,0
466,37,17,0,0,0,0,0,0,0,0,0,0,0,0,0,0,0,0,0,1,0
467,38,3,1,0,0,0,0,0,0,0,0,0,0,0,0,0,0,0,0,0,0
468,38,7,0,0,0,1,0,0,0,0,0,0,0,0,0,0,0,0,0,0,0
469,38,4,0,0,0,0,0,0,1,1,1,1,0,0,0,0,0,0,0,0,0
470,38,7,0,0,0,1,0,0,0,0,0,0,0,0,0,0,0,0,0,0,0
471,38,3,1,1,0,0,0,0,0,0,0,0,0,0,0,0,0,0,0,0,0
472,38,7,0,0,1,0,0,0,0,0,0,0,0,0,0,0,0,0,0,0,0
473,38,4,0,0,0,0,0,0,1,1,1,1,0,0,0,0,0,0,0,0,0
474,38,8,0,0,0,1,0,0,0,0,0,0,0,0,0,0,0,0,0,0,0
475,38,4,0,0,0,0,0,0,1,1,1,1,0,0,0,0,0,0,0,0,0
476,38,10,0,0,0,1,0,0,0,0,0,0,0,0,0,0,0,0,0,0,0
477,39,11,0,0,0,0,0,1,0,0,0,0,0,0,0,0,0,0,0,0,0
478,39,6,0,0,0,0,0,0,0,0,0,0,1,0,0,0,0,0,0,0,0
479,39,11,0,0,0,0,0,1,0,0,0,0,0,0,0,0,0,0,0,0,0
480,40,13,0,0,0,0,0,0,0,0,0,0,0,0,0,0,1,0,0,0,0
481,40,2,1,0,1,1,0,0,1,1,1,1,0,0,0,0,0,0,0,0,0
482,40,15,0,0,0,0,0,0,0,0,0,0,0,0,1,0,0,0,0,0,0
483,40,13,0,0,0,0,0,0,0,0,0,0,0,0,0,0,1,0,0,0,0
484,41,4,1,0,0,0,0,0,0,0,0,0,0,0,0,0,0,0,0,0,0
485,41,1,0,0,0,1,0,0,0,0,0,0,0,0,0,0,0,0,0,0,0
486,41,4,1,0,0,0,0,0,0,0,0,0,0,0,0,0,0,0,0,0,0
487,41,7,0,0,0,0,0,0,0,1,0,0,0,0,0,0,0,0,0,0,0
488,41,4,0,0,0,0,0,0,1,1,1,1,0,0,0,0,0,0,0,0,0
489,41,1,0,0,0,1,0,0,0,0,0,0,0,0,0,0,0,0,0,0,0
490,41,4,0,0,0,0,0,0,1,1,1,1,0,0,0,0,0,0,0,0,0
491,41,8,0,0,0,1,0,0,0,0,0,0,0,0,0,0,0,0,0,0,0
492,41,10,0,0,0,0,0,0,1,1,1,0,0,0,0,0,0,0,0,0,0
493,41,10,0,0,0,0,0,0,1,1,1,0,0,0,0,0,0,0,0,0,0
494,41,4,0,0,0,0,0,0,0,0,0,1,0,0,0,0,0,0,0,0,0
495,41,10,0,0,0,1,0,0,0,0,0,0,0,0,0,0,0,0,0,0,0
496,41,4,0,0,0,0,0,0,0,0,0,1,0,0,0,0,0,0,0,0,0
497,41,4,0,0,0,0,0,0,0,0,0,1,0,0,0,0,0,0,0,0,0
498,41,4,0,0,0,0,0,0,1,1,1,0,0,0,0,0,0,0,0,0,0
499,41,8,0,0,0,1,0,0,0,0,0,0,0,0,0,0,0,0,0,0,0
500,41,4,0,0,0,0,0,0,1,1,1,0,0,0,0,0,0,0,0,0,0
501,41,9,1,1,1,0,0,0,0,0,0,0,0,0,0,0,0,0,0,0,0
502,41,1,0,1,1,0,0,0,0,0,0,1,0,0,0,0,0,0,0,0,0
503,41,4,0,0,0,0,0,1,0,0,0,0,0,0,0,0,0,0,0,0,0
504,41,4,1,0,0,0,0,0,0,0,0,0,0,0,0,0,0,0,0,0,0
505,41,1,0,0,0,1,0,0,0,0,0,0,0,0,0,0,0,0,0,0,0
506,41,4,1,0,0,0,0,0,0,0,0,0,0,0,0,0,0,0,0,0,0
507,41,1,0,0,0,1,0,0,0,0,0,0,0,0,0,0,0,0,0,0,0
508,41,4,1,0,0,0,0,0,0,0,0,0,0,0,0,0,0,0,0,0,0
509,41,3,1,0,0,0,0,0,0,0,0,0,0,0,0,0,0,0,0,0,0
510,41,1,0,0,1,0,0,0,0,0,0,0,0,0,0,0,0,0,0,0,0
511,41,1,0,0,0,1,0,0,0,0,0,0,0,0,0,0,0,0,0,0,0
512,41,4,1,0,0,0,0,0,0,0,0,0,0,0,0,0,0,0,0,0,0
513,41,1,0,0,0,1,0,0,0,0,0,0,0,0,0,0,0,0,0,0,0
514,41,4,0,0,0,0,0,0,1,1,1,0,0,0,0,0,0,0,0,0,0
515,41,13,0,0,0,1,0,0,0,0,0,0,0,0,0,0,0,0,0,0,0
516,41,4,0,0,0,0,0,0,0,0,0,0,0,0,1,0,0,0,0,0,0
517,41,1,0,0,0,0,0,0,0,0,0,0,0,0,1,0,0,0,0,0,0
518,41,13,1,0,0,0,0,0,0,0,0,0,0,0,0,0,0,0,0,0,0
519,41,4,1,0,0,0,0,0,0,0,0,0,0,0,0,0,0,0,0,0,0
520,41,13,0,0,0,1,0,0,0,0,0,0,0,0,0,0,0,0,0,0,0
521,42,6,0,0,0,0,0,0,0,0,0,0,0,1,0,0,0,0,0,0,0
522,43,4,0,0,0,0,0,0,0,0,0,0,1,0,0,0,0,0,0,0,0
523,43,4,1,0,0,0,0,0,0,0,0,0,0,0,0,0,0,0,0,0,0
524,43,1,0,0,0,1,0,0,0,0,0,0,0,0,0,0,0,0,0,0,0
525,44,4,0,0,0,0,0,0,1,1,1,1,0,0,0,0,0,0,0,0,0
526,45,12,0,0,0,0,1,0,0,0,0,0,0,0,0,0,0,0,0,0,0
527,45,6,0,0,0,0,0,0,0,0,0,0,0,1,0,0,0,0,0,0,0
528,45,14,0,0,0,0,0,1,0,0,0,0,0,0,0,0,0,0,0,0,0
529,45,6,0,0,0,0,0,0,0,0,0,0,0,0,0,1,0,0,0,0,0
530,45,4,0,0,0,0,0,1,0,0,0,0,0,0,0,0,0,0,0,0,0
531,45,14,0,0,0,1,0,0,0,0,0,0,0,0,0,0,0,0,0,0,0
532,45,4,0,0,0,0,0,1,0,0,0,0,0,0,0,0,0,0,0,0,0
533,45,6,0,0,0,1,0,0,0,0,0,0,0,0,0,0,0,0,0,0,0
534,45,4,0,0,0,0,0,1,0,0,0,0,0,0,0,0,0,0,0,0,0
535,45,6,0,0,0,1,0,0,0,0,0,0,0,0,0,0,0,0,0,0,0
536,46,6,0,0,0,1,0,0,0,0,0,0,0,0,0,0,0,0,0,0,0
537,47,3,1,0,0,0,0,0,0,0,0,0,0,0,0,0,0,0,0,0,0
538,48,4,0,0,0,0,0,1,0,0,0,0,0,0,0,0,0,0,0,0,0
539,48,6,0,0,0,1,0,0,0,0,0,0,0,0,0,0,0,0,0,0,0
540,48,4,0,0,0,0,0,1,0,0,0,0,0,0,0,0,0,0,0,0,0
541,48,6,0,0,0,1,0,0,0,0,0,0,0,0,0,0,0,0,0,0,0
542,48,4,0,0,0,0,0,1,0,0,0,0,0,0,0,0,0,0,0,0,0
543,48,6,0,0,0,1,0,0,0,0,0,0,0,0,0,0,0,0,0,0,0
544,48,4,0,0,0,0,0,1,0,0,0,0,0,0,0,0,0,0,0,0,0
545,48,6,0,0,0,1,0,0,0,0,0,0,0,0,0,0,0,0,0,0,0
546,48,4,0,0,0,0,0,1,0,0,0,0,0,0,0,0,0,0,0,0,0
547,48,6,0,0,0,1,0,0,0,0,0,0,0,0,0,0,0,0,0,0,0
548,48,6,0,0,0,1,0,0,0,0,0,0,0,0,0,0,0,0,0,0,0
549,48,4,0,0,0,0,0,1,0,0,0,0,0,0,0,0,0,0,0,0,0
550,48,6,0,0,0,1,0,0,0,0,0,0,0,0,0,0,0,0,0,0,0
551,48,6,0,0,0,1,0,0,0,0,0,0,0,0,0,0,0,0,0,0,0
552,48,6,0,0,0,0,1,0,0,0,0,0,0,0,0,0,0,0,0,0,0
553,48,5,0,0,0,0,0,1,0,0,0,0,0,0,0,0,0,0,0,0,0
554,48,4,0,0,0,0,0,1,0,0,0,0,0,0,0,0,0,0,0,0,0
555,49,1,0,1,1,0,0,0,0,0,0,0,0,0,0,0,0,0,0,0,0
556,50,10,0,0,0,0,0,0,0,0,0,0,0,0,0,1,0,0,0,0,0
557,50,14,0,0,0,0,0,0,0,0,0,1,0,0,0,0,0,0,0,0,0
558,50,10,0,0,0,0,0,0,0,0,0,0,0,0,0,1,0,0,0,0,0
559,51,5,0,0,0,1,0,0,0,0,0,0,0,0,0,0,0,0,0,0,0
560,51,4,0,0,0,0,1,0,0,0,0,0,0,0,0,0,0,0,0,0,0
561,51,4,0,0,0,0,1,0,0,0,0,0,0,0,0,0,0,0,0,0,0
562,51,5,0,0,0,1,0,0,0,0,0,0,0,0,0,0,0,0,0,0,0
563,52,4,0,0,0,0,0,0,0,0,0,0,1,0,0,0,0,0,0,0,0
564,52,11,0,0,0,1,0,0,0,0,0,0,0,0,0,0,0,0,0,0,0
565,52,4,0,0,0,0,0,0,0,0,0,0,1,0,0,0,0,0,0,0,0
566,52,11,0,0,0,1,0,0,0,0,0,0,0,0,0,0,0,0,0,0,0
567,53,3,0,1,0,0,0,0,0,0,0,0,0,0,0,0,0,0,0,0,0
568,53,2,0,0,1,0,0,0,0,0,0,0,0,0,0,0,0,0,0,0,0
569,53,3,0,1,0,0,0,0,0,0,0,0,0,0,0,0,0,0,0,0,0
570,53,3,1,0,0,0,0,0,0,0,0,0,0,0,0,0,0,0,0,0,0
571,54,4,0,0,0,0,0,0,0,0,0,0,1,0,0,0,0,0,0,0,0
572,54,11,0,0,0,1,0,0,0,0,0,0,0,0,0,0,0,0,0,0,0
573,55,19,0,0,1,0,0,0,0,0,0,0,0,0,0,0,0,0,0,0,0
574,55,3,0,0,0,0,0,0,0,0,0,0,0,0,0,0,0,0,0,0,1
575,55,19,0,0,1,0,0,0,0,0,0,0,0,0,0,0,0,0,0,0,0
576,55,3,0,0,0,0,0,0,0,0,0,0,0,0,0,0,0,0,0,0,1
577,55,19,0,0,1,0,0,0,0,0,0,0,0,0,0,0,0,0,0,0,0
578,55,3,0,0,0,0,0,0,0,0,0,0,0,0,0,0,0,0,0,0,1
579,55,19,0,0,1,0,0,0,0,0,0,0,0,0,0,0,0,0,0,0,0
580,55,6,0,0,1,0,0,0,0,0,0,0,0,0,0,0,0,0,0,0,0
581,55,3,0,0,0,0,0,0,0,0,0,0,0,0,0,0,0,0,0,0,1
