eventID,sceneID,speakerID,Happy Hogan (1),Tony Stark (2),Maya Hansen (3),Ho Yinsen (4),Aldrich Killian (5),JARVIS (6),James Rhodes (7),Pepper Potts (8),Savin (9),Taggart (10),Harley Keener (11),Brandt (12),Mrs. Davis (13),Gary (14),Trevor Slattery (15),VP Rodriguez (16),President Ellis (17),Bruce Banner (18)
1,1,1,0,1,0,0,0,0,0,0,0,0,0,0,0,0,0,0,0,0
2,1,2,0,0,1,0,0,0,0,0,0,0,0,0,0,0,0,0,0,0
3,1,2,1,0,0,0,0,0,0,0,0,0,0,0,0,0,0,0,0,0
4,1,1,0,1,0,0,0,0,0,0,0,0,0,0,0,0,0,0,0,0
5,1,3,0,1,0,0,0,0,0,0,0,0,0,0,0,0,0,0,0,0
6,1,2,0,0,1,0,0,0,0,0,0,0,0,0,0,0,0,0,0,0
7,1,3,0,1,0,0,0,0,0,0,0,0,0,0,0,0,0,0,0,0
8,1,2,0,0,1,0,0,0,0,0,0,0,0,0,0,0,0,0,0,0
9,1,3,0,1,0,0,0,0,0,0,0,0,0,0,0,0,0,0,0,0
10,1,4,0,1,0,0,0,0,0,0,0,0,0,0,0,0,0,0,0,0
11,1,2,0,0,0,1,0,0,0,0,0,0,0,0,0,0,0,0,0,0
12,1,4,0,1,0,0,0,0,0,0,0,0,0,0,0,0,0,0,0,0
13,1,2,0,0,1,0,0,0,0,0,0,0,0,0,0,0,0,0,0,0
14,1,4,0,1,0,0,0,0,0,0,0,0,0,0,0,0,0,0,0,0
15,2,5,0,1,0,0,0,0,0,0,0,0,0,0,0,0,0,0,0,0
16,2,5,0,0,1,0,0,0,0,0,0,0,0,0,0,0,0,0,0,0
17,2,3,0,0,0,0,1,0,0,0,0,0,0,0,0,0,0,0,0,0
18,2,2,0,0,1,0,0,0,0,0,0,0,0,0,0,0,0,0,0,0
19,2,5,0,1,1,0,0,0,0,0,0,0,0,0,0,0,0,0,0,0
20,2,2,0,0,0,0,1,0,0,0,0,0,0,0,0,0,0,0,0,0
21,2,2,1,0,1,0,0,0,0,0,0,0,0,0,0,0,0,0,0,0
22,2,1,0,0,0,0,1,0,0,0,0,0,0,0,0,0,0,0,0,0
23,2,5,1,0,0,0,0,0,0,0,0,0,0,0,0,0,0,0,0,0
24,2,5,0,1,1,0,0,0,0,0,0,0,0,0,0,0,0,0,0,0
25,2,2,0,0,0,0,1,0,0,0,0,0,0,0,0,0,0,0,0,0
26,2,5,0,1,1,0,0,0,0,0,0,0,0,0,0,0,0,0,0,0
27,2,2,0,0,0,0,1,0,0,0,0,0,0,0,0,0,0,0,0,0
28,2,2,0,0,1,0,0,0,0,0,0,0,0,0,0,0,0,0,0,0
29,2,3,0,0,0,0,1,0,0,0,0,0,0,0,0,0,0,0,0,0
30,2,2,0,0,0,0,1,0,0,0,0,0,0,0,0,0,0,0,0,0
31,2,5,0,1,0,0,0,0,0,0,0,0,0,0,0,0,0,0,0,0
32,2,2,0,0,0,0,1,0,0,0,0,0,0,0,0,0,0,0,0,0
33,2,5,0,1,0,0,0,0,0,0,0,0,0,0,0,0,0,0,0,0
34,2,2,0,0,0,0,1,0,0,0,0,0,0,0,0,0,0,0,0,0
35,3,2,0,0,1,0,0,0,0,0,0,0,0,0,0,0,0,0,0,0
36,3,3,0,1,0,0,0,0,0,0,0,0,0,0,0,0,0,0,0,0
37,3,2,0,0,1,0,0,0,0,0,0,0,0,0,0,0,0,0,0,0
38,3,3,0,1,0,0,0,0,0,0,0,0,0,0,0,0,0,0,0,0
39,3,2,0,0,1,0,0,0,0,0,0,0,0,0,0,0,0,0,0,0
40,3,3,0,1,0,0,0,0,0,0,0,0,0,0,0,0,0,0,0,0
41,3,2,0,0,1,0,0,0,0,0,0,0,0,0,0,0,0,0,0,0
42,3,3,0,1,0,0,0,0,0,0,0,0,0,0,0,0,0,0,0,0
43,3,1,0,0,1,0,0,0,0,0,0,0,0,0,0,0,0,0,0,0
44,3,3,1,0,0,0,0,0,0,0,0,0,0,0,0,0,0,0,0,0
45,3,2,1,0,0,0,0,0,0,0,0,0,0,0,0,0,0,0,0,0
46,3,2,0,0,1,0,0,0,0,0,0,0,0,0,0,0,0,0,0,0
47,3,2,1,0,0,0,0,0,0,0,0,0,0,0,0,0,0,0,0,0
48,3,3,1,0,0,0,0,0,0,0,0,0,0,0,0,0,0,0,0,0
49,3,2,0,0,1,0,0,0,0,0,0,0,0,0,0,0,0,0,0,0
50,3,3,0,1,0,0,0,0,0,0,0,0,0,0,0,0,0,0,0,0
51,3,2,0,0,1,0,0,0,0,0,0,0,0,0,0,0,0,0,0,0
52,3,3,0,1,0,0,0,0,0,0,0,0,0,0,0,0,0,0,0,0
53,3,2,0,0,1,0,0,0,0,0,0,0,0,0,0,0,0,0,0,0
54,3,3,0,1,0,0,0,0,0,0,0,0,0,0,0,0,0,0,0,0
55,3,2,0,0,1,0,0,0,0,0,0,0,0,0,0,0,0,0,0,0
56,3,3,0,1,0,0,0,0,0,0,0,0,0,0,0,0,0,0,0,0
57,3,2,0,0,1,0,0,0,0,0,0,0,0,0,0,0,0,0,0,0
58,3,3,0,1,0,0,0,0,0,0,0,0,0,0,0,0,0,0,0,0
59,3,2,0,0,1,0,0,0,0,0,0,0,0,0,0,0,0,0,0,0
60,3,3,0,1,0,0,0,0,0,0,0,0,0,0,0,0,0,0,0,0
61,3,1,0,1,0,0,0,0,0,0,0,0,0,0,0,0,0,0,0,0
62,3,2,1,0,0,0,0,0,0,0,0,0,0,0,0,0,0,0,0,0
63,3,1,0,1,0,0,0,0,0,0,0,0,0,0,0,0,0,0,0,0
64,3,2,1,0,0,0,0,0,0,0,0,0,0,0,0,0,0,0,0,0
65,3,1,0,1,0,0,0,0,0,0,0,0,0,0,0,0,0,0,0,0
66,3,1,0,0,1,0,0,0,0,0,0,0,0,0,0,0,0,0,0,0
67,3,3,1,0,0,0,0,0,0,0,0,0,0,0,0,0,0,0,0,0
68,3,2,1,0,0,0,0,0,0,0,0,0,0,0,0,0,0,0,0,0
69,3,1,0,1,1,0,0,0,0,0,0,0,0,0,0,0,0,0,0,0
70,3,2,1,0,1,0,0,0,0,0,0,0,0,0,0,0,0,0,0,0
71,3,1,0,1,1,0,0,0,0,0,0,0,0,0,0,0,0,0,0,0
72,3,3,1,1,0,0,0,0,0,0,0,0,0,0,0,0,0,0,0,0
73,3,2,1,0,0,0,0,0,0,0,0,0,0,0,0,0,0,0,0,0
74,3,1,0,1,0,0,0,0,0,0,0,0,0,0,0,0,0,0,0,0
75,3,2,1,0,0,0,0,0,0,0,0,0,0,0,0,0,0,0,0,0
76,3,1,0,1,0,0,0,0,0,0,0,0,0,0,0,0,0,0,0,0
77,4,6,0,1,0,0,0,0,0,0,0,0,0,0,0,0,0,0,0,0
78,4,6,0,1,0,0,0,0,0,0,0,0,0,0,0,0,0,0,0,0
79,4,6,0,1,0,0,0,0,0,0,0,0,0,0,0,0,0,0,0,0
80,4,2,0,0,0,0,0,1,0,0,0,0,0,0,0,0,0,0,0,0
81,4,6,0,1,0,0,0,0,0,0,0,0,0,0,0,0,0,0,0,0
82,4,2,0,0,0,0,0,1,0,0,0,0,0,0,0,0,0,0,0,0
83,4,6,0,1,0,0,0,0,0,0,0,0,0,0,0,0,0,0,0,0
84,4,2,0,0,0,0,0,1,0,0,0,0,0,0,0,0,0,0,0,0
85,4,2,0,0,0,0,0,1,0,0,0,0,0,0,0,0,0,0,0,0
86,4,2,0,0,0,0,0,1,0,0,0,0,0,0,0,0,0,0,0,0
87,4,6,0,1,0,0,0,0,0,0,0,0,0,0,0,0,0,0,0,0
88,5,7,0,1,0,0,0,0,0,0,0,0,0,0,0,0,0,0,0,0
89,5,2,0,0,0,0,0,0,1,0,0,0,0,0,0,0,0,0,0,0
90,5,7,0,1,0,0,0,0,0,0,0,0,0,0,0,0,0,0,0,0
91,5,2,0,0,0,0,0,0,1,0,0,0,0,0,0,0,0,0,0,0
92,5,7,0,1,0,0,0,0,0,0,0,0,0,0,0,0,0,0,0,0
93,5,2,0,0,0,0,0,0,1,0,0,0,0,0,0,0,0,0,0,0
94,5,7,0,1,0,0,0,0,0,0,0,0,0,0,0,0,0,0,0,0
95,5,2,0,0,0,0,0,0,1,0,0,0,0,0,0,0,0,0,0,0
96,5,7,0,1,0,0,0,0,0,0,0,0,0,0,0,0,0,0,0,0
97,5,2,0,0,0,0,0,0,1,0,0,0,0,0,0,0,0,0,0,0
98,5,7,0,1,0,0,0,0,0,0,0,0,0,0,0,0,0,0,0,0
99,5,2,0,0,0,0,0,0,1,0,0,0,0,0,0,0,0,0,0,0
100,5,7,0,1,0,0,0,0,0,0,0,0,0,0,0,0,0,0,0,0
101,5,2,0,0,0,0,0,0,1,0,0,0,0,0,0,0,0,0,0,0
102,5,7,0,1,0,0,0,0,0,0,0,0,0,0,0,0,0,0,0,0
103,5,7,0,1,0,0,0,0,0,0,0,0,0,0,0,0,0,0,0,0
104,5,2,0,0,0,0,0,0,1,0,0,0,0,0,0,0,0,0,0,0
105,5,7,0,1,0,0,0,0,0,0,0,0,0,0,0,0,0,0,0,0
106,5,2,0,0,0,0,0,0,1,0,0,0,0,0,0,0,0,0,0,0
107,5,7,0,1,0,0,0,0,0,0,0,0,0,0,0,0,0,0,0,0
108,5,2,0,0,0,0,0,0,1,0,0,0,0,0,0,0,0,0,0,0
109,5,7,0,1,0,0,0,0,0,0,0,0,0,0,0,0,0,0,0,0
110,6,7,0,1,0,0,0,0,0,0,0,0,0,0,0,0,0,0,0,0
111,6,2,0,0,0,0,0,1,0,0,0,0,0,0,0,0,0,0,0,0
112,6,6,0,1,0,0,0,0,0,0,0,0,0,0,0,0,0,0,0,0
113,6,2,0,0,0,0,0,1,0,0,0,0,0,0,0,0,0,0,0,0
114,6,6,0,1,0,0,0,0,0,0,0,0,0,0,0,0,0,0,0,0
115,6,2,0,0,0,0,0,1,0,0,0,0,0,0,0,0,0,0,0,0
116,6,7,0,1,0,0,0,0,0,0,0,0,0,0,0,0,0,0,0,0
117,6,2,0,0,0,0,0,0,1,0,0,0,0,0,0,0,0,0,0,0
118,7,1,0,0,0,0,0,0,0,1,0,0,0,0,0,0,0,0,0,0
119,7,8,1,0,0,0,0,0,0,0,0,0,0,0,0,0,0,0,0,0
120,7,1,0,0,0,0,0,0,0,1,0,0,0,0,0,0,0,0,0,0
121,7,8,1,0,0,0,0,0,0,0,0,0,0,0,0,0,0,0,0,0
122,7,1,0,0,0,0,0,0,0,1,0,0,0,0,0,0,0,0,0,0
123,7,8,1,0,0,0,0,0,0,0,0,0,0,0,0,0,0,0,0,0
124,7,1,0,0,0,0,0,0,0,1,0,0,0,0,0,0,0,0,0,0
125,7,8,1,0,0,0,0,0,0,0,0,0,0,0,0,0,0,0,0,0
126,7,1,0,0,0,0,0,0,0,1,0,0,0,0,0,0,0,0,0,0
127,7,8,1,0,0,0,0,0,0,0,0,0,0,0,0,0,0,0,0,0
128,7,1,0,0,0,0,0,0,0,1,0,0,0,0,0,0,0,0,0,0
129,7,8,1,0,0,0,0,0,0,0,0,0,0,0,0,0,0,0,0,0
130,7,1,0,0,0,0,0,0,0,1,0,0,0,0,0,0,0,0,0,0
131,7,8,1,0,0,0,0,0,0,0,0,0,0,0,0,0,0,0,0,0
132,7,1,0,0,0,0,0,0,0,1,0,0,0,0,0,0,0,0,0,0
133,7,8,1,0,0,0,0,0,0,0,0,0,0,0,0,0,0,0,0,0
134,7,1,0,0,0,0,0,0,0,1,0,0,0,0,0,0,0,0,0,0
135,7,8,1,0,0,0,0,0,0,0,0,0,0,0,0,0,0,0,0,0
136,7,1,0,0,0,0,0,0,0,1,0,0,0,0,0,0,0,0,0,0
137,7,5,0,0,0,0,0,0,0,1,0,0,0,0,0,0,0,0,0,0
138,7,8,0,0,0,0,1,0,0,0,0,0,0,0,0,0,0,0,0,0
139,7,5,0,0,0,0,0,0,0,1,0,0,0,0,0,0,0,0,0,0
140,7,8,0,0,0,0,1,0,0,0,0,0,0,0,0,0,0,0,0,0
141,7,5,0,0,0,0,0,0,0,1,0,0,0,0,0,0,0,0,0,0
142,7,1,0,0,0,0,1,0,0,0,0,0,0,0,0,0,0,0,0,0
143,7,8,1,0,0,0,0,0,0,0,0,0,0,0,0,0,0,0,0,0
144,7,1,0,0,0,0,0,0,0,1,0,0,0,0,0,0,0,0,0,0
145,7,8,1,0,0,0,0,0,0,0,0,0,0,0,0,0,0,0,0,0
146,7,1,0,0,0,0,0,0,0,1,0,0,0,0,0,0,0,0,0,0
147,7,8,1,0,0,0,0,0,0,0,0,0,0,0,0,0,0,0,0,0
148,7,1,0,0,0,0,0,0,0,1,0,0,0,0,0,0,0,0,0,0
149,7,8,1,0,0,0,0,0,0,0,0,0,0,0,0,0,0,0,0,0
150,7,8,0,0,0,0,1,0,0,0,0,0,0,0,0,0,0,0,0,0
151,8,1,0,0,0,0,0,0,0,0,1,0,0,0,0,0,0,0,0,0
152,9,5,0,0,0,0,0,0,0,1,0,0,0,0,0,0,0,0,0,0
153,9,5,0,0,0,0,0,0,0,1,0,0,0,0,0,0,0,0,0,0
154,9,5,0,0,0,0,0,0,0,1,0,0,0,0,0,0,0,0,0,0
155,9,8,0,0,0,0,1,0,0,0,0,0,0,0,0,0,0,0,0,0
156,9,5,0,0,0,0,0,0,0,1,0,0,0,0,0,0,0,0,0,0
157,9,8,0,0,0,0,1,0,0,0,0,0,0,0,0,0,0,0,0,0
158,9,5,0,0,0,0,0,0,0,1,0,0,0,0,0,0,0,0,0,0
159,9,5,0,0,0,0,0,0,0,1,0,0,0,0,0,0,0,0,0,0
160,9,8,0,0,0,0,1,0,0,0,0,0,0,0,0,0,0,0,0,0
161,9,5,0,0,0,0,0,0,0,1,0,0,0,0,0,0,0,0,0,0
162,9,8,0,0,0,0,1,0,0,0,0,0,0,0,0,0,0,0,0,0
163,10,1,0,1,0,0,0,0,0,0,0,0,0,0,0,0,0,0,0,0
164,10,2,1,0,0,0,0,0,0,0,0,0,0,0,0,0,0,0,0,0
165,10,1,0,1,0,0,0,0,0,0,0,0,0,0,0,0,0,0,0,0
166,10,2,1,0,0,0,0,0,0,0,0,0,0,0,0,0,0,0,0,0
167,10,1,0,1,0,0,0,0,0,0,0,0,0,0,0,0,0,0,0,0
168,10,2,1,0,0,0,0,0,0,0,0,0,0,0,0,0,0,0,0,0
169,10,1,0,1,0,0,0,0,0,0,0,0,0,0,0,0,0,0,0,0
170,10,2,1,0,0,0,0,0,0,0,0,0,0,0,0,0,0,0,0,0
171,10,1,0,1,0,0,0,0,0,0,0,0,0,0,0,0,0,0,0,0
172,10,2,1,0,0,0,0,0,0,0,0,0,0,0,0,0,0,0,0,0
173,10,1,0,1,0,0,0,0,0,0,0,0,0,0,0,0,0,0,0,0
174,10,2,1,0,0,0,0,0,0,0,0,0,0,0,0,0,0,0,0,0
175,10,1,0,1,0,0,0,0,0,0,0,0,0,0,0,0,0,0,0,0
176,10,2,1,0,0,0,0,0,0,0,0,0,0,0,0,0,0,0,0,0
177,10,1,0,1,0,0,0,0,0,0,0,0,0,0,0,0,0,0,0,0
178,10,2,1,0,0,0,0,0,0,0,0,0,0,0,0,0,0,0,0,0
179,10,1,0,1,0,0,0,0,0,0,0,0,0,0,0,0,0,0,0,0
180,10,2,1,0,0,0,0,0,0,0,0,0,0,0,0,0,0,0,0,0
181,10,1,0,1,0,0,0,0,0,0,0,0,0,0,0,0,0,0,0,0
182,10,2,1,0,0,0,0,0,0,0,0,0,0,0,0,0,0,0,0,0
183,10,1,0,1,0,0,0,0,0,0,0,0,0,0,0,0,0,0,0,0
184,10,2,1,0,0,0,0,0,0,0,0,0,0,0,0,0,0,0,0,0
185,10,1,0,1,0,0,0,0,0,0,0,0,0,0,0,0,0,0,0,0
186,10,2,1,0,0,0,0,0,0,0,0,0,0,0,0,0,0,0,0,0
187,10,1,0,1,0,0,0,0,0,0,0,0,0,0,0,0,0,0,0,0
188,10,2,1,0,0,0,0,0,0,0,0,0,0,0,0,0,0,0,0,0
189,10,1,0,1,0,0,0,0,0,0,0,0,0,0,0,0,0,0,0,0
190,10,2,1,0,0,0,0,0,0,0,0,0,0,0,0,0,0,0,0,0
191,10,1,0,1,0,0,0,0,0,0,0,0,0,0,0,0,0,0,0,0
192,10,2,1,0,0,0,0,0,0,0,0,0,0,0,0,0,0,0,0,0
193,10,1,0,1,0,0,0,0,0,0,0,0,0,0,0,0,0,0,0,0
194,10,2,1,0,0,0,0,0,0,0,0,0,0,0,0,0,0,0,0,0
195,10,1,0,1,0,0,0,0,0,0,0,0,0,0,0,0,0,0,0,0
196,10,2,1,0,0,0,0,0,0,0,0,0,0,0,0,0,0,0,0,0
197,10,1,0,1,0,0,0,0,0,0,0,0,0,0,0,0,0,0,0,0
198,11,5,0,0,0,0,0,0,0,1,0,0,0,0,0,0,0,0,0,0
199,11,8,0,0,0,0,1,0,0,0,0,0,0,0,0,0,0,0,0,0
200,11,5,0,0,0,0,0,0,0,1,0,0,0,0,0,0,0,0,0,0
201,11,8,0,0,0,0,1,0,0,0,0,0,0,0,0,0,0,0,0,0
202,12,5,0,0,0,0,0,0,0,1,0,0,0,0,0,0,0,0,0,0
203,12,8,0,0,0,0,1,0,0,0,0,0,0,0,0,0,0,0,0,0
204,12,5,0,0,0,0,0,0,0,1,0,0,0,0,0,0,0,0,0,0
205,12,8,1,0,0,0,0,0,0,0,0,0,0,0,0,0,0,0,0,0
206,12,1,0,0,0,0,0,0,0,1,0,0,0,0,0,0,0,0,0,0
207,12,8,1,0,0,0,0,0,0,0,0,0,0,0,0,0,0,0,0,0
208,13,8,0,1,0,0,0,0,0,0,0,0,0,0,0,0,0,0,0,0
209,13,2,0,0,0,0,0,0,0,1,0,0,0,0,0,0,0,0,0,0
210,13,8,0,1,0,0,0,0,0,0,0,0,0,0,0,0,0,0,0,0
211,13,2,0,0,0,0,0,0,0,1,0,0,0,0,0,0,0,0,0,0
212,13,2,0,0,0,0,0,0,0,1,0,0,0,0,0,0,0,0,0,0
213,13,8,0,1,0,0,0,0,0,0,0,0,0,0,0,0,0,0,0,0
214,13,2,0,0,0,0,0,0,0,1,0,0,0,0,0,0,0,0,0,0
215,13,8,0,1,0,0,0,0,0,0,0,0,0,0,0,0,0,0,0,0
216,13,2,0,0,0,0,0,0,0,1,0,0,0,0,0,0,0,0,0,0
217,13,8,0,1,0,0,0,0,0,0,0,0,0,0,0,0,0,0,0,0
218,13,2,0,0,0,0,0,0,0,1,0,0,0,0,0,0,0,0,0,0
219,13,8,0,1,0,0,0,0,0,0,0,0,0,0,0,0,0,0,0,0
220,13,2,0,0,0,0,0,0,0,1,0,0,0,0,0,0,0,0,0,0
221,13,8,0,1,0,0,0,0,0,0,0,0,0,0,0,0,0,0,0,0
222,13,2,0,0,0,0,0,0,0,1,0,0,0,0,0,0,0,0,0,0
223,13,8,0,1,0,0,0,0,0,0,0,0,0,0,0,0,0,0,0,0
224,14,2,0,0,0,0,0,0,0,1,0,0,0,0,0,0,0,0,0,0
225,14,8,0,1,0,0,0,0,0,0,0,0,0,0,0,0,0,0,0,0
226,14,2,0,0,0,0,0,0,0,1,0,0,0,0,0,0,0,0,0,0
227,14,8,0,1,0,0,0,0,0,0,0,0,0,0,0,0,0,0,0,0
228,14,2,0,0,0,0,0,0,0,1,0,0,0,0,0,0,0,0,0,0
229,14,8,0,1,0,0,0,0,0,0,0,0,0,0,0,0,0,0,0,0
230,14,2,0,0,0,0,0,0,0,1,0,0,0,0,0,0,0,0,0,0
231,14,8,0,1,0,0,0,0,0,0,0,0,0,0,0,0,0,0,0,0
232,14,2,0,0,0,0,0,0,0,1,0,0,0,0,0,0,0,0,0,0
233,14,8,0,1,0,0,0,0,0,0,0,0,0,0,0,0,0,0,0,0
234,14,2,0,0,0,0,0,0,0,1,0,0,0,0,0,0,0,0,0,0
235,14,8,0,1,0,0,0,0,0,0,0,0,0,0,0,0,0,0,0,0
236,14,2,0,0,0,0,0,0,0,1,0,0,0,0,0,0,0,0,0,0
237,14,8,0,1,0,0,0,0,0,0,0,0,0,0,0,0,0,0,0,0
238,14,2,0,0,0,0,0,0,0,1,0,0,0,0,0,0,0,0,0,0
239,14,8,0,1,0,0,0,0,0,0,0,0,0,0,0,0,0,0,0,0
240,14,2,0,0,0,0,0,0,0,1,0,0,0,0,0,0,0,0,0,0
241,14,8,0,1,0,0,0,0,0,0,0,0,0,0,0,0,0,0,0,0
242,14,2,0,0,0,0,0,0,0,1,0,0,0,0,0,0,0,0,0,0
243,14,8,0,1,0,0,0,0,0,0,0,0,0,0,0,0,0,0,0,0
244,14,2,0,0,0,0,0,0,0,1,0,0,0,0,0,0,0,0,0,0
245,14,8,0,1,0,0,0,0,0,0,0,0,0,0,0,0,0,0,0,0
246,14,2,0,0,0,0,0,0,0,1,0,0,0,0,0,0,0,0,0,0
247,14,8,0,1,0,0,0,0,0,0,0,0,0,0,0,0,0,0,0,0
248,14,2,0,0,0,0,0,0,0,1,0,0,0,0,0,0,0,0,0,0
249,14,8,0,1,0,0,0,0,0,0,0,0,0,0,0,0,0,0,0,0
250,14,2,0,0,0,0,0,0,0,1,0,0,0,0,0,0,0,0,0,0
251,15,8,0,1,0,0,0,0,0,0,0,0,0,0,0,0,0,0,0,0
252,15,2,0,0,0,0,0,0,0,1,0,0,0,0,0,0,0,0,0,0
253,15,2,0,0,0,0,0,0,0,1,0,0,0,0,0,0,0,0,0,0
254,15,8,0,1,0,0,0,0,0,0,0,0,0,0,0,0,0,0,0,0
255,16,9,0,0,0,0,0,0,0,0,0,1,0,0,0,0,0,0,0,0
256,16,10,0,0,0,0,0,0,0,0,1,0,0,0,0,0,0,0,0,0
257,16,9,0,0,0,0,0,0,0,0,0,1,0,0,0,0,0,0,0,0
258,16,10,0,0,0,0,0,0,0,0,1,0,0,0,0,0,0,0,0,0
259,16,9,0,0,0,0,0,0,0,0,0,1,0,0,0,0,0,0,0,0
260,16,10,0,0,0,0,0,0,0,0,1,0,0,0,0,0,0,0,0,0
261,16,1,0,0,0,0,0,0,0,0,0,1,0,0,0,0,0,0,0,0
262,16,9,1,0,0,0,0,0,0,0,0,0,0,0,0,0,0,0,0,0
263,16,1,0,0,0,0,0,0,0,0,1,0,0,0,0,0,0,0,0,0
264,16,9,1,0,0,0,0,0,0,0,0,0,0,0,0,0,0,0,0,0
265,16,10,0,0,0,0,0,0,0,0,1,0,0,0,0,0,0,0,0,0
266,17,6,0,1,0,0,0,0,0,0,0,0,0,0,0,0,0,0,0,0
267,17,2,0,0,0,0,0,1,0,0,0,0,0,0,0,0,0,0,0,0
268,17,6,0,1,0,0,0,0,0,0,0,0,0,0,0,0,0,0,0,0
269,17,2,0,0,0,0,0,1,0,0,0,0,0,0,0,0,0,0,0,0
270,17,6,0,1,0,0,0,0,0,0,0,0,0,0,0,0,0,0,0,0
271,17,2,0,0,0,0,0,1,0,0,0,0,0,0,0,0,0,0,0,0
272,17,6,0,1,0,0,0,0,0,0,0,0,0,0,0,0,0,0,0,0
273,17,2,0,0,0,0,0,1,0,0,0,0,0,0,0,0,0,0,0,0
274,17,6,0,1,0,0,0,0,0,0,0,0,0,0,0,0,0,0,0,0
275,17,2,0,0,0,0,0,1,0,0,0,0,0,0,0,0,0,0,0,0
276,17,2,0,0,0,0,0,1,0,0,0,0,0,0,0,0,0,0,0,0
277,17,6,0,1,0,0,0,0,0,0,0,0,0,0,0,0,0,0,0,0
278,17,2,0,0,0,0,0,1,0,0,0,0,0,0,0,0,0,0,0,0
279,17,6,0,1,0,0,0,0,0,0,0,0,0,0,0,0,0,0,0,0
280,17,2,0,0,0,0,0,1,0,0,0,0,0,0,0,0,0,0,0,0
281,17,6,0,1,0,0,0,0,0,0,0,0,0,0,0,0,0,0,0,0
282,17,2,0,0,0,0,0,1,0,0,0,0,0,0,0,0,0,0,0,0
283,17,6,0,1,0,0,0,0,0,0,0,0,0,0,0,0,0,0,0,0
284,18,2,0,0,1,0,0,0,0,0,0,0,0,0,0,0,0,0,0,0
285,18,2,0,0,1,0,0,0,0,0,0,0,0,0,0,0,0,0,0,0
286,18,3,0,1,0,0,0,0,0,0,0,0,0,0,0,0,0,0,0,0
287,18,2,0,0,1,0,0,0,0,0,0,0,0,0,0,0,0,0,0,0
288,18,6,0,1,0,0,0,0,0,0,0,0,0,0,0,0,0,0,0,0
289,18,2,0,0,0,0,0,1,0,0,0,0,0,0,0,0,0,0,0,0
290,18,3,0,1,0,0,0,0,0,0,0,0,0,0,0,0,0,0,0,0
291,18,2,0,0,1,0,0,0,0,0,0,0,0,0,0,0,0,0,0,0
292,18,8,0,1,0,0,0,0,0,0,0,0,0,0,0,0,0,0,0,0
293,18,2,0,0,0,0,0,0,0,1,0,0,0,0,0,0,0,0,0,0
294,18,2,0,0,1,0,0,0,0,0,0,0,0,0,0,0,0,0,0,0
295,18,3,0,1,0,0,0,0,0,0,0,0,0,0,0,0,0,0,0,0
296,18,2,0,0,1,0,0,0,0,0,0,0,0,0,0,0,0,0,0,0
297,18,3,0,1,0,0,0,0,0,0,0,0,0,0,0,0,0,0,0,0
298,18,2,0,0,1,0,0,0,0,0,0,0,0,0,0,0,0,0,0,0
299,18,8,0,1,0,0,0,0,0,0,0,0,0,0,0,0,0,0,0,0
300,18,2,0,0,0,0,0,0,0,1,0,0,0,0,0,0,0,0,0,0
301,18,8,0,1,0,0,0,0,0,0,0,0,0,0,0,0,0,0,0,0
302,18,2,0,0,0,0,0,0,0,1,0,0,0,0,0,0,0,0,0,0
303,18,3,0,1,0,0,0,0,0,1,0,0,0,0,0,0,0,0,0,0
304,18,8,0,1,0,0,0,0,0,0,0,0,0,0,0,0,0,0,0,0
305,18,2,0,0,1,0,0,0,0,1,0,0,0,0,0,0,0,0,0,0
306,18,8,0,0,1,0,0,0,0,0,0,0,0,0,0,0,0,0,0,0
307,18,2,0,0,0,0,0,0,0,1,0,0,0,0,0,0,0,0,0,0
308,18,8,0,0,1,0,0,0,0,0,0,0,0,0,0,0,0,0,0,0
309,18,8,0,1,0,0,0,0,0,0,0,0,0,0,0,0,0,0,0,0
310,18,2,0,0,0,0,0,0,0,1,0,0,0,0,0,0,0,0,0,0
311,18,8,0,1,0,0,0,0,0,0,0,0,0,0,0,0,0,0,0,0
312,18,2,0,0,0,0,0,0,0,1,0,0,0,0,0,0,0,0,0,0
313,18,8,0,1,0,0,0,0,0,0,0,0,0,0,0,0,0,0,0,0
314,18,2,0,0,0,0,0,0,0,1,0,0,0,0,0,0,0,0,0,0
315,18,3,0,1,0,0,0,0,0,1,0,0,0,0,0,0,0,0,0,0
316,18,2,0,0,1,0,0,0,0,0,0,0,0,0,0,0,0,0,0,0
317,18,8,0,1,0,0,0,0,0,0,0,0,0,0,0,0,0,0,0,0
318,18,2,0,0,0,0,0,0,0,1,0,0,0,0,0,0,0,0,0,0
319,18,8,0,1,0,0,0,0,0,0,0,0,0,0,0,0,0,0,0,0
320,18,3,0,1,0,0,0,0,0,1,0,0,0,0,0,0,0,0,0,0
321,18,2,0,0,1,0,0,0,0,0,0,0,0,0,0,0,0,0,0,0
322,18,8,0,0,1,0,0,0,0,0,0,0,0,0,0,0,0,0,0,0
323,18,2,0,0,1,0,0,0,0,0,0,0,0,0,0,0,0,0,0,0
324,18,8,0,1,0,0,0,0,0,0,0,0,0,0,0,0,0,0,0,0
325,18,2,0,0,0,0,0,0,0,1,0,0,0,0,0,0,0,0,0,0
326,18,8,0,1,0,0,0,0,0,0,0,0,0,0,0,0,0,0,0,0
327,18,2,0,0,0,0,0,0,0,1,0,0,0,0,0,0,0,0,0,0
328,18,8,0,1,0,0,0,0,0,0,0,0,0,0,0,0,0,0,0,0
329,18,2,0,0,0,0,0,0,0,1,0,0,0,0,0,0,0,0,0,0
330,18,8,0,1,0,0,0,0,0,0,0,0,0,0,0,0,0,0,0,0
331,18,3,0,1,0,0,0,0,0,1,0,0,0,0,0,0,0,0,0,0
332,19,8,0,1,0,0,0,0,0,0,0,0,0,0,0,0,0,0,0,0
333,19,2,0,0,0,0,0,0,0,1,0,0,0,0,0,0,0,0,0,0
334,19,2,0,0,0,0,0,0,0,1,0,0,0,0,0,0,0,0,0,0
335,19,2,0,0,0,0,0,0,0,1,0,0,0,0,0,0,0,0,0,0
336,20,6,0,1,0,0,0,0,0,0,0,0,0,0,0,0,0,0,0,0
337,21,2,0,0,0,0,0,1,0,0,0,0,0,0,0,0,0,0,0,0
338,21,6,0,1,0,0,0,0,0,0,0,0,0,0,0,0,0,0,0,0
339,21,6,0,1,0,0,0,0,0,0,0,0,0,0,0,0,0,0,0,0
340,22,6,0,1,0,0,0,0,0,0,0,0,0,0,0,0,0,0,0,0
341,22,6,0,1,0,0,0,0,0,0,0,0,0,0,0,0,0,0,0,0
342,23,6,0,1,0,0,0,0,0,0,0,0,0,0,0,0,0,0,0,0
343,23,2,0,0,0,0,0,1,0,0,0,0,0,0,0,0,0,0,0,0
344,23,6,0,1,0,0,0,0,0,0,0,0,0,0,0,0,0,0,0,0
345,24,2,0,0,0,0,0,1,0,0,0,0,0,0,0,0,0,0,0,0
346,24,6,0,1,0,0,0,0,0,0,0,0,0,0,0,0,0,0,0,0
347,24,2,0,0,0,0,0,1,0,0,0,0,0,0,0,0,0,0,0,0
348,24,6,0,1,0,0,0,0,0,0,0,0,0,0,0,0,0,0,0,0
349,24,2,0,0,0,0,0,1,0,0,0,0,0,0,0,0,0,0,0,0
350,24,6,0,1,0,0,0,0,0,0,0,0,0,0,0,0,0,0,0,0
351,24,2,0,0,0,0,0,1,0,0,0,0,0,0,0,0,0,0,0,0
352,24,6,0,1,0,0,0,0,0,0,0,0,0,0,0,0,0,0,0,0
353,24,2,0,0,0,0,0,1,0,0,0,0,0,0,0,0,0,0,0,0
354,25,2,0,0,0,0,0,0,0,1,0,0,0,0,0,0,0,0,0,0
355,26,11,0,1,0,0,0,0,0,0,0,0,0,0,0,0,0,0,0,0
356,26,2,0,0,0,0,0,0,0,0,0,0,1,0,0,0,0,0,0,0
357,26,2,0,0,0,0,0,0,0,0,0,0,1,0,0,0,0,0,0,0
358,26,11,0,1,0,0,0,0,0,0,0,0,0,0,0,0,0,0,0,0
359,26,2,0,0,0,0,0,0,0,0,0,0,1,0,0,0,0,0,0,0
360,26,11,0,1,0,0,0,0,0,0,0,0,0,0,0,0,0,0,0,0
361,26,11,0,1,0,0,0,0,0,0,0,0,0,0,0,0,0,0,0,0
362,26,2,0,0,0,0,0,0,0,0,0,0,1,0,0,0,0,0,0,0
363,26,11,0,1,0,0,0,0,0,0,0,0,0,0,0,0,0,0,0,0
364,26,2,0,0,0,0,0,0,0,0,0,0,1,0,0,0,0,0,0,0
365,26,11,0,1,0,0,0,0,0,0,0,0,0,0,0,0,0,0,0,0
366,26,2,0,0,0,0,0,0,0,0,0,0,1,0,0,0,0,0,0,0
367,26,11,0,1,0,0,0,0,0,0,0,0,0,0,0,0,0,0,0,0
368,26,2,0,0,0,0,0,0,0,0,0,0,1,0,0,0,0,0,0,0
369,26,11,0,1,0,0,0,0,0,0,0,0,0,0,0,0,0,0,0,0
370,26,2,0,0,0,0,0,0,0,0,0,0,1,0,0,0,0,0,0,0
371,26,11,0,1,0,0,0,0,0,0,0,0,0,0,0,0,0,0,0,0
372,26,2,0,0,0,0,0,0,0,0,0,0,1,0,0,0,0,0,0,0
373,26,11,0,1,0,0,0,0,0,0,0,0,0,0,0,0,0,0,0,0
374,26,2,0,0,0,0,0,0,0,0,0,0,1,0,0,0,0,0,0,0
375,26,11,0,1,0,0,0,0,0,0,0,0,0,0,0,0,0,0,0,0
376,26,2,0,0,0,0,0,0,0,0,0,0,1,0,0,0,0,0,0,0
377,26,11,0,1,0,0,0,0,0,0,0,0,0,0,0,0,0,0,0,0
378,26,2,0,0,0,0,0,0,0,0,0,0,1,0,0,0,0,0,0,0
379,26,2,0,0,0,0,0,0,0,0,0,0,1,0,0,0,0,0,0,0
380,26,11,0,1,0,0,0,0,0,0,0,0,0,0,0,0,0,0,0,0
381,26,2,0,0,0,0,0,0,0,0,0,0,1,0,0,0,0,0,0,0
382,26,11,0,1,0,0,0,0,0,0,0,0,0,0,0,0,0,0,0,0
383,26,2,0,0,0,0,0,0,0,0,0,0,1,0,0,0,0,0,0,0
384,26,11,0,1,0,0,0,0,0,0,0,0,0,0,0,0,0,0,0,0
385,26,2,0,0,0,0,0,0,0,0,0,0,1,0,0,0,0,0,0,0
386,26,11,0,1,0,0,0,0,0,0,0,0,0,0,0,0,0,0,0,0
387,26,2,0,0,0,0,0,0,0,0,0,0,1,0,0,0,0,0,0,0
388,26,11,0,1,0,0,0,0,0,0,0,0,0,0,0,0,0,0,0,0
389,26,2,0,0,0,0,0,0,0,0,0,0,1,0,0,0,0,0,0,0
390,26,11,0,1,0,0,0,0,0,0,0,0,0,0,0,0,0,0,0,0
391,26,2,0,0,0,0,0,0,0,0,0,0,1,0,0,0,0,0,0,0
392,26,2,0,0,0,0,0,0,0,0,0,0,1,0,0,0,0,0,0,0
393,26,11,0,1,0,0,0,0,0,0,0,0,0,0,0,0,0,0,0,0
394,26,2,0,0,0,0,0,0,0,0,0,0,1,0,0,0,0,0,0,0
395,27,8,0,0,1,0,0,0,0,0,0,0,0,0,0,0,0,0,0,0
396,27,3,0,0,0,0,0,0,0,1,0,0,0,0,0,0,0,0,0,0
397,27,8,0,0,1,0,0,0,0,0,0,0,0,0,0,0,0,0,0,0
398,27,3,0,0,0,0,0,0,0,1,0,0,0,0,0,0,0,0,0,0
399,27,8,0,0,1,0,0,0,0,0,0,0,0,0,0,0,0,0,0,0
400,27,3,0,0,0,0,0,0,0,1,0,0,0,0,0,0,0,0,0,0
401,28,9,0,0,0,0,1,0,0,0,0,0,0,0,0,0,0,0,0,0
402,28,5,0,0,0,0,0,0,0,0,1,0,0,0,0,0,0,0,0,0
403,28,9,0,0,0,0,1,0,0,0,0,0,0,0,0,0,0,0,0,0
404,28,5,0,0,0,0,0,0,0,0,1,0,0,0,0,0,0,0,0,0
405,29,2,0,0,0,0,0,0,0,0,0,0,1,0,0,0,0,0,0,0
406,29,11,0,1,0,0,0,0,0,0,0,0,0,0,0,0,0,0,0,0
407,29,2,0,0,0,0,0,0,0,0,0,0,1,0,0,0,0,0,0,0
408,29,11,0,1,0,0,0,0,0,0,0,0,0,0,0,0,0,0,0,0
409,29,2,0,0,0,0,0,0,0,0,0,0,1,0,0,0,0,0,0,0
410,29,11,0,1,0,0,0,0,0,0,0,0,0,0,0,0,0,0,0,0
411,29,2,0,0,0,0,0,0,0,0,0,0,1,0,0,0,0,0,0,0
412,29,2,0,0,0,0,0,0,0,0,0,0,1,0,0,0,0,0,0,0
413,29,11,0,1,0,0,0,0,0,0,0,0,0,0,0,0,0,0,0,0
414,29,2,0,0,0,0,0,0,0,0,0,0,1,0,0,0,0,0,0,0
415,29,11,0,1,0,0,0,0,0,0,0,0,0,0,0,0,0,0,0,0
416,29,2,0,0,0,0,0,0,0,0,0,0,1,0,0,0,0,0,0,0
417,29,11,0,1,0,0,0,0,0,0,0,0,0,0,0,0,0,0,0,0
418,29,2,0,0,0,0,0,0,0,0,0,0,1,0,0,0,0,0,0,0
419,29,11,0,1,0,0,0,0,0,0,0,0,0,0,0,0,0,0,0,0
420,29,2,0,0,0,0,0,0,0,0,0,0,1,0,0,0,0,0,0,0
421,29,11,0,1,0,0,0,0,0,0,0,0,0,0,0,0,0,0,0,0
422,29,11,0,1,0,0,0,0,0,0,0,0,0,0,0,0,0,0,0,0
423,29,2,0,0,0,0,0,0,0,0,0,0,1,0,0,0,0,0,0,0
424,29,11,0,1,0,0,0,0,0,0,0,0,0,0,0,0,0,0,0,0
425,29,2,0,0,0,0,0,0,0,0,0,0,1,0,0,0,0,0,0,0
426,29,11,0,1,0,0,0,0,0,0,0,0,0,0,0,0,0,0,0,0
427,29,2,0,0,0,0,0,0,0,0,0,0,1,0,0,0,0,0,0,0
428,29,11,0,1,0,0,0,0,0,0,0,0,0,0,0,0,0,0,0,0
429,29,2,0,0,0,0,0,0,0,0,0,0,1,0,0,0,0,0,0,0
430,29,11,0,1,0,0,0,0,0,0,0,0,0,0,0,0,0,0,0,0
431,29,2,0,0,0,0,0,0,0,0,0,0,1,0,0,0,0,0,0,0
432,29,11,0,1,0,0,0,0,0,0,0,0,0,0,0,0,0,0,0,0
433,29,2,0,0,0,0,0,0,0,0,0,0,1,0,0,0,0,0,0,0
434,29,11,0,1,0,0,0,0,0,0,0,0,0,0,0,0,0,0,0,0
435,29,2,0,0,0,0,0,0,0,0,0,0,1,0,0,0,0,0,0,0
436,29,11,0,1,0,0,0,0,0,0,0,0,0,0,0,0,0,0,0,0
437,29,2,0,0,0,0,0,0,0,0,0,0,1,0,0,0,0,0,0,0
438,29,11,0,1,0,0,0,0,0,0,0,0,0,0,0,0,0,0,0,0
439,29,2,0,0,0,0,0,0,0,0,0,0,1,0,0,0,0,0,0,0
440,29,2,0,0,0,0,0,0,0,0,0,0,1,0,0,0,0,0,0,0
441,29,11,0,1,0,0,0,0,0,0,0,0,0,0,0,0,0,0,0,0
442,29,11,0,1,0,0,0,0,0,0,0,0,0,0,0,0,0,0,0,0
443,29,2,0,0,0,0,0,0,0,0,0,0,1,0,0,0,0,0,0,0
444,29,11,0,1,0,0,0,0,0,0,0,0,0,0,0,0,0,0,0,0
445,29,2,0,0,0,0,0,0,0,0,0,0,1,0,0,0,0,0,0,0
446,30,2,0,0,0,0,0,0,0,0,0,0,0,1,0,0,0,0,0,0
447,30,12,0,1,0,0,0,0,0,0,0,0,0,0,0,0,0,0,0,0
448,30,2,0,0,0,0,0,0,0,0,0,0,0,1,0,0,0,0,0,0
449,30,12,0,1,0,0,0,0,0,0,0,0,0,0,0,0,0,0,0,0
450,30,2,0,0,0,0,0,0,0,0,0,0,0,1,0,0,0,0,0,0
451,30,12,0,1,0,0,0,0,0,0,0,0,0,0,0,0,0,0,0,0
452,31,2,0,0,0,0,0,0,0,0,0,0,0,0,1,0,0,0,0,0
453,31,13,0,1,0,0,0,0,0,0,0,0,0,0,0,0,0,0,0,0
454,31,2,0,0,0,0,0,0,0,0,0,0,0,0,1,0,0,0,0,0
455,31,13,0,1,0,0,0,0,0,0,0,0,0,0,0,0,0,0,0,0
456,31,2,0,0,0,0,0,0,0,0,0,0,0,0,1,0,0,0,0,0
457,31,13,0,1,0,0,0,0,0,0,0,0,0,0,0,0,0,0,0,0
458,31,2,0,0,0,0,0,0,0,0,0,0,0,0,1,0,0,0,0,0
459,31,13,0,1,0,0,0,0,0,0,0,0,0,0,0,0,0,0,0,0
460,31,2,0,0,0,0,0,0,0,0,0,0,0,0,1,0,0,0,0,0
461,31,13,0,1,0,0,0,0,0,0,0,0,0,0,0,0,0,0,0,0
462,31,2,0,0,0,0,0,0,0,0,0,0,0,0,1,0,0,0,0,0
463,31,13,0,1,0,0,0,0,0,0,0,0,0,0,0,0,0,0,0,0
464,31,12,0,1,0,0,0,0,0,0,0,0,0,0,1,0,0,0,0,0
465,32,2,0,0,0,0,0,0,0,0,0,0,0,1,0,0,0,0,0,0
466,33,2,0,0,0,0,0,0,0,0,0,0,0,1,0,0,0,0,0,0
467,33,12,0,1,0,0,0,0,0,0,0,0,0,0,0,0,0,0,0,0
468,33,2,0,0,0,0,0,0,0,0,0,0,0,1,0,0,0,0,0,0
469,34,11,0,0,0,0,0,0,0,0,1,0,0,0,0,0,0,0,0,0
470,34,9,0,0,0,0,0,0,0,0,0,0,1,0,0,0,0,0,0,0
471,34,11,0,1,0,0,0,0,0,0,0,0,0,0,0,0,0,0,0,0
472,34,9,0,1,0,0,0,0,0,0,0,0,0,0,0,0,0,0,0,0
473,34,2,0,0,0,0,0,0,0,0,0,0,1,0,0,0,0,0,0,0
474,34,2,0,0,0,0,0,0,0,0,1,0,0,0,0,0,0,0,0,0
475,35,11,0,1,0,0,0,0,0,0,0,0,0,0,0,0,0,0,0,0
476,35,2,0,0,0,0,0,0,0,0,0,0,1,0,0,0,0,0,0,0
477,35,11,0,1,0,0,0,0,0,0,0,0,0,0,0,0,0,0,0,0
478,35,2,0,0,0,0,0,0,0,0,0,0,1,0,0,0,0,0,0,0
479,35,11,0,1,0,0,0,0,0,0,0,0,0,0,0,0,0,0,0,0
480,35,2,0,0,0,0,0,0,0,0,0,0,1,0,0,0,0,0,0,0
481,35,2,0,0,0,0,0,0,0,0,0,0,1,0,0,0,0,0,0,0
482,35,11,0,1,0,0,0,0,0,0,0,0,0,0,0,0,0,0,0,0
483,35,2,0,0,0,0,0,0,0,0,0,0,1,0,0,0,0,0,0,0
484,35,11,0,1,0,0,0,0,0,0,0,0,0,0,0,0,0,0,0,0
485,35,2,0,0,0,0,0,0,0,0,0,0,1,0,0,0,0,0,0,0
486,36,7,0,1,0,0,0,0,0,0,0,0,0,0,0,0,0,0,0,0
487,36,2,0,0,0,0,0,0,1,0,0,0,0,0,0,0,0,0,0,0
488,36,7,0,1,0,0,0,0,0,0,0,0,0,0,0,0,0,0,0,0
489,36,2,0,0,0,0,0,0,1,0,0,0,0,0,0,0,0,0,0,0
490,36,7,0,1,0,0,0,0,0,0,0,0,0,0,0,0,0,0,0,0
491,36,2,0,0,0,0,0,0,1,0,0,0,0,0,0,0,0,0,0,0
492,36,7,0,1,0,0,0,0,0,0,0,0,0,0,0,0,0,0,0,0
493,36,2,0,0,0,0,0,0,1,0,0,0,0,0,0,0,0,0,0,0
494,36,7,0,1,0,0,0,0,0,0,0,0,0,0,0,0,0,0,0,0
495,36,2,0,0,0,0,0,0,1,0,0,0,0,0,0,0,0,0,0,0
496,36,7,0,1,0,0,0,0,0,0,0,0,0,0,0,0,0,0,0,0
497,36,2,0,0,0,0,0,0,1,0,0,0,0,0,0,0,0,0,0,0
498,36,7,0,1,0,0,0,0,0,0,0,0,0,0,0,0,0,0,0,0
499,36,7,0,1,0,0,0,0,0,0,0,0,0,0,0,0,0,0,0,0
500,36,2,0,0,0,0,0,0,1,0,0,0,0,0,0,0,0,0,0,0
501,37,14,0,1,0,0,0,0,0,0,0,0,0,0,0,0,0,0,0,0
502,37,2,0,0,0,0,0,0,0,0,0,0,0,0,0,1,0,0,0,0
503,37,14,0,1,0,0,0,0,0,0,0,0,0,0,0,0,0,0,0,0
504,37,2,0,0,0,0,0,0,0,0,0,0,0,0,0,1,0,0,0,0
505,37,14,0,1,0,0,0,0,0,0,0,0,0,0,0,0,0,0,0,0
506,37,2,0,0,0,0,0,0,0,0,0,0,0,0,0,1,0,0,0,0
507,37,14,0,1,0,0,0,0,0,0,0,0,0,0,0,0,0,0,0,0
508,37,2,0,0,0,0,0,0,0,0,0,0,0,0,0,1,0,0,0,0
509,37,14,0,1,0,0,0,0,0,0,0,0,0,0,0,0,0,0,0,0
510,37,2,0,0,0,0,0,0,0,0,0,0,0,0,0,1,0,0,0,0
511,37,14,0,1,0,0,0,0,0,0,0,0,0,0,0,0,0,0,0,0
512,37,2,0,0,0,0,0,0,0,0,0,0,0,0,0,1,0,0,0,0
513,37,14,0,1,0,0,0,0,0,0,0,0,0,0,0,0,0,0,0,0
514,37,2,0,0,0,0,0,0,0,0,0,0,0,0,0,1,0,0,0,0
515,37,14,0,1,0,0,0,0,0,0,0,0,0,0,0,0,0,0,0,0
516,37,2,0,0,0,0,0,0,0,0,0,0,0,0,0,1,0,0,0,0
517,37,14,0,1,0,0,0,0,0,0,0,0,0,0,0,0,0,0,0,0
518,37,2,0,0,0,0,0,0,0,0,0,0,0,0,0,1,0,0,0,0
519,37,14,0,1,0,0,0,0,0,0,0,0,0,0,0,0,0,0,0,0
520,37,2,0,0,0,0,0,0,0,0,0,0,0,0,0,1,0,0,0,0
521,37,14,0,1,0,0,0,0,0,0,0,0,0,0,0,0,0,0,0,0
522,37,2,0,0,0,0,0,0,0,0,0,0,0,0,0,1,0,0,0,0
523,37,14,0,1,0,0,0,0,0,0,0,0,0,0,0,0,0,0,0,0
524,37,2,0,0,0,0,0,0,0,0,0,0,0,0,0,1,0,0,0,0
525,37,14,0,1,0,0,0,0,0,0,0,0,0,0,0,0,0,0,0,0
526,37,2,0,0,0,0,0,0,0,0,0,0,0,0,0,1,0,0,0,0
527,37,14,0,1,0,0,0,0,0,0,0,0,0,0,0,0,0,0,0,0
528,37,2,0,0,0,0,0,0,0,0,0,0,0,0,0,1,0,0,0,0
529,37,14,0,1,0,0,0,0,0,0,0,0,0,0,0,0,0,0,0,0
530,37,2,0,0,0,0,0,0,0,0,0,0,0,0,0,1,0,0,0,0
531,38,3,0,0,0,0,0,0,0,1,0,0,0,0,0,0,0,0,0,0
532,38,8,0,0,1,0,0,0,0,0,0,0,0,0,0,0,0,0,0,0
533,38,3,0,0,0,0,0,0,0,1,0,0,0,0,0,0,0,0,0,0
534,38,8,0,0,1,0,0,0,0,0,0,0,0,0,0,0,0,0,0,0
535,38,3,0,0,0,0,0,0,0,1,0,0,0,0,0,0,0,0,0,0
536,38,8,0,0,1,0,0,0,0,0,0,0,0,0,0,0,0,0,0,0
537,38,5,0,0,0,0,0,0,0,1,0,0,0,0,0,0,0,0,0,0
538,38,5,0,0,1,0,0,0,0,0,0,0,0,0,0,0,0,0,0,0
539,38,3,0,0,0,0,1,0,0,0,0,0,0,0,0,0,0,0,0,0
540,38,5,0,0,0,0,0,0,0,1,0,0,0,0,0,0,0,0,0,0
541,38,3,0,0,0,0,1,0,0,0,0,0,0,0,0,0,0,0,0,0
542,38,5,0,0,0,0,0,0,0,1,0,0,0,0,0,0,0,0,0,0
543,38,3,0,0,0,0,1,0,0,0,0,0,0,0,0,0,0,0,0,0
544,39,2,0,0,0,0,0,0,0,0,0,0,1,0,0,0,0,0,0,0
545,39,11,0,1,0,0,0,0,0,0,0,0,0,0,0,0,0,0,0,0
546,39,2,0,0,0,0,0,0,0,0,0,0,1,0,0,0,0,0,0,0
547,39,11,0,1,0,0,0,0,0,0,0,0,0,0,0,0,0,0,0,0
548,39,2,0,0,0,0,0,0,0,0,0,0,1,0,0,0,0,0,0,0
549,39,11,0,1,0,0,0,0,0,0,0,0,0,0,0,0,0,0,0,0
550,39,2,0,0,0,0,0,0,0,0,0,0,1,0,0,0,0,0,0,0
551,39,2,0,0,0,0,0,1,0,0,0,0,0,0,0,0,0,0,0,0
552,39,6,0,1,0,0,0,0,0,0,0,0,0,0,0,0,0,0,0,0
553,39,6,0,1,0,0,0,0,0,0,0,0,0,0,0,0,0,0,0,0
554,39,2,0,0,0,0,0,1,0,0,0,0,0,0,0,0,0,0,0,0
555,39,6,0,1,0,0,0,0,0,0,0,0,0,0,0,0,0,0,0,0
556,39,2,0,0,0,0,0,0,0,0,0,0,1,0,0,0,0,0,0,0
557,39,11,0,1,0,0,0,0,0,0,0,0,0,0,0,0,0,0,0,0
558,39,2,0,0,0,0,0,0,0,0,0,0,1,0,0,0,0,0,0,0
559,39,11,0,1,0,0,0,0,0,0,0,0,0,0,0,0,0,0,0,0
560,39,6,0,1,0,0,0,0,0,0,0,0,0,0,0,0,0,0,0,0
561,39,2,0,0,0,0,0,1,0,0,0,0,0,0,0,0,0,0,0,0
562,39,11,0,1,0,0,0,0,0,0,0,0,0,0,0,0,0,0,0,0
563,39,2,0,0,0,0,0,0,0,0,0,0,1,0,0,0,0,0,0,0
564,39,11,0,1,0,0,0,0,0,0,0,0,0,0,0,0,0,0,0,0
565,39,2,0,0,0,0,0,0,0,0,0,0,1,0,0,0,0,0,0,0
566,39,11,0,1,0,0,0,0,0,0,0,0,0,0,0,0,0,0,0,0
567,39,2,0,0,0,0,0,0,0,0,0,0,1,0,0,0,0,0,0,0
568,39,11,0,1,0,0,0,0,0,0,0,0,0,0,0,0,0,0,0,0
569,39,2,0,0,0,0,0,0,0,0,0,0,1,0,0,0,0,0,0,0
570,39,11,0,1,0,0,0,0,0,0,0,0,0,0,0,0,0,0,0,0
571,39,2,0,0,0,0,0,0,0,0,0,0,1,0,0,0,0,0,0,0
572,40,2,0,0,0,0,0,0,0,0,0,0,0,0,0,0,1,0,0,0
573,40,15,0,1,0,0,0,0,0,0,0,0,0,0,0,0,0,0,0,0
574,40,2,0,0,0,0,0,0,0,0,0,0,0,0,0,0,1,0,0,0
575,40,15,0,1,0,0,0,0,0,0,0,0,0,0,0,0,0,0,0,0
576,40,2,0,0,0,0,0,0,0,0,0,0,0,0,0,0,1,0,0,0
577,40,15,0,1,0,0,0,0,0,0,0,0,0,0,0,0,0,0,0,0
578,40,2,0,0,0,0,0,0,0,0,0,0,0,0,0,0,1,0,0,0
579,40,15,0,1,0,0,0,0,0,0,0,0,0,0,0,0,0,0,0,0
580,40,2,0,0,0,0,0,0,0,0,0,0,0,0,0,0,1,0,0,0
581,40,15,0,1,0,0,0,0,0,0,0,0,0,0,0,0,0,0,0,0
582,40,2,0,0,0,0,0,0,0,0,0,0,0,0,0,0,1,0,0,0
583,40,2,0,0,0,0,0,0,0,0,0,0,0,0,0,0,1,0,0,0
584,40,15,0,1,0,0,0,0,0,0,0,0,0,0,0,0,0,0,0,0
585,40,2,0,0,0,0,0,0,0,0,0,0,0,0,0,0,1,0,0,0
586,40,15,0,1,0,0,0,0,0,0,0,0,0,0,0,0,0,0,0,0
587,40,2,0,0,0,0,0,0,0,0,0,0,0,0,0,0,1,0,0,0
588,40,15,0,1,0,0,0,0,0,0,0,0,0,0,0,0,0,0,0,0
589,40,2,0,0,0,0,0,0,0,0,0,0,0,0,0,0,1,0,0,0
590,40,15,0,1,0,0,0,0,0,0,0,0,0,0,0,0,0,0,0,0
591,40,2,0,0,0,0,0,0,0,0,0,0,0,0,0,0,1,0,0,0
592,40,15,0,1,0,0,0,0,0,0,0,0,0,0,0,0,0,0,0,0
593,40,2,0,0,0,0,0,0,0,0,0,0,0,0,0,0,1,0,0,0
594,40,15,0,1,0,0,0,0,0,0,0,0,0,0,0,0,0,0,0,0
595,40,2,0,0,0,0,0,0,0,0,0,0,0,0,0,0,1,0,0,0
596,40,15,0,1,0,0,0,0,0,0,0,0,0,0,0,0,0,0,0,0
597,40,2,0,0,0,0,0,0,0,0,0,0,0,0,0,0,1,0,0,0
598,40,15,0,1,0,0,0,0,0,0,0,0,0,0,0,0,0,0,0,0
599,40,2,0,0,0,0,0,0,0,0,0,0,0,0,0,0,1,0,0,0
600,40,15,0,1,0,0,0,0,0,0,0,0,0,0,0,0,0,0,0,0
601,40,2,0,0,0,0,0,0,0,0,0,0,0,0,0,0,1,0,0,0
602,40,15,0,1,0,0,0,0,0,0,0,0,0,0,0,0,0,0,0,0
603,40,2,0,0,0,0,0,0,0,0,0,0,0,0,0,0,1,0,0,0
604,40,15,0,1,0,0,0,0,0,0,0,0,0,0,0,0,0,0,0,0
605,40,2,0,0,0,0,0,0,0,0,0,0,0,0,0,0,1,0,0,0
606,40,9,0,0,0,0,0,0,0,0,0,0,0,0,0,0,1,0,0,0
607,40,15,0,0,0,0,0,0,0,0,1,0,0,0,0,0,0,0,0,0
608,40,9,0,0,0,0,0,0,0,0,0,0,0,0,0,0,1,0,0,0
609,40,15,0,0,0,0,0,0,0,0,1,0,0,0,0,0,0,0,0,0
610,40,9,0,0,0,0,0,0,0,0,0,0,0,0,0,0,1,0,0,0
611,40,15,0,0,0,0,0,0,0,0,1,0,0,0,0,0,0,0,0,0
612,41,3,0,1,0,0,0,0,0,0,0,0,0,0,0,0,0,0,0,0
613,41,2,0,0,1,0,0,0,0,0,0,0,0,0,0,0,0,0,0,0
614,41,3,0,1,0,0,0,0,0,0,0,0,0,0,0,0,0,0,0,0
615,41,2,0,0,1,0,0,0,0,0,0,0,0,0,0,0,0,0,0,0
616,41,3,0,1,0,0,0,0,0,0,0,0,0,0,0,0,0,0,0,0
617,41,2,0,0,1,0,0,0,0,0,0,0,0,0,0,0,0,0,0,0
618,41,3,0,1,0,0,0,0,0,0,0,0,0,0,0,0,0,0,0,0
619,41,2,0,0,1,0,0,0,0,0,0,0,0,0,0,0,0,0,0,0
620,41,3,0,1,0,0,0,0,0,0,0,0,0,0,0,0,0,0,0,0
621,41,2,0,0,1,0,0,0,0,0,0,0,0,0,0,0,0,0,0,0
622,41,3,0,1,0,0,0,0,0,0,0,0,0,0,0,0,0,0,0,0
623,41,2,0,0,1,0,0,0,0,0,0,0,0,0,0,0,0,0,0,0
624,41,3,0,1,0,0,0,0,0,0,0,0,0,0,0,0,0,0,0,0
625,41,2,0,0,1,0,0,0,0,0,0,0,0,0,0,0,0,0,0,0
626,41,3,0,1,0,0,0,0,0,0,0,0,0,0,0,0,0,0,0,0
627,41,2,0,0,1,0,0,0,0,0,0,0,0,0,0,0,0,0,0,0
628,41,3,0,1,0,0,0,0,0,0,0,0,0,0,0,0,0,0,0,0
629,41,2,0,0,1,0,0,0,0,0,0,0,0,0,0,0,0,0,0,0
630,41,2,0,0,1,0,0,0,0,0,0,0,0,0,0,0,0,0,0,0
631,41,5,0,1,0,0,0,0,0,0,0,0,0,0,0,0,0,0,0,0
632,41,2,0,0,0,0,1,0,0,0,0,0,0,0,0,0,0,0,0,0
633,41,5,0,1,0,0,0,0,0,0,0,0,0,0,0,0,0,0,0,0
634,41,2,0,0,0,0,1,0,0,0,0,0,0,0,0,0,0,0,0,0
635,41,5,0,1,0,0,0,0,0,0,0,0,0,0,0,0,0,0,0,0
636,41,2,0,0,0,0,1,0,0,0,0,0,0,0,0,0,0,0,0,0
637,41,5,0,1,0,0,0,0,0,0,0,0,0,0,0,0,0,0,0,0
638,41,2,0,0,0,0,1,0,0,0,0,0,0,0,0,0,0,0,0,0
639,41,5,0,1,0,0,0,0,0,0,0,0,0,0,0,0,0,0,0,0
640,41,2,0,0,0,0,1,0,0,0,0,0,0,0,0,0,0,0,0,0
641,41,5,0,1,0,0,0,0,0,0,0,0,0,0,0,0,0,0,0,0
642,41,3,0,0,0,0,1,0,0,0,0,0,0,0,0,0,0,0,0,0
643,41,5,0,0,1,0,0,0,0,0,0,0,0,0,0,0,0,0,0,0
644,41,3,0,0,0,0,1,0,0,0,0,0,0,0,0,0,0,0,0,0
645,41,5,0,0,1,0,0,0,0,0,0,0,0,0,0,0,0,0,0,0
646,41,3,0,0,0,0,1,0,0,0,0,0,0,0,0,0,0,0,0,0
647,41,5,0,1,0,0,0,0,0,0,0,0,0,0,0,0,0,0,0,0
648,41,5,0,0,1,0,0,0,0,0,0,0,0,0,0,0,0,0,0,0
649,41,3,0,0,0,0,1,0,0,0,0,0,0,0,0,0,0,0,0,0
650,41,5,0,0,1,0,0,0,0,0,0,0,0,0,0,0,0,0,0,0
651,41,3,0,0,0,0,1,0,0,0,0,0,0,0,0,0,0,0,0,0
652,41,5,0,1,0,0,0,0,0,0,0,0,0,0,0,0,0,0,0,0
653,41,2,0,0,0,0,1,0,0,0,0,0,0,0,0,0,0,0,0,0
654,41,5,0,1,0,0,0,0,0,0,0,0,0,0,0,0,0,0,0,0
655,42,9,0,0,0,0,1,0,0,0,0,0,0,0,0,0,0,0,0,0
656,42,5,0,0,0,0,0,0,0,0,1,0,0,0,0,0,0,0,0,0
657,43,5,0,0,0,0,0,0,1,0,0,0,0,0,0,0,0,0,0,0
658,43,5,0,0,0,0,0,0,1,0,0,0,0,0,0,0,0,0,0,0
659,43,9,0,0,0,0,1,0,0,0,0,0,0,0,0,0,0,0,0,0
660,43,5,0,0,0,0,0,0,0,0,1,0,0,0,0,0,0,0,0,0
661,43,9,0,0,0,0,1,0,0,0,0,0,0,0,0,0,0,0,0,0
662,43,5,0,0,0,0,0,0,0,0,1,0,0,0,0,0,0,0,0,0
663,44,5,0,0,0,0,0,0,1,0,0,0,0,0,0,0,0,0,0,0
664,44,7,0,0,0,0,1,0,0,0,0,0,0,0,0,0,0,0,0,0
665,44,5,0,0,0,0,0,0,0,0,1,0,0,0,0,0,0,0,0,0
666,45,2,0,0,0,0,0,1,0,0,0,0,0,0,0,0,0,0,0,0
667,45,6,0,1,0,0,0,0,0,0,0,0,0,0,0,0,0,0,0,0
668,46,2,0,0,0,0,0,0,1,0,0,0,0,0,0,0,0,0,0,0
669,46,7,0,1,0,0,0,0,0,0,0,0,0,0,0,0,0,0,0,0
670,46,2,0,0,0,0,0,0,1,0,0,0,0,0,0,0,0,0,0,0
671,47,15,0,1,0,0,0,0,0,0,0,0,0,0,0,0,0,0,0,0
672,47,7,0,0,0,0,0,0,0,0,0,0,0,0,0,0,1,0,0,0
673,47,15,0,0,0,0,0,0,1,0,0,0,0,0,0,0,0,0,0,0
674,47,7,0,1,0,0,0,0,0,0,0,0,0,0,0,0,0,0,0,0
675,47,2,0,0,0,0,0,0,1,0,0,0,0,0,0,0,0,0,0,0
676,47,15,0,1,0,0,0,0,1,0,0,0,0,0,0,0,0,0,0,0
677,47,2,0,0,0,0,0,0,0,0,0,0,0,0,0,0,1,0,0,0
678,47,15,0,1,0,0,0,0,1,0,0,0,0,0,0,0,0,0,0,0
679,47,7,0,0,0,0,0,0,0,0,0,0,0,0,0,0,1,0,0,0
680,47,15,0,1,0,0,0,0,1,0,0,0,0,0,0,0,0,0,0,0
681,47,7,0,1,0,0,0,0,0,0,0,0,0,0,0,0,0,0,0,0
682,47,15,0,1,0,0,0,0,1,0,0,0,0,0,0,0,0,0,0,0
683,47,2,0,0,0,0,0,0,0,0,0,0,0,0,0,0,1,0,0,0
684,47,7,0,0,0,0,0,0,0,0,0,0,0,0,0,0,1,0,0,0
685,47,2,0,0,0,0,0,0,1,0,0,0,0,0,0,0,0,0,0,0
686,47,7,0,1,0,0,0,0,0,0,0,0,0,0,0,0,0,0,0,0
687,47,2,0,0,0,0,0,0,0,0,0,0,0,0,0,0,1,0,0,0
688,48,2,0,0,0,0,0,0,1,0,0,0,0,0,0,0,0,0,0,0
689,48,7,0,1,0,0,0,0,0,0,0,0,0,0,0,0,0,0,0,0
690,48,2,0,0,0,0,0,0,1,0,0,0,0,0,0,0,0,0,0,0
691,48,16,0,1,0,0,0,0,0,0,0,0,0,0,0,0,0,0,0,0
692,48,2,0,0,0,0,0,0,0,0,0,0,0,0,0,0,0,1,0,0
693,48,16,0,1,0,0,0,0,0,0,0,0,0,0,0,0,0,0,0,0
694,48,2,0,0,0,0,0,0,0,0,0,0,0,0,0,0,0,1,0,0
695,48,16,0,1,0,0,0,0,0,0,0,0,0,0,0,0,0,0,0,0
696,48,7,0,0,0,0,0,0,0,0,0,0,0,0,0,0,0,1,0,0
697,48,16,0,0,0,0,0,0,1,0,0,0,0,0,0,0,0,0,0,0
698,48,7,0,0,0,0,0,0,0,0,0,0,0,0,0,0,0,1,0,0
699,49,17,0,0,0,0,0,0,0,0,1,0,0,0,0,0,0,0,0,0
700,50,7,0,1,0,0,0,0,0,0,0,0,0,0,0,0,0,0,0,0
701,50,6,0,1,0,0,0,0,0,0,0,0,0,0,0,0,0,0,0,0
702,50,2,0,0,0,0,0,1,0,0,0,0,0,0,0,0,0,0,0,0
703,50,6,0,1,0,0,0,0,0,0,0,0,0,0,0,0,0,0,0,0
704,50,2,0,0,0,0,0,1,0,0,0,0,0,0,0,0,0,0,0,0
705,51,9,0,0,0,0,0,0,0,0,0,0,0,0,0,0,0,0,1,0
706,51,17,0,0,0,0,0,0,0,0,1,0,0,0,0,0,0,0,0,0
707,51,9,0,0,0,0,0,0,0,0,0,0,0,0,0,0,0,0,1,0
708,52,2,0,0,0,0,0,0,0,0,1,0,0,0,0,0,0,0,0,0
709,52,9,0,1,0,0,0,0,0,0,0,0,0,0,0,0,0,0,0,0
710,52,2,0,0,0,0,0,0,0,0,1,0,0,0,0,0,0,0,0,0
711,53,2,0,0,0,0,0,1,0,0,0,0,0,0,0,0,0,0,0,0
712,53,6,0,1,0,0,0,0,0,0,0,0,0,0,0,0,0,0,0,0
713,53,2,0,0,0,0,0,1,0,0,0,0,0,0,0,0,0,0,0,0
714,53,6,0,1,0,0,0,0,0,0,0,0,0,0,0,0,0,0,0,0
715,53,6,0,1,0,0,0,0,0,0,0,0,0,0,0,0,0,0,0,0
716,53,6,0,1,0,0,0,0,0,0,0,0,0,0,0,0,0,0,0,0
717,53,6,0,1,0,0,0,0,0,0,0,0,0,0,0,0,0,0,0,0
718,53,2,0,0,0,0,0,1,0,0,0,0,0,0,0,0,0,0,0,0
719,54,7,0,1,0,0,0,0,0,0,0,0,0,0,0,0,0,0,0,0
720,54,2,0,0,0,0,0,0,1,0,0,0,0,0,0,0,0,0,0,0
721,54,7,0,1,0,0,0,0,0,0,0,0,0,0,0,0,0,0,0,0
722,54,2,0,0,0,0,0,0,1,0,0,0,0,0,0,0,0,0,0,0
723,54,7,0,1,0,0,0,0,0,0,0,0,0,0,0,0,0,0,0,0
724,54,2,0,0,0,0,0,1,0,0,0,0,0,0,0,0,0,0,0,0
725,54,6,0,1,0,0,0,0,0,0,0,0,0,0,0,0,0,0,0,0
726,54,2,0,0,0,0,0,1,0,0,0,0,0,0,0,0,0,0,0,0
727,55,5,0,0,0,0,0,0,0,1,0,0,0,0,0,0,0,0,0,0
728,55,8,0,0,0,0,1,0,0,0,0,0,0,0,0,0,0,0,0,0
729,55,5,0,0,0,0,0,0,0,1,0,0,0,0,0,0,0,0,0,0
730,55,8,0,0,0,0,1,0,0,0,0,0,0,0,0,0,0,0,0,0
731,55,5,0,0,0,0,0,0,0,0,0,0,0,0,0,0,0,0,1,0
732,56,5,0,0,0,0,0,0,0,0,0,0,0,0,0,0,0,0,1,0
733,56,17,0,0,0,0,1,0,0,0,0,0,0,0,0,0,0,0,0,0
734,56,5,0,0,0,0,0,0,0,0,0,0,0,0,0,0,0,0,1,0
735,56,17,0,0,0,0,1,0,0,0,0,0,0,0,0,0,0,0,0,0
736,56,5,0,0,0,0,0,0,0,0,0,0,0,0,0,0,0,0,1,0
737,57,7,0,1,0,0,0,0,0,0,0,0,0,0,0,0,0,0,0,0
738,57,2,0,0,0,0,0,0,1,0,0,0,0,0,0,0,0,0,0,0
739,57,7,0,1,0,0,0,0,0,0,0,0,0,0,0,0,0,0,0,0
740,57,2,0,0,0,0,0,0,1,0,0,0,0,0,0,0,0,0,0,0
741,57,7,0,1,0,0,0,0,0,0,0,0,0,0,0,0,0,0,0,0
742,58,7,0,1,0,0,0,0,0,0,0,0,0,0,0,0,0,0,0,0
743,58,2,0,0,0,0,0,0,1,0,0,0,0,0,0,0,0,0,0,0
744,58,7,0,1,0,0,0,0,0,0,0,0,0,0,0,0,0,0,0,0
745,58,2,0,0,0,0,0,0,1,0,0,0,0,0,0,0,0,0,0,0
746,58,2,0,0,0,0,0,0,1,0,0,0,0,0,0,0,0,0,0,0
747,58,7,0,1,0,0,0,0,0,0,0,0,0,0,0,0,0,0,0,0
748,58,2,0,0,0,0,0,0,1,0,0,0,0,0,0,0,0,0,0,0
749,58,2,0,0,0,0,0,0,1,0,0,0,0,0,0,0,0,0,0,0
750,58,7,0,1,0,0,0,0,0,0,0,0,0,0,0,0,0,0,0,0
751,58,2,0,0,0,0,0,0,1,0,0,0,0,0,0,0,0,0,0,0
752,58,7,0,1,0,0,0,0,0,0,0,0,0,0,0,0,0,0,0,0
753,58,2,0,0,0,0,0,0,1,0,0,0,0,0,0,0,0,0,0,0
754,58,2,0,0,0,0,0,0,1,0,0,0,0,0,0,0,0,0,0,0
755,58,7,0,1,0,0,0,0,0,0,0,0,0,0,0,0,0,0,0,0
756,58,2,0,0,0,0,0,0,1,0,0,0,0,0,0,0,0,0,0,0
757,58,7,0,1,0,0,0,0,0,0,0,0,0,0,0,0,0,0,0,0
758,58,2,0,0,0,0,0,0,1,0,0,0,0,0,0,0,0,0,0,0
759,58,7,0,1,0,0,0,0,0,0,0,0,0,0,0,0,0,0,0,0
760,58,2,0,0,0,0,0,0,1,0,0,0,0,0,0,0,0,0,0,0
761,58,7,0,1,0,0,0,0,0,0,0,0,0,0,0,0,0,0,0,0
762,58,2,0,0,0,0,0,0,1,0,0,0,0,0,0,0,0,0,0,0
763,58,2,0,0,0,0,0,0,1,0,0,0,0,0,0,0,0,0,0,0
764,58,2,0,0,0,0,0,1,0,0,0,0,0,0,0,0,0,0,0,0
765,58,6,0,1,0,0,0,0,0,0,0,0,0,0,0,0,0,0,0,0
766,58,2,0,0,0,0,0,1,0,0,0,0,0,0,0,0,0,0,0,0
767,58,2,0,0,0,0,0,1,0,0,0,0,0,0,0,0,0,0,0,0
768,58,7,0,1,0,0,0,0,0,0,0,0,0,0,0,0,0,0,0,0
769,58,2,0,0,0,0,0,0,1,0,0,0,0,0,0,0,0,0,0,0
770,59,7,0,1,0,0,0,0,0,0,0,0,0,0,0,0,0,0,0,0
771,59,2,0,0,0,0,0,0,1,0,0,0,0,0,0,0,0,0,0,0
772,59,7,0,1,0,0,0,0,0,0,0,0,0,0,0,0,0,0,0,0
773,59,2,0,0,0,0,0,0,1,0,0,0,0,0,0,0,0,0,0,0
774,59,6,0,0,0,0,0,0,1,0,0,0,0,0,0,0,0,0,0,0
775,59,7,0,0,0,0,0,1,0,0,0,0,0,0,0,0,0,0,0,0
776,59,6,0,1,0,0,0,0,0,0,0,0,0,0,0,0,0,0,0,0
777,59,2,0,0,0,0,0,1,0,0,0,0,0,0,0,0,0,0,0,0
778,60,8,0,1,0,0,0,0,0,0,0,0,0,0,0,0,0,0,0,0
779,60,2,0,0,0,0,0,0,0,1,0,0,0,0,0,0,0,0,0,0
780,60,8,0,1,0,0,0,0,0,0,0,0,0,0,0,0,0,0,0,0
781,60,2,0,0,0,0,0,0,0,1,0,0,0,0,0,0,0,0,0,0
782,60,2,0,0,0,0,0,0,0,1,0,0,0,0,0,0,0,0,0,0
783,60,5,0,0,0,0,0,0,0,1,0,0,0,0,0,0,0,0,0,0
784,60,5,0,1,0,0,0,0,0,0,0,0,0,0,0,0,0,0,0,0
785,60,8,0,1,0,0,0,0,0,0,0,0,0,0,0,0,0,0,0,0
786,60,5,0,1,0,0,0,0,0,0,0,0,0,0,0,0,0,0,0,0
787,60,2,0,0,0,0,1,0,0,0,0,0,0,0,0,0,0,0,0,0
788,61,2,0,0,0,0,0,1,0,0,0,0,0,0,0,0,0,0,0,0
789,62,7,0,0,0,0,0,0,0,0,0,0,0,0,0,0,0,0,1,0
790,62,7,0,0,0,0,0,0,0,0,0,0,0,0,0,0,0,0,1,0
791,62,7,0,0,0,0,0,0,0,0,0,0,0,0,0,0,0,0,1,0
792,62,7,0,0,0,0,0,0,0,0,0,0,0,0,0,0,0,0,1,0
793,63,7,0,1,0,0,0,0,0,0,0,0,0,0,0,0,0,0,0,0
794,63,2,0,0,0,0,0,0,1,0,0,0,0,0,0,0,0,0,0,0
795,63,7,0,0,0,0,0,0,0,0,0,0,0,0,0,0,0,0,1,0
796,63,17,0,0,0,0,0,0,1,0,0,0,0,0,0,0,0,0,0,0
797,64,2,0,0,0,0,0,0,0,1,0,0,0,0,0,0,0,0,0,0
798,64,2,0,0,0,0,0,0,0,1,0,0,0,0,0,0,0,0,0,0
799,64,5,0,1,0,0,0,0,0,0,0,0,0,0,0,0,0,0,0,0
800,64,5,0,1,0,0,0,0,0,0,0,0,0,0,0,0,0,0,0,0
801,64,6,0,1,0,0,0,0,0,0,0,0,0,0,0,0,0,0,0,0
802,64,2,0,0,0,0,0,1,0,0,0,0,0,0,0,0,0,0,0,0
803,64,2,0,0,0,0,1,0,0,0,0,0,0,0,0,0,0,0,0,0
804,64,5,0,1,0,0,0,0,0,0,0,0,0,0,0,0,0,0,0,0
805,64,2,0,0,0,0,1,0,0,0,0,0,0,0,0,0,0,0,0,0
806,64,2,0,0,0,0,0,1,0,0,0,0,0,0,0,0,0,0,0,0
807,65,5,0,1,0,0,0,0,0,0,0,0,0,0,0,0,0,0,0,0
808,65,2,0,0,0,0,0,0,0,1,0,0,0,0,0,0,0,0,0,0
809,65,2,0,0,0,0,0,1,0,0,0,0,0,0,0,0,0,0,0,0
810,65,2,0,0,0,0,0,0,0,1,0,0,0,0,0,0,0,0,0,0
811,65,2,0,0,0,0,0,0,0,1,0,0,0,0,0,0,0,0,0,0
812,65,8,0,1,0,0,0,0,0,0,0,0,0,0,0,0,0,0,0,0
813,65,2,0,0,0,0,0,0,0,1,0,0,0,0,0,0,0,0,0,0
814,65,8,0,1,0,0,0,0,0,0,0,0,0,0,0,0,0,0,0,0
815,65,2,0,0,0,0,0,0,0,1,0,0,0,0,0,0,0,0,0,0
816,65,8,0,1,0,0,0,0,0,0,0,0,0,0,0,0,0,0,0,0
817,65,2,0,0,0,0,0,0,0,1,0,0,0,0,0,0,0,0,0,0
818,65,8,0,1,0,0,0,0,0,0,0,0,0,0,0,0,0,0,0,0
819,65,2,0,0,0,0,0,0,0,1,0,0,0,0,0,0,0,0,0,0
820,65,8,0,1,0,0,0,0,0,0,0,0,0,0,0,0,0,0,0,0
821,65,2,0,0,0,0,0,0,0,1,0,0,0,0,0,0,0,0,0,0
822,65,8,0,1,0,0,0,0,0,0,0,0,0,0,0,0,0,0,0,0
823,65,2,0,0,0,0,0,1,0,0,0,0,0,0,0,0,0,0,0,0
824,65,6,0,1,0,0,0,0,0,0,0,0,0,0,0,0,0,0,0,0
825,65,2,0,0,0,0,0,1,0,0,0,0,0,0,0,0,0,0,0,0
826,65,6,0,1,0,0,0,0,0,0,0,0,0,0,0,0,0,0,0,0
827,65,2,0,0,0,0,0,1,0,0,0,0,0,0,0,0,0,0,0,0
828,65,2,0,0,0,0,0,0,0,1,0,0,0,0,0,0,0,0,0,0
829,65,8,0,1,0,0,0,0,0,0,0,0,0,0,0,0,0,0,0,0
830,66,2,0,0,0,0,0,0,0,0,0,0,0,0,0,0,0,0,0,1
831,66,18,0,1,0,0,0,0,0,0,0,0,0,0,0,0,0,0,0,0
832,66,2,0,0,0,0,0,0,0,0,0,0,0,0,0,0,0,0,0,1
833,66,18,0,1,0,0,0,0,0,0,0,0,0,0,0,0,0,0,0,0
834,66,2,0,0,0,0,0,0,0,0,0,0,0,0,0,0,0,0,0,1
835,66,18,0,1,0,0,0,0,0,0,0,0,0,0,0,0,0,0,0,0
836,66,2,0,0,0,0,0,0,0,0,0,0,0,0,0,0,0,0,0,1
837,66,18,0,1,0,0,0,0,0,0,0,0,0,0,0,0,0,0,0,0
838,66,2,0,0,0,0,0,0,0,0,0,0,0,0,0,0,0,0,0,1
839,66,18,0,1,0,0,0,0,0,0,0,0,0,0,0,0,0,0,0,0
840,66,2,0,0,0,0,0,0,0,0,0,0,0,0,0,0,0,0,0,1
841,66,18,0,1,0,0,0,0,0,0,0,0,0,0,0,0,0,0,0,0
842,66,2,0,0,0,0,0,0,0,0,0,0,0,0,0,0,0,0,0,1
