eventID,sceneID,speakerID,Nick Fury (1),Phil Coulson (2),Maria Hill (3),Erik Selvig (4),Clint Barton (5),Loki (6),Luchkov (7),Natasha Romanoff (8),Bruce Banner (9),Steve Rogers (10),Tony Stark (11),Pepper Potts (12),JARVIS (13),The Other (14),Jasper Sitwell (15),Thor (16)
1,1,1,0,1,0,0,0,0,0,0,0,0,0,0,0,0,0,0
2,1,2,1,0,0,0,0,0,0,0,0,0,0,0,0,0,0,0
3,2,2,1,0,0,0,0,0,0,0,0,0,0,0,0,0,0,0
4,2,1,0,1,0,0,0,0,0,0,0,0,0,0,0,0,0,0
5,2,2,1,0,0,0,0,0,0,0,0,0,0,0,0,0,0,0
6,2,3,0,1,0,0,0,0,0,0,0,0,0,0,0,0,0,0
7,2,1,0,1,0,0,0,0,0,0,0,0,0,0,0,0,0,0
8,2,2,1,0,0,0,0,0,0,0,0,0,0,0,0,0,0,0
9,2,1,0,1,0,0,0,0,0,0,0,0,0,0,0,0,0,0
10,2,2,1,0,0,0,0,0,0,0,0,0,0,0,0,0,0,0
11,2,1,0,1,0,0,0,0,0,0,0,0,0,0,0,0,0,0
12,3,3,1,0,0,0,0,0,0,0,0,0,0,0,0,0,0,0
13,3,1,0,0,1,0,0,0,0,0,0,0,0,0,0,0,0,0
14,3,3,1,0,0,0,0,0,0,0,0,0,0,0,0,0,0,0
15,3,1,0,0,1,0,0,0,0,0,0,0,0,0,0,0,0,0
16,3,3,1,0,0,0,0,0,0,0,0,0,0,0,0,0,0,0
17,3,1,0,0,1,0,0,0,0,0,0,0,0,0,0,0,0,0
18,3,3,1,0,0,0,0,0,0,0,0,0,0,0,0,0,0,0
19,4,1,0,0,0,1,0,0,0,0,0,0,0,0,0,0,0,0
20,4,4,1,0,0,0,0,0,0,0,0,0,0,0,0,0,0,0
21,4,1,0,0,0,1,0,0,0,0,0,0,0,0,0,0,0,0
22,4,4,1,0,0,0,0,0,0,0,0,0,0,0,0,0,0,0
23,4,1,0,0,0,1,0,0,0,0,0,0,0,0,0,0,0,0
24,4,4,1,0,0,0,0,0,0,0,0,0,0,0,0,0,0,0
25,4,1,0,0,0,1,0,0,0,0,0,0,0,0,0,0,0,0
26,4,4,1,0,0,0,0,0,0,0,0,0,0,0,0,0,0,0
27,4,1,0,0,0,1,0,0,0,0,0,0,0,0,0,0,0,0
28,4,4,1,0,0,0,0,0,0,0,0,0,0,0,0,0,0,0
29,4,1,0,0,0,1,0,0,0,0,0,0,0,0,0,0,0,0
30,4,4,1,0,0,0,0,0,0,0,0,0,0,0,0,0,0,0
31,4,1,0,0,0,0,1,0,0,0,0,0,0,0,0,0,0,0
32,4,1,0,0,0,0,1,0,0,0,0,0,0,0,0,0,0,0
33,4,5,1,0,0,0,0,0,0,0,0,0,0,0,0,0,0,0
34,4,1,0,0,0,0,1,0,0,0,0,0,0,0,0,0,0,0
35,4,5,1,0,0,0,0,0,0,0,0,0,0,0,0,0,0,0
36,4,1,0,0,0,0,1,0,0,0,0,0,0,0,0,0,0,0
37,4,5,1,0,0,0,0,0,0,0,0,0,0,0,0,0,0,0
38,4,1,0,0,0,0,0,1,0,0,0,0,0,0,0,0,0,0
39,4,6,0,0,0,0,1,0,0,0,0,0,0,0,0,0,0,0
40,4,6,1,0,0,0,0,0,0,0,0,0,0,0,0,0,0,0
41,4,1,0,0,0,0,0,1,0,0,0,0,0,0,0,0,0,0
42,4,6,1,0,0,0,0,0,0,0,0,0,0,0,0,0,0,0
43,4,4,0,0,0,0,0,1,0,0,0,0,0,0,0,0,0,0
44,4,1,0,0,0,0,0,1,0,0,0,0,0,0,0,0,0,0
45,4,6,1,0,0,0,0,0,0,0,0,0,0,0,0,0,0,0
46,4,1,0,0,0,0,0,1,0,0,0,0,0,0,0,0,0,0
47,4,6,1,0,0,0,0,0,0,0,0,0,0,0,0,0,0,0
48,4,1,0,0,0,0,0,1,0,0,0,0,0,0,0,0,0,0
49,4,6,1,0,0,0,0,0,0,0,0,0,0,0,0,0,0,0
50,4,1,0,0,0,0,0,1,0,0,0,0,0,0,0,0,0,0
51,4,5,0,0,0,0,0,1,0,0,0,0,0,0,0,0,0,0
52,4,1,0,0,0,0,0,1,0,0,0,0,0,0,0,0,0,0
53,4,4,0,0,0,0,0,1,0,0,0,0,0,0,0,0,0,0
54,4,6,0,0,0,0,1,0,0,0,0,0,0,0,0,0,0,0
55,5,5,0,0,1,0,0,0,0,0,0,0,0,0,0,0,0,0
56,5,3,0,0,0,0,1,0,0,0,0,0,0,0,0,0,0,0
57,5,5,0,0,1,0,0,0,0,0,0,0,0,0,0,0,0,0
58,5,1,0,0,1,0,0,0,0,0,0,0,0,0,0,0,0,0
59,5,1,0,0,1,0,0,0,0,0,0,0,0,0,0,0,0,0
60,5,2,1,0,0,0,0,0,0,0,0,0,0,0,0,0,0,0
61,5,2,1,0,0,0,0,0,0,0,0,0,0,0,0,0,0,0
62,5,1,0,1,1,0,0,0,0,0,0,0,0,0,0,0,0,0
63,5,3,1,1,0,0,0,0,0,0,0,0,0,0,0,0,0,0
64,5,1,0,0,1,0,0,0,0,0,0,0,0,0,0,0,0,0
65,5,3,1,0,0,0,0,0,0,0,0,0,0,0,0,0,0,0
66,5,1,0,1,0,0,0,0,0,0,0,0,0,0,0,0,0,0
67,5,2,1,0,0,0,0,0,0,0,0,0,0,0,0,0,0,0
68,6,7,0,0,0,0,0,0,0,1,0,0,0,0,0,0,0,0
69,6,8,0,0,0,0,0,0,1,0,0,0,0,0,0,0,0,0
70,6,7,0,0,0,0,0,0,0,1,0,0,0,0,0,0,0,0
71,6,8,0,0,0,0,0,0,1,0,0,0,0,0,0,0,0,0
72,6,7,0,0,0,0,0,0,0,1,0,0,0,0,0,0,0,0
73,6,8,0,0,0,0,0,0,1,0,0,0,0,0,0,0,0,0
74,6,7,0,0,0,0,0,0,0,1,0,0,0,0,0,0,0,0
75,6,7,0,1,0,0,0,0,0,0,0,0,0,0,0,0,0,0
76,6,2,0,0,0,0,0,0,1,0,0,0,0,0,0,0,0,0
77,6,2,0,0,0,0,0,0,0,1,0,0,0,0,0,0,0,0
78,6,8,0,1,0,0,0,0,0,0,0,0,0,0,0,0,0,0
79,6,2,0,0,0,0,0,0,0,1,0,0,0,0,0,0,0,0
80,6,8,0,1,0,0,0,0,0,0,0,0,0,0,0,0,0,0
81,6,7,0,0,0,0,0,0,0,1,0,0,0,0,0,0,0,0
82,6,8,0,1,0,0,0,0,0,0,0,0,0,0,0,0,0,0
83,6,2,0,0,0,0,0,0,0,1,0,0,0,0,0,0,0,0
84,6,8,0,1,0,0,0,0,0,0,0,0,0,0,0,0,0,0
85,6,8,0,1,0,0,0,0,0,0,0,0,0,0,0,0,0,0
86,6,2,0,0,0,0,0,0,0,1,0,0,0,0,0,0,0,0
87,6,8,0,1,0,0,0,0,0,0,0,0,0,0,0,0,0,0
88,6,2,0,0,0,0,0,0,0,1,0,0,0,0,0,0,0,0
89,6,8,0,1,0,0,0,0,0,0,0,0,0,0,0,0,0,0
90,6,2,0,0,0,0,0,0,0,1,0,0,0,0,0,0,0,0
91,7,8,0,0,0,0,0,0,0,0,1,0,0,0,0,0,0,0
92,7,9,0,0,0,0,0,0,0,1,0,0,0,0,0,0,0,0
93,7,8,0,0,0,0,0,0,0,0,1,0,0,0,0,0,0,0
94,7,9,0,0,0,0,0,0,0,1,0,0,0,0,0,0,0,0
95,7,8,0,0,0,0,0,0,0,0,1,0,0,0,0,0,0,0
96,7,9,0,0,0,0,0,0,0,1,0,0,0,0,0,0,0,0
97,7,8,0,0,0,0,0,0,0,0,1,0,0,0,0,0,0,0
98,7,9,0,0,0,0,0,0,0,1,0,0,0,0,0,0,0,0
99,7,8,0,0,0,0,0,0,0,0,1,0,0,0,0,0,0,0
100,7,9,0,0,0,0,0,0,0,1,0,0,0,0,0,0,0,0
101,7,8,0,0,0,0,0,0,0,0,1,0,0,0,0,0,0,0
102,7,9,0,0,0,0,0,0,0,1,0,0,0,0,0,0,0,0
103,7,8,0,0,0,0,0,0,0,0,1,0,0,0,0,0,0,0
104,7,9,0,0,0,0,0,0,0,1,0,0,0,0,0,0,0,0
105,7,8,0,0,0,0,0,0,0,0,1,0,0,0,0,0,0,0
106,7,9,0,0,0,0,0,0,0,1,0,0,0,0,0,0,0,0
107,7,8,0,0,0,0,0,0,0,0,1,0,0,0,0,0,0,0
108,7,9,0,0,0,0,0,0,0,1,0,0,0,0,0,0,0,0
109,7,8,0,0,0,0,0,0,0,0,1,0,0,0,0,0,0,0
110,7,9,0,0,0,0,0,0,0,1,0,0,0,0,0,0,0,0
111,7,8,0,0,0,0,0,0,0,0,1,0,0,0,0,0,0,0
112,7,9,0,0,0,0,0,0,0,1,0,0,0,0,0,0,0,0
113,7,8,0,0,0,0,0,0,0,0,1,0,0,0,0,0,0,0
114,7,9,0,0,0,0,0,0,0,1,0,0,0,0,0,0,0,0
115,7,8,0,0,0,0,0,0,0,0,1,0,0,0,0,0,0,0
116,7,9,0,0,0,0,0,0,0,1,0,0,0,0,0,0,0,0
117,7,8,0,0,0,0,0,0,0,0,1,0,0,0,0,0,0,0
118,7,9,0,0,0,0,0,0,0,1,0,0,0,0,0,0,0,0
119,7,8,0,0,0,0,0,0,0,0,1,0,0,0,0,0,0,0
120,7,9,0,0,0,0,0,0,0,1,0,0,0,0,0,0,0,0
121,7,8,0,0,0,0,0,0,0,0,1,0,0,0,0,0,0,0
122,7,9,0,0,0,0,0,0,0,1,0,0,0,0,0,0,0,0
123,7,9,0,0,0,0,0,0,0,1,0,0,0,0,0,0,0,0
124,7,9,0,0,0,0,0,0,0,1,0,0,0,0,0,0,0,0
125,8,1,0,0,0,0,0,0,0,0,0,1,0,0,0,0,0,0
126,8,10,1,0,0,0,0,0,0,0,0,0,0,0,0,0,0,0
127,8,1,0,0,0,0,0,0,0,0,0,1,0,0,0,0,0,0
128,8,10,1,0,0,0,0,0,0,0,0,0,0,0,0,0,0,0
129,8,1,0,0,0,0,0,0,0,0,0,1,0,0,0,0,0,0
130,8,10,1,0,0,0,0,0,0,0,0,0,0,0,0,0,0,0
131,8,1,0,0,0,0,0,0,0,0,0,1,0,0,0,0,0,0
132,8,10,1,0,0,0,0,0,0,0,0,0,0,0,0,0,0,0
133,8,1,0,0,0,0,0,0,0,0,0,1,0,0,0,0,0,0
134,8,10,1,0,0,0,0,0,0,0,0,0,0,0,0,0,0,0
135,8,1,0,0,0,0,0,0,0,0,0,1,0,0,0,0,0,0
136,8,10,1,0,0,0,0,0,0,0,0,0,0,0,0,0,0,0
137,8,1,0,0,0,0,0,0,0,0,0,1,0,0,0,0,0,0
138,8,10,1,0,0,0,0,0,0,0,0,0,0,0,0,0,0,0
139,8,1,0,0,0,0,0,0,0,0,0,1,0,0,0,0,0,0
140,8,1,0,0,0,0,0,0,0,0,0,1,0,0,0,0,0,0
141,8,10,1,0,0,0,0,0,0,0,0,0,0,0,0,0,0,0
142,9,11,0,0,0,0,0,0,0,0,0,0,0,1,0,0,0,0
143,9,12,0,0,0,0,0,0,0,0,0,0,1,0,0,0,0,0
144,9,11,0,0,0,0,0,0,0,0,0,0,0,1,0,0,0,0
145,9,12,0,0,0,0,0,0,0,0,0,0,1,0,0,0,0,0
146,9,11,0,0,0,0,0,0,0,0,0,0,0,1,0,0,0,0
147,9,12,0,0,0,0,0,0,0,0,0,0,1,0,0,0,0,0
148,9,11,0,0,0,0,0,0,0,0,0,0,0,1,0,0,0,0
149,9,12,0,0,0,0,0,0,0,0,0,0,1,0,0,0,0,0
150,9,11,0,0,0,0,0,0,0,0,0,0,0,1,0,0,0,0
151,9,12,0,0,0,0,0,0,0,0,0,0,1,0,0,0,0,0
152,9,13,0,0,0,0,0,0,0,0,0,0,1,0,0,0,0,0
153,9,11,0,0,0,0,0,0,0,0,0,0,0,0,1,0,0,0
154,9,13,0,0,0,0,0,0,0,0,0,0,1,0,0,0,0,0
155,9,11,0,0,0,0,0,0,0,0,0,0,0,0,1,0,0,0
156,9,12,0,0,0,0,0,0,0,0,0,0,1,0,0,0,0,0
157,9,11,0,0,0,0,0,0,0,0,0,0,0,1,0,0,0,0
158,9,12,0,0,0,0,0,0,0,0,0,0,1,0,0,0,0,0
159,9,11,0,0,0,0,0,0,0,0,0,0,0,1,0,0,0,0
160,9,12,0,0,0,0,0,0,0,0,0,0,1,0,0,0,0,0
161,9,11,0,0,0,0,0,0,0,0,0,0,0,1,0,0,0,0
162,9,12,0,0,0,0,0,0,0,0,0,0,1,0,0,0,0,0
163,9,11,0,0,0,0,0,0,0,0,0,0,0,1,0,0,0,0
164,9,12,0,0,0,0,0,0,0,0,0,0,1,0,0,0,0,0
165,9,11,0,0,0,0,0,0,0,0,0,0,0,1,0,0,0,0
166,9,12,0,0,0,0,0,0,0,0,0,0,1,0,0,0,0,0
167,9,11,0,0,0,0,0,0,0,0,0,0,0,1,0,0,0,0
168,9,12,0,0,0,0,0,0,0,0,0,0,1,0,0,0,0,0
169,9,11,0,0,0,0,0,0,0,0,0,0,0,1,0,0,0,0
170,9,12,0,0,0,0,0,0,0,0,0,0,1,0,0,0,0,0
171,9,11,0,0,0,0,0,0,0,0,0,0,0,1,0,0,0,0
172,9,13,0,0,0,0,0,0,0,0,0,0,1,0,0,0,0,0
173,9,2,0,0,0,0,0,0,0,0,0,0,1,0,0,0,0,0
174,9,11,0,1,0,0,0,0,0,0,0,0,0,0,0,0,0,0
175,9,2,0,0,0,0,0,0,0,0,0,0,1,0,0,0,0,0
176,9,11,0,1,0,0,0,0,0,0,0,0,0,0,0,0,0,0
177,9,11,0,0,0,0,0,0,0,0,0,0,0,1,0,0,0,0
178,9,2,0,0,0,0,0,0,0,0,0,0,1,0,0,0,0,0
179,9,12,0,1,0,0,0,0,0,0,0,0,0,0,0,0,0,0
180,9,11,0,0,0,0,0,0,0,0,0,0,0,1,0,0,0,0
181,9,2,0,0,0,0,0,0,0,0,0,0,1,1,0,0,0,0
182,9,11,0,0,0,0,0,0,0,0,0,0,0,1,0,0,0,0
183,9,12,0,1,0,0,0,0,0,0,0,0,0,0,0,0,0,0
184,9,11,0,0,0,0,0,0,0,0,0,0,0,1,0,0,0,0
185,9,2,0,0,0,0,0,0,0,0,0,0,1,0,0,0,0,0
186,9,11,0,1,0,0,0,0,0,0,0,0,0,0,0,0,0,0
187,9,12,0,1,0,0,0,0,0,0,0,0,0,0,0,0,0,0
188,9,12,0,0,0,0,0,0,0,0,0,0,1,0,0,0,0,0
189,9,11,0,1,0,0,0,0,0,0,0,0,0,0,0,0,0,0
190,9,2,0,0,0,0,0,0,0,0,0,0,1,0,0,0,0,0
191,9,12,0,1,0,0,0,0,0,0,0,0,0,0,0,0,0,0
192,9,11,0,0,0,0,0,0,0,0,0,0,0,1,0,0,0,0
193,9,12,0,1,0,0,0,0,0,0,0,0,0,0,0,0,0,0
194,9,11,0,1,0,0,0,0,0,0,0,0,0,0,0,0,0,0
195,9,12,0,1,0,0,0,0,0,0,0,0,0,0,0,0,0,0
196,9,2,0,0,0,0,0,0,0,0,0,0,1,0,0,0,0,0
197,9,11,0,1,0,0,0,0,0,0,0,0,0,0,0,0,0,0
198,9,11,0,0,0,0,0,0,0,0,0,0,0,1,0,0,0,0
199,9,2,0,0,0,0,0,0,0,0,0,0,0,1,0,0,0,0
200,9,11,0,0,0,0,0,0,0,0,0,0,0,1,0,0,0,0
201,9,12,0,0,0,0,0,0,0,0,0,0,1,0,0,0,0,0
202,9,12,0,0,0,0,0,0,0,0,0,0,1,0,0,0,0,0
203,9,11,0,0,0,0,0,0,0,0,0,0,0,1,0,0,0,0
204,9,12,0,0,0,0,0,0,0,0,0,0,1,0,0,0,0,0
205,9,11,0,0,0,0,0,0,0,0,0,0,0,1,0,0,0,0
206,9,12,0,0,0,0,0,0,0,0,0,0,1,0,0,0,0,0
207,9,11,0,0,0,0,0,0,0,0,0,0,0,1,0,0,0,0
208,9,12,0,0,0,0,0,0,0,0,0,0,1,0,0,0,0,0
209,9,11,0,0,0,0,0,0,0,0,0,0,0,1,0,0,0,0
210,9,12,0,0,0,0,0,0,0,0,0,0,1,0,0,0,0,0
211,9,11,0,0,0,0,0,0,0,0,0,0,0,1,0,0,0,0
212,9,12,0,0,0,0,0,0,0,0,0,0,1,0,0,0,0,0
213,9,12,0,1,0,0,0,0,0,0,0,0,0,0,0,0,0,0
214,9,2,0,0,0,0,0,0,0,0,0,0,0,1,0,0,0,0
215,9,12,0,1,0,0,0,0,0,0,0,0,0,0,0,0,0,0
216,9,2,0,0,0,0,0,0,0,0,0,0,0,1,0,0,0,0
217,9,12,0,1,0,0,0,0,0,0,0,0,0,0,0,0,0,0
218,10,10,0,1,0,0,0,0,0,0,0,0,0,0,0,0,0,0
219,10,2,0,0,0,0,0,0,0,0,0,1,0,0,0,0,0,0
220,10,10,0,1,0,0,0,0,0,0,0,0,0,0,0,0,0,0
221,10,2,0,0,0,0,0,0,0,0,0,1,0,0,0,0,0,0
222,10,2,0,0,0,0,0,0,0,0,0,1,0,0,0,0,0,0
223,10,10,0,1,0,0,0,0,0,0,0,0,0,0,0,0,0,0
224,10,2,0,0,0,0,0,0,0,0,0,1,0,0,0,0,0,0
225,10,10,0,1,0,0,0,0,0,0,0,0,0,0,0,0,0,0
226,10,2,0,0,0,0,0,0,0,0,0,1,0,0,0,0,0,0
227,11,14,0,0,0,0,0,1,0,0,0,0,0,0,0,0,0,0
228,11,6,0,0,0,0,0,0,0,0,0,0,0,0,0,1,0,0
229,11,14,0,0,0,0,0,1,0,0,0,0,0,0,0,0,0,0
230,11,6,0,0,0,0,0,0,0,0,0,0,0,0,0,1,0,0
231,11,14,0,0,0,0,0,1,0,0,0,0,0,0,0,0,0,0
232,11,6,0,0,0,0,0,0,0,0,0,0,0,0,0,1,0,0
233,11,14,0,0,0,0,0,1,0,0,0,0,0,0,0,0,0,0
234,11,6,0,0,0,0,0,0,0,0,0,0,0,0,0,1,0,0
235,11,6,0,0,0,0,0,0,0,0,0,0,0,0,0,1,0,0
236,11,14,0,0,0,0,0,1,0,0,0,0,0,0,0,0,0,0
237,12,2,0,0,0,0,0,0,0,1,0,0,0,0,0,0,0,0
238,12,10,0,0,0,0,0,0,0,1,0,0,0,0,0,0,0,0
239,12,8,0,0,0,0,0,0,0,0,0,1,0,0,0,0,0,0
240,12,8,0,1,0,0,0,0,0,0,0,0,0,0,0,0,0,0
241,12,2,0,0,0,0,0,0,0,1,0,0,0,0,0,0,0,0
242,12,8,0,0,0,0,0,0,0,0,0,1,0,0,0,0,0,0
243,12,10,0,0,0,0,0,0,0,1,0,0,0,0,0,0,0,0
244,12,8,0,0,0,0,0,0,0,0,0,1,0,0,0,0,0,0
245,12,10,0,0,0,0,0,0,0,0,1,0,0,0,0,0,0,0
246,12,9,0,0,0,0,0,0,0,0,0,1,0,0,0,0,0,0
247,12,10,0,0,0,0,0,0,0,0,1,0,0,0,0,0,0,0
248,12,9,0,0,0,0,0,0,0,0,0,1,0,0,0,0,0,0
249,12,10,0,0,0,0,0,0,0,0,1,0,0,0,0,0,0,0
250,12,9,0,0,0,0,0,0,0,0,0,1,0,0,0,0,0,0
251,12,10,0,0,0,0,0,0,0,0,1,0,0,0,0,0,0,0
252,12,8,0,0,0,0,0,0,0,0,1,1,0,0,0,0,0,0
253,12,10,0,0,0,0,0,0,0,1,0,0,0,0,0,0,0,0
254,12,9,0,0,0,0,0,0,0,1,0,0,0,0,0,0,0,0
255,12,9,0,0,0,0,0,0,0,0,0,1,0,0,0,0,0,0
256,13,3,1,0,0,0,0,0,0,0,0,0,0,0,0,0,0,0
257,13,1,0,0,1,0,0,0,0,0,0,0,0,0,0,0,0,0
258,13,1,0,0,0,0,0,0,0,0,1,1,0,0,0,0,0,0
259,13,1,0,0,0,0,0,0,0,0,1,0,0,0,0,0,0,0
260,13,9,1,0,0,0,0,0,0,0,0,0,0,0,0,0,0,0
261,13,1,0,0,0,0,0,0,0,0,1,0,0,0,0,0,0,0
262,13,9,1,0,0,0,0,0,0,0,0,0,0,0,0,0,0,0
263,13,2,0,0,0,0,0,0,0,0,1,0,0,0,0,0,0,0
264,13,8,0,1,0,0,0,0,0,0,0,0,0,0,0,0,0,0
265,13,9,1,0,0,0,0,0,0,0,0,0,0,0,0,0,0,0
266,13,1,0,0,0,0,0,0,0,0,1,0,0,0,0,0,0,0
267,13,9,0,1,0,0,0,0,0,0,0,0,0,0,0,0,0,0
268,13,9,1,0,0,0,0,0,0,0,0,0,0,0,0,0,0,0
269,13,1,0,0,0,0,0,0,0,1,0,0,0,0,0,0,0,0
270,13,8,0,0,0,0,0,0,0,0,1,0,0,0,0,0,0,0
271,14,4,0,0,0,0,1,0,0,0,0,0,0,0,0,0,0,0
272,14,5,0,0,0,1,0,0,0,0,0,0,0,0,0,0,0,0
273,14,4,0,0,0,0,1,0,0,0,0,0,0,0,0,0,0,0
274,14,5,0,0,0,1,0,0,0,0,0,0,0,0,0,0,0,0
275,14,4,0,0,0,0,1,0,0,0,0,0,0,0,0,0,0,0
276,14,4,0,0,0,0,0,1,0,0,0,0,0,0,0,0,0,0
277,14,6,0,0,0,1,0,0,0,0,0,0,0,0,0,0,0,0
278,14,6,0,0,0,0,1,0,0,0,0,0,0,0,0,0,0,0
279,14,5,0,0,0,0,0,1,0,0,0,0,0,0,0,0,0,0
280,14,6,0,0,0,0,1,0,0,0,0,0,0,0,0,0,0,0
281,14,5,0,0,0,0,0,1,0,0,0,0,0,0,0,0,0,0
282,15,2,0,0,0,0,0,0,0,0,0,1,0,0,0,0,0,0
283,15,10,0,1,0,0,0,0,0,0,0,0,0,0,0,0,0,0
284,15,2,0,0,0,0,0,0,0,0,0,1,0,0,0,0,0,0
285,15,15,0,1,0,0,0,0,0,0,0,0,0,0,0,0,0,0
286,15,2,0,0,0,0,0,0,0,0,0,0,0,0,0,0,1,0
287,15,15,0,1,0,0,0,0,0,0,0,0,0,0,0,0,0,0
288,15,1,0,0,0,0,0,0,0,0,0,1,0,0,0,0,0,0
289,16,10,0,0,0,0,0,1,0,0,0,0,0,0,0,0,0,0
290,16,6,0,0,0,0,0,0,0,0,0,1,0,0,0,0,0,0
291,16,10,0,0,0,0,0,1,0,0,0,0,0,0,0,0,0,0
292,16,8,0,0,0,0,0,1,0,0,0,0,0,0,0,0,0,0
293,16,6,0,0,0,0,0,0,0,0,0,1,0,0,0,0,0,0
294,16,10,0,0,0,0,0,1,0,0,0,0,0,0,0,0,0,0
295,16,11,0,0,0,0,0,0,0,1,0,0,0,0,0,0,0,0
296,16,11,0,0,0,0,0,1,0,0,0,0,0,0,0,0,0,0
297,16,10,0,0,0,0,0,0,0,0,0,0,1,0,0,0,0,0
298,16,11,0,0,0,0,0,0,0,0,0,1,0,0,0,0,0,0
299,17,1,0,0,0,0,0,0,0,1,0,0,0,0,0,0,0,0
300,17,8,1,0,0,0,0,0,0,0,0,0,0,0,0,0,0,0
301,17,1,0,0,0,0,0,0,0,1,0,0,0,0,0,0,0,0
302,17,10,0,0,0,0,0,0,0,0,0,0,1,0,0,0,0,0
303,17,11,0,0,0,0,0,0,0,0,0,1,0,0,0,0,0,0
304,17,10,0,0,0,0,0,0,0,0,0,0,1,0,0,0,0,0
305,17,11,0,0,0,0,0,0,0,0,0,1,0,0,0,0,0,0
306,17,10,0,0,0,0,0,0,0,0,0,0,1,0,0,0,0,0
307,17,11,0,0,0,0,0,0,0,0,0,1,0,0,0,0,0,0
308,17,10,0,0,0,0,0,0,0,0,0,0,1,0,0,0,0,0
309,17,11,0,0,0,0,0,0,0,0,0,1,0,0,0,0,0,0
310,17,10,0,0,0,0,0,1,0,0,0,0,0,0,0,0,0,0
311,17,6,0,0,0,0,0,0,0,0,0,1,0,0,0,0,0,0
312,17,10,0,0,0,0,0,0,0,0,0,0,1,0,0,0,0,0
313,17,8,0,0,0,0,0,0,0,0,0,1,1,0,0,0,0,0
314,17,10,0,0,0,0,0,0,0,1,0,0,1,0,0,0,0,0
315,17,11,0,0,0,0,0,0,0,1,0,1,0,0,0,0,0,0
316,17,10,0,0,0,0,0,0,0,0,0,0,1,0,0,0,0,0
317,17,11,0,0,0,0,0,0,0,0,0,1,0,0,0,0,0,0
318,17,8,0,0,0,0,0,0,0,0,0,1,0,0,0,0,0,0
319,17,10,0,0,0,0,0,0,0,1,0,0,0,0,0,0,0,0
320,17,8,0,0,0,0,0,0,0,0,0,1,0,0,0,0,0,0
321,17,10,0,0,0,0,0,0,0,1,0,0,0,0,0,0,0,0
322,18,16,0,0,0,0,0,1,0,0,0,0,0,0,0,0,0,0
323,18,6,0,0,0,0,0,0,0,0,0,0,0,0,0,0,0,1
324,18,16,0,0,0,0,0,1,0,0,0,0,0,0,0,0,0,0
325,18,6,0,0,0,0,0,0,0,0,0,0,0,0,0,0,0,1
326,18,16,0,0,0,0,0,1,0,0,0,0,0,0,0,0,0,0
327,18,6,0,0,0,0,0,0,0,0,0,0,0,0,0,0,0,1
328,18,16,0,0,0,0,0,1,0,0,0,0,0,0,0,0,0,0
329,18,6,0,0,0,0,0,0,0,0,0,0,0,0,0,0,0,1
330,18,16,0,0,0,0,0,1,0,0,0,0,0,0,0,0,0,0
331,18,6,0,0,0,0,0,0,0,0,0,0,0,0,0,0,0,1
332,18,16,0,0,0,0,0,1,0,0,0,0,0,0,0,0,0,0
333,18,6,0,0,0,0,0,0,0,0,0,0,0,0,0,0,0,1
334,18,16,0,0,0,0,0,1,0,0,0,0,0,0,0,0,0,0
335,18,6,0,0,0,0,0,0,0,0,0,0,0,0,0,0,0,1
336,18,16,0,0,0,0,0,1,0,0,0,0,0,0,0,0,0,0
337,18,6,0,0,0,0,0,0,0,0,0,0,0,0,0,0,0,1
338,18,16,0,0,0,0,0,1,0,0,0,0,0,0,0,0,0,0
339,18,6,0,0,0,0,0,0,0,0,0,0,0,0,0,0,0,1
340,18,16,0,0,0,0,0,1,0,0,0,0,0,0,0,0,0,0
341,18,6,0,0,0,0,0,0,0,0,0,0,0,0,0,0,0,1
342,18,16,0,0,0,0,0,1,0,0,0,0,0,0,0,0,0,0
343,18,6,0,0,0,0,0,0,0,0,0,0,0,0,0,0,0,1
344,18,16,0,0,0,0,0,0,0,0,0,0,1,0,0,0,0,0
345,18,11,0,0,0,0,0,0,0,0,0,0,0,0,0,0,0,1
346,18,16,0,0,0,0,0,0,0,0,0,0,1,0,0,0,0,0
347,18,11,0,0,0,0,0,0,0,0,0,0,0,0,0,0,0,1
348,18,16,0,0,0,0,0,0,0,0,0,0,1,0,0,0,0,0
349,18,11,0,0,0,0,0,0,0,0,0,0,0,0,0,0,0,1
350,18,13,0,0,0,0,0,0,0,0,0,0,1,0,0,0,0,0
351,18,10,0,0,0,0,0,0,0,0,0,0,1,0,0,0,0,1
352,18,10,0,0,0,0,0,0,0,0,0,0,0,0,0,0,0,1
353,18,16,0,0,0,0,0,0,0,0,0,1,0,0,0,0,0,0
354,18,10,0,0,0,0,0,0,0,0,0,0,0,0,0,0,0,1
355,18,11,0,0,0,0,0,0,0,0,0,1,0,0,0,0,0,0
356,18,16,0,0,0,0,0,0,0,0,0,1,0,0,0,0,0,0
357,18,10,0,0,0,0,0,0,0,0,0,0,1,0,0,0,0,1
358,19,1,0,0,0,0,0,1,0,0,0,0,0,0,0,0,0,0
359,19,6,1,0,0,0,0,0,0,0,0,0,0,0,0,0,0,0
360,19,1,0,0,0,0,0,1,0,0,0,0,0,0,0,0,0,0
361,19,6,1,0,0,0,0,0,0,0,0,0,0,0,0,0,0,0
362,19,1,0,0,0,0,0,1,0,0,0,0,0,0,0,0,0,0
363,19,6,1,0,0,0,0,0,0,0,0,0,0,0,0,0,0,0
364,19,1,0,0,0,0,0,1,0,0,0,0,0,0,0,0,0,0
365,20,9,0,0,0,0,0,0,0,1,0,1,0,0,0,0,0,1
366,20,10,0,0,0,0,0,0,0,0,1,0,0,0,0,0,0,1
367,20,16,0,0,0,0,0,0,0,1,1,1,0,0,0,0,0,0
368,20,10,0,0,0,0,0,0,0,1,1,0,0,0,0,0,0,0
369,20,9,0,0,0,0,0,0,0,1,0,1,0,0,0,0,0,1
370,20,16,0,0,0,0,0,0,0,0,1,0,0,0,0,0,0,0
371,20,9,0,0,0,0,0,0,0,0,0,0,0,0,0,0,0,1
372,20,16,0,0,0,0,0,0,0,0,1,0,0,0,0,0,0,0
373,20,8,0,0,0,0,0,0,0,0,0,0,0,0,0,0,0,1
374,20,10,0,0,0,0,0,0,0,1,1,0,0,0,0,0,0,1
375,20,9,0,0,0,0,0,0,0,0,0,1,0,0,0,0,0,0
376,20,16,0,0,0,0,0,0,0,0,1,0,0,0,0,0,0,0
377,20,8,0,0,0,0,0,0,0,0,0,0,0,0,0,0,0,1
378,20,16,0,0,0,0,0,0,0,1,0,0,0,0,0,0,0,0
379,20,9,0,0,0,0,0,0,0,1,0,1,0,0,0,0,0,1
380,20,11,0,0,0,0,0,0,0,0,1,0,0,0,0,0,0,0
381,20,11,0,1,0,0,0,0,0,0,0,0,0,0,0,0,0,0
382,20,11,0,0,0,0,0,0,0,0,1,0,0,0,0,0,0,0
383,20,11,0,0,0,0,0,0,0,0,0,0,0,0,0,0,0,1
384,20,11,0,0,1,0,0,0,0,1,1,1,0,0,0,0,0,1
385,20,11,0,0,1,0,0,0,0,0,0,0,0,0,0,0,0,0
386,20,3,0,0,0,0,0,0,0,0,0,0,1,0,0,0,0,0
387,20,11,0,0,1,0,0,0,0,0,0,0,0,0,0,0,0,0
388,20,11,0,0,1,0,0,0,0,1,1,1,0,0,0,0,0,1
389,20,3,0,0,0,0,0,0,0,0,0,0,1,0,0,0,0,0
390,20,11,0,0,1,0,0,0,0,0,0,0,0,0,0,0,0,0
391,20,11,0,0,1,0,0,0,0,1,1,1,0,0,0,0,0,1
392,20,10,0,0,0,0,0,0,0,0,0,0,1,0,0,0,0,0
393,20,9,0,0,0,0,0,0,0,0,0,1,0,0,0,0,0,0
394,20,11,0,0,0,0,0,0,0,0,1,1,0,0,0,0,0,0
395,20,9,0,0,0,0,0,0,0,0,0,0,1,0,0,0,0,0
396,20,11,0,0,0,0,0,0,0,0,1,0,0,0,0,0,0,0
397,20,10,0,0,1,0,0,0,0,0,0,0,0,0,0,0,0,0
398,20,11,0,0,0,0,0,0,0,0,1,0,0,0,0,0,0,0
399,20,9,0,0,0,0,0,0,0,0,0,0,1,0,0,0,0,0
400,20,1,0,0,0,0,0,0,0,0,0,0,1,0,0,0,0,0
401,20,10,1,0,0,0,0,0,0,0,1,0,0,0,0,0,0,0
402,20,1,0,0,0,0,0,0,0,0,1,1,0,0,0,0,0,0
403,20,16,1,0,0,0,0,0,0,0,0,0,0,0,0,0,0,0
404,20,10,1,0,1,0,0,0,0,1,1,0,1,0,0,0,0,1
405,20,11,0,0,0,0,0,0,0,0,1,0,0,0,0,0,0,0
406,20,9,0,0,0,0,0,0,0,0,0,0,1,0,0,0,0,0
407,21,9,0,0,0,0,0,0,0,0,0,0,1,0,0,0,0,0
408,21,11,0,0,0,0,0,0,0,0,1,0,0,0,0,0,0,0
409,21,9,0,0,0,0,0,0,0,0,0,0,1,0,0,0,0,0
410,21,11,0,0,0,0,0,0,0,0,1,0,0,0,0,0,0,0
411,21,9,0,0,0,0,0,0,0,0,0,0,1,0,0,0,0,0
412,21,11,0,0,0,0,0,0,0,0,1,0,0,0,0,0,0,0
413,21,9,0,0,0,0,0,0,0,0,0,0,1,0,0,0,0,0
414,21,11,0,0,0,0,0,0,0,0,1,0,0,0,0,0,0,0
415,21,10,0,0,0,0,0,0,0,0,0,0,1,0,0,0,0,0
416,21,11,0,0,0,0,0,0,0,0,0,1,0,0,0,0,0,0
417,21,11,0,0,0,0,0,0,0,0,1,0,0,0,0,0,0,0
418,21,10,0,0,0,0,0,0,0,0,0,0,1,0,0,0,0,0
419,21,11,0,0,0,0,0,0,0,0,0,1,0,0,0,0,0,0
420,21,10,0,0,0,0,0,0,0,0,0,0,1,0,0,0,0,0
421,21,10,0,0,0,0,0,0,0,0,1,0,0,0,0,0,0,0
422,21,9,0,0,0,0,0,0,0,0,0,1,1,0,0,0,0,0
423,21,11,0,0,0,0,0,0,0,0,1,0,0,0,0,0,0,0
424,21,10,0,0,0,0,0,0,0,0,0,0,1,0,0,0,0,0
425,21,11,0,0,0,0,0,0,0,0,0,1,0,0,0,0,0,0
426,21,10,0,0,0,0,0,0,0,0,0,0,1,0,0,0,0,0
427,21,11,0,0,0,0,0,0,0,0,0,1,0,0,0,0,0,0
428,21,11,0,0,0,0,0,0,0,0,1,0,0,0,0,0,0,0
429,21,9,0,0,0,0,0,0,0,0,0,0,1,0,0,0,0,0
430,21,10,0,0,0,0,0,0,0,0,1,0,0,0,0,0,0,0
431,21,9,0,0,0,0,0,0,0,0,0,1,0,0,0,0,0,0
432,21,10,0,0,0,0,0,0,0,0,1,0,0,0,0,0,0,0
433,21,9,0,0,0,0,0,0,0,0,0,0,1,0,0,0,0,0
434,21,9,0,0,0,0,0,0,0,0,0,1,1,0,0,0,0,0
435,21,10,0,0,0,0,0,0,0,0,1,0,0,0,0,0,0,0
436,21,9,0,0,0,0,0,0,0,0,0,1,1,0,0,0,0,0
437,21,11,0,0,0,0,0,0,0,0,1,0,0,0,0,0,0,0
438,21,11,0,0,0,0,0,0,0,0,0,1,0,0,0,0,0,0
439,21,9,0,0,0,0,0,0,0,0,0,1,1,0,0,0,0,0
440,21,11,0,0,0,0,0,0,0,0,1,0,0,0,0,0,0,0
441,21,10,0,0,0,0,0,0,0,0,0,0,1,0,0,0,0,0
442,21,11,0,0,0,0,0,0,0,0,1,1,0,0,0,0,0,0
443,21,10,0,0,0,0,0,0,0,0,0,0,1,0,0,0,0,0
444,21,11,0,0,0,0,0,0,0,0,0,1,0,0,0,0,0,0
445,21,10,0,0,0,0,0,0,0,0,1,0,1,0,0,0,0,0
446,21,11,0,0,0,0,0,0,0,0,0,1,0,0,0,0,0,0
447,21,10,0,0,0,0,0,0,0,0,0,0,1,0,0,0,0,0
448,21,11,0,0,0,0,0,0,0,0,0,1,0,0,0,0,0,0
449,21,9,0,0,0,0,0,0,0,0,0,1,0,0,0,0,0,0
450,21,10,0,0,0,0,0,0,0,0,1,0,1,0,0,0,0,0
451,22,11,0,0,0,0,0,0,0,0,1,0,0,0,0,0,0,0
452,22,9,0,0,0,0,0,0,0,0,0,0,1,0,0,0,0,0
453,22,11,0,0,0,0,0,0,0,0,1,0,0,0,0,0,0,0
454,22,9,0,0,0,0,0,0,0,0,0,0,1,0,0,0,0,0
455,22,11,0,0,0,0,0,0,0,0,1,0,0,0,0,0,0,0
456,22,9,0,0,0,0,0,0,0,0,0,0,1,0,0,0,0,0
457,22,11,0,0,0,0,0,0,0,0,1,0,0,0,0,0,0,0
458,22,9,0,0,0,0,0,0,0,0,0,0,1,0,0,0,0,0
459,22,11,0,0,0,0,0,0,0,0,1,0,0,0,0,0,0,0
460,22,9,0,0,0,0,0,0,0,0,0,0,1,0,0,0,0,0
461,22,11,0,0,0,0,0,0,0,0,1,0,0,0,0,0,0,0
462,22,9,0,0,0,0,0,0,0,0,0,0,1,0,0,0,0,0
463,22,11,0,0,0,0,0,0,0,0,1,0,0,0,0,0,0,0
464,22,9,0,0,0,0,0,0,0,0,0,0,1,0,0,0,0,0
465,22,11,0,0,0,0,0,0,0,0,1,0,0,0,0,0,0,0
466,23,2,0,0,0,0,0,0,0,0,0,0,0,0,0,0,0,1
467,23,16,0,1,0,0,0,0,0,0,0,0,0,0,0,0,0,0
468,23,2,0,0,0,0,0,0,0,0,0,0,0,0,0,0,0,1
469,23,16,0,1,0,0,0,0,0,0,0,0,0,0,0,0,0,0
470,23,2,0,0,0,0,0,0,0,0,0,0,0,0,0,0,0,1
471,23,16,0,1,0,0,0,0,0,0,0,0,0,0,0,0,0,0
472,23,2,0,0,0,0,0,0,0,0,0,0,0,0,0,0,0,1
473,23,16,0,1,0,0,0,0,0,0,0,0,0,0,0,0,0,0
474,23,16,0,1,0,0,0,0,0,0,0,0,0,0,0,0,0,0
475,23,1,0,0,0,0,0,0,0,0,0,0,0,0,0,0,0,1
476,23,16,1,0,0,0,0,0,0,0,0,0,0,0,0,0,0,0
477,23,1,0,0,0,0,0,0,0,0,0,0,0,0,0,0,0,1
478,23,16,1,0,0,0,0,0,0,0,0,0,0,0,0,0,0,0
479,23,1,0,0,0,0,0,0,0,0,0,0,0,0,0,0,0,1
480,23,16,1,0,0,0,0,0,0,0,0,0,0,0,0,0,0,0
481,23,1,0,0,0,0,0,0,0,0,0,0,0,0,0,0,0,1
482,24,6,0,0,0,0,0,0,0,1,0,0,0,0,0,0,0,0
483,24,8,0,0,0,0,0,1,0,0,0,0,0,0,0,0,0,0
484,24,6,0,0,0,0,0,0,0,1,0,0,0,0,0,0,0,0
485,24,8,0,0,0,0,0,1,0,0,0,0,0,0,0,0,0,0
486,24,6,0,0,0,0,0,0,0,1,0,0,0,0,0,0,0,0
487,24,8,0,0,0,0,0,1,0,0,0,0,0,0,0,0,0,0
488,24,6,0,0,0,0,0,0,0,1,0,0,0,0,0,0,0,0
489,24,8,0,0,0,0,0,1,0,0,0,0,0,0,0,0,0,0
490,24,6,0,0,0,0,0,0,0,1,0,0,0,0,0,0,0,0
491,24,8,0,0,0,0,0,1,0,0,0,0,0,0,0,0,0,0
492,24,6,0,0,0,0,0,0,0,1,0,0,0,0,0,0,0,0
493,24,8,0,0,0,0,0,1,0,0,0,0,0,0,0,0,0,0
494,24,6,0,0,0,0,0,0,0,1,0,0,0,0,0,0,0,0
495,24,8,0,0,0,0,0,1,0,0,0,0,0,0,0,0,0,0
496,24,6,0,0,0,0,0,0,0,1,0,0,0,0,0,0,0,0
497,24,8,0,0,0,0,0,1,0,0,0,0,0,0,0,0,0,0
498,24,6,0,0,0,0,0,0,0,1,0,0,0,0,0,0,0,0
499,24,8,0,0,0,0,0,1,0,0,0,0,0,0,0,0,0,0
500,24,6,0,0,0,0,0,0,0,1,0,0,0,0,0,0,0,0
501,24,8,0,0,0,0,0,1,0,0,0,0,0,0,0,0,0,0
502,24,6,0,0,0,0,0,0,0,1,0,0,0,0,0,0,0,0
503,24,8,0,0,0,0,0,1,0,0,0,0,0,0,0,0,0,0
504,25,1,0,0,0,0,0,0,0,0,0,0,1,0,0,0,0,0
505,25,11,1,0,0,0,0,0,0,0,0,0,0,0,0,0,0,0
506,25,1,0,0,0,0,0,0,0,0,0,0,1,0,0,0,0,0
507,25,9,1,0,0,0,0,0,0,0,0,0,0,0,0,0,0,0
508,25,11,1,0,0,0,0,0,0,0,0,0,0,0,0,0,0,0
509,25,10,0,0,0,0,0,0,0,0,1,0,1,0,0,0,0,0
510,25,1,0,0,0,0,0,0,0,0,0,1,0,0,0,0,0,0
511,25,11,1,0,0,0,0,0,0,0,0,0,0,0,0,0,0,0
512,25,10,1,0,0,0,0,0,0,0,0,0,0,0,0,0,0,0
513,25,9,0,0,0,0,0,0,0,1,0,0,0,0,0,0,0,0
514,25,8,0,0,0,0,0,0,0,0,1,0,0,0,0,0,0,0
515,25,9,0,0,0,0,0,0,0,1,0,0,0,0,0,0,0,0
516,25,8,0,0,0,0,0,0,0,0,1,0,0,0,0,0,0,0
517,25,9,0,0,0,0,0,0,0,1,0,0,0,0,0,0,0,0
518,25,8,0,0,0,0,0,0,0,0,1,0,0,0,0,0,0,0
519,25,9,0,0,0,0,0,0,0,1,0,0,0,0,0,0,0,0
520,25,9,1,0,0,0,0,0,0,1,0,0,0,0,0,0,0,0
521,25,1,0,0,0,0,0,0,0,0,1,0,0,0,0,0,0,0
522,25,16,1,0,0,0,0,0,0,0,0,0,0,0,0,0,0,0
523,25,1,0,0,0,0,0,0,0,0,1,1,1,0,0,0,0,0
524,25,16,1,0,0,0,0,0,0,0,0,0,0,0,0,0,0,0
525,25,1,0,0,0,0,0,0,0,0,0,0,0,0,0,0,0,1
526,25,1,0,0,0,0,0,0,0,0,1,1,1,0,0,0,0,0
527,25,10,1,0,0,0,0,0,0,0,0,0,0,0,0,0,0,0
528,25,16,1,0,0,0,0,0,0,0,0,0,0,0,0,0,0,0
529,25,10,0,0,0,0,0,0,0,0,0,0,0,0,0,0,0,1
530,25,1,0,0,0,0,0,0,0,0,0,0,0,0,0,0,0,1
531,25,11,1,0,0,0,0,0,0,0,0,0,0,0,0,0,0,0
532,25,1,0,0,0,0,0,0,0,0,0,0,1,0,0,0,0,0
533,25,10,1,0,0,0,0,0,0,0,0,0,0,0,0,0,0,0
534,25,11,0,0,0,0,0,0,0,0,0,1,0,0,0,0,0,0
535,25,10,0,0,0,0,0,0,0,0,0,0,1,0,0,0,0,0
536,25,16,1,0,0,0,0,0,0,0,0,0,0,0,0,0,0,0
537,25,1,0,0,0,0,0,0,0,0,0,0,0,0,0,0,0,1
538,25,11,1,0,0,0,0,0,0,0,0,0,0,0,0,0,0,0
539,25,16,1,0,0,0,0,0,0,0,0,0,0,0,0,0,0,0
540,25,1,0,0,0,0,0,0,0,0,0,0,1,0,0,0,0,0
541,25,8,0,0,0,0,0,0,0,0,1,1,1,0,0,0,0,1
542,25,9,0,0,0,0,0,0,0,1,0,0,0,0,0,0,0,0
543,25,8,0,0,0,0,0,0,0,0,1,0,0,0,0,0,0,0
544,26,16,1,0,0,0,0,0,0,0,0,0,0,0,0,0,0,0
545,26,9,1,0,0,0,0,0,0,0,0,0,0,0,0,0,0,1
546,26,1,0,0,0,0,0,0,0,0,1,0,0,0,0,0,0,0
547,26,11,1,0,0,0,0,0,0,0,0,0,0,0,0,0,0,0
548,26,10,0,0,0,0,0,0,0,0,0,0,1,0,0,0,0,0
549,26,11,0,0,0,0,0,0,0,0,0,1,0,0,0,0,0,0
550,26,10,0,0,0,0,0,0,0,0,0,0,1,0,0,0,0,0
551,26,11,0,0,0,0,0,0,0,0,0,1,0,0,0,0,0,0
552,26,10,0,0,0,0,0,0,0,0,0,0,1,0,0,0,0,0
553,26,11,0,0,0,0,0,0,0,0,0,1,0,0,0,0,0,0
554,26,10,0,0,0,0,0,0,0,0,0,0,1,0,0,0,0,0
555,26,11,0,0,0,0,0,0,0,0,0,1,0,0,0,0,0,0
556,26,10,0,0,0,0,0,0,0,0,0,0,1,0,0,0,0,0
557,26,16,0,0,0,0,0,0,0,0,0,1,1,0,0,0,0,0
558,26,1,0,0,0,0,0,0,0,1,0,0,0,0,0,0,0,0
559,26,9,1,0,0,0,0,0,0,0,0,0,0,0,0,0,0,0
560,26,1,0,0,0,0,0,0,0,0,1,0,0,0,0,0,0,0
561,26,9,1,0,0,0,0,0,0,0,0,0,0,0,0,0,0,0
562,26,9,1,0,0,0,0,0,0,1,0,0,0,0,0,0,0,0
563,26,10,0,0,0,0,0,0,0,0,1,0,0,0,0,0,0,0
564,26,9,1,0,0,0,0,0,0,1,0,1,1,0,0,0,0,1
565,26,16,0,0,0,0,0,0,0,0,1,0,0,0,0,0,0,0
566,26,11,0,0,0,0,0,0,0,0,0,0,0,0,0,0,0,1
567,26,16,0,0,0,0,0,0,0,0,0,1,1,0,0,0,0,0
568,26,10,0,0,0,0,0,0,0,0,0,0,1,0,0,0,0,0
569,26,11,0,0,0,0,0,0,0,0,0,1,0,0,0,0,0,0
570,26,10,0,0,0,0,0,0,0,0,0,0,1,0,0,0,0,0
571,26,11,0,0,0,0,0,0,0,0,0,1,0,0,0,0,0,0
572,26,10,0,0,0,0,0,0,0,0,0,0,1,0,0,0,0,0
573,27,10,0,0,0,0,0,0,0,0,0,0,1,0,0,0,0,0
574,27,11,0,0,0,0,0,0,0,0,0,1,0,0,0,0,0,0
575,27,1,0,0,1,0,0,0,0,0,0,0,0,0,0,0,0,0
576,27,3,1,0,0,0,0,0,0,0,0,0,0,0,0,0,0,0
577,27,1,0,0,0,0,0,0,0,0,0,0,1,0,0,0,0,0
578,27,11,1,0,0,0,0,0,0,0,0,0,0,0,0,0,0,0
579,27,1,0,1,0,0,0,0,0,0,0,0,0,0,0,0,0,0
580,27,1,0,0,0,0,0,0,0,1,0,0,0,0,0,0,0,0
581,27,8,1,0,0,0,0,0,0,0,0,0,0,0,0,0,0,0
582,27,8,0,0,0,0,0,0,0,0,1,0,0,0,0,0,0,0
583,28,11,0,0,0,0,0,0,0,0,0,1,0,0,0,0,0,0
584,29,8,0,0,0,0,0,0,0,0,1,0,0,0,0,0,0,0
585,29,8,0,0,0,0,0,0,0,0,1,0,0,0,0,0,0,0
586,29,9,0,0,0,0,0,0,0,1,0,0,0,0,0,0,0,0
587,29,8,0,0,0,0,0,0,0,0,1,0,0,0,0,0,0,0
588,30,10,0,0,0,0,0,0,0,0,0,0,1,0,0,0,0,0
589,30,11,0,0,0,0,0,0,0,0,0,1,0,0,0,0,0,0
590,30,11,0,0,0,0,0,0,0,0,0,1,0,0,0,0,0,0
591,30,10,0,0,0,0,0,0,0,0,0,0,1,0,0,0,0,0
592,30,11,0,0,0,0,0,0,0,0,0,1,0,0,0,0,0,0
593,31,16,0,0,0,0,0,0,0,0,1,0,0,0,0,0,0,0
594,32,10,0,0,0,0,0,0,0,0,0,0,1,0,0,0,0,0
595,32,11,0,0,0,0,0,0,0,0,0,1,0,0,0,0,0,0
596,32,10,0,0,0,0,0,0,0,0,0,0,1,0,0,0,0,0
597,32,11,0,0,0,0,0,0,0,0,0,1,0,0,0,0,0,0
598,32,10,0,0,0,0,0,0,0,0,0,0,1,0,0,0,0,0
599,32,11,0,0,0,0,0,0,0,0,0,1,0,0,0,0,0,0
600,33,1,0,0,1,0,0,0,0,0,0,0,0,0,0,0,0,0
601,34,3,1,0,0,0,0,0,0,0,0,0,0,0,0,0,0,0
602,34,1,0,0,1,0,0,0,0,0,0,0,0,0,0,0,0,0
603,35,1,0,0,0,0,0,0,0,1,0,0,0,0,0,0,0,0
604,35,8,1,0,0,0,0,0,0,0,0,0,0,0,0,0,0,0
605,36,1,0,0,0,0,0,0,0,0,0,0,1,0,0,0,0,0
606,36,11,1,0,0,0,0,0,0,0,0,0,0,0,0,0,0,0
607,37,6,0,0,0,0,0,0,0,0,0,0,0,0,0,0,0,1
608,38,6,0,0,0,0,0,0,0,0,0,0,0,0,0,0,0,1
609,38,2,0,0,0,0,0,1,0,0,0,0,0,0,0,0,0,0
610,39,5,0,0,0,0,0,0,0,1,0,0,0,0,0,0,0,0
611,40,2,0,0,0,0,0,1,0,0,0,0,0,0,0,0,0,0
612,40,6,0,1,0,0,0,0,0,0,0,0,0,0,0,0,0,0
613,40,2,0,0,0,0,0,1,0,0,0,0,0,0,0,0,0,0
614,40,6,0,1,0,0,0,0,0,0,0,0,0,0,0,0,0,0
615,40,2,0,0,0,0,0,1,0,0,0,0,0,0,0,0,0,0
616,40,6,0,1,0,0,0,0,0,0,0,0,0,0,0,0,0,0
617,41,11,0,0,0,0,0,0,0,0,0,1,0,0,0,0,0,0
618,41,10,0,0,0,0,0,0,0,0,0,0,1,0,0,0,0,0
619,41,11,0,0,0,0,0,0,0,0,0,1,0,0,0,0,0,0
620,42,2,1,0,0,0,0,0,0,0,0,0,0,0,0,0,0,0
621,42,1,0,1,0,0,0,0,0,0,0,0,0,0,0,0,0,0
622,42,2,1,0,0,0,0,0,0,0,0,0,0,0,0,0,0,0
623,42,1,0,1,0,0,0,0,0,0,0,0,0,0,0,0,0,0
624,42,2,1,0,0,0,0,0,0,0,0,0,0,0,0,0,0,0
625,42,1,0,0,1,0,0,0,0,1,0,1,1,0,0,0,0,0
626,43,1,0,0,0,0,0,0,0,0,0,1,0,0,0,0,0,0
627,43,1,0,0,0,0,0,0,0,0,0,1,1,0,0,0,0,0
628,44,8,0,0,0,0,1,0,0,0,0,0,0,0,0,0,0,0
629,44,5,0,0,0,0,0,0,0,1,0,0,0,0,0,0,0,0
630,44,5,0,0,0,0,0,0,0,1,0,0,0,0,0,0,0,0
631,44,8,0,0,0,0,1,0,0,0,0,0,0,0,0,0,0,0
632,44,5,0,0,0,0,0,0,0,1,0,0,0,0,0,0,0,0
633,44,8,0,0,0,0,1,0,0,0,0,0,0,0,0,0,0,0
634,44,5,0,0,0,0,0,0,0,1,0,0,0,0,0,0,0,0
635,44,8,0,0,0,0,1,0,0,0,0,0,0,0,0,0,0,0
636,44,5,0,0,0,0,0,0,0,1,0,0,0,0,0,0,0,0
637,44,8,0,0,0,0,1,0,0,0,0,0,0,0,0,0,0,0
638,44,5,0,0,0,0,0,0,0,1,0,0,0,0,0,0,0,0
639,44,8,0,0,0,0,1,0,0,0,0,0,0,0,0,0,0,0
640,44,5,0,0,0,0,0,0,0,1,0,0,0,0,0,0,0,0
641,44,8,0,0,0,0,1,0,0,0,0,0,0,0,0,0,0,0
642,44,5,0,0,0,0,0,0,0,1,0,0,0,0,0,0,0,0
643,44,8,0,0,0,0,1,0,0,0,0,0,0,0,0,0,0,0
644,44,5,0,0,0,0,0,0,0,1,0,0,0,0,0,0,0,0
645,44,8,0,0,0,0,1,0,0,0,0,0,0,0,0,0,0,0
646,44,5,0,0,0,0,0,0,0,1,0,0,0,0,0,0,0,0
647,44,8,0,0,0,0,1,0,0,0,0,0,0,0,0,0,0,0
648,44,5,0,0,0,0,0,0,0,1,0,0,0,0,0,0,0,0
649,44,8,0,0,0,0,1,0,0,0,0,0,0,0,0,0,0,0
650,45,10,0,0,0,0,0,0,0,0,0,0,1,0,0,0,0,0
651,45,11,0,0,0,0,0,0,0,0,0,1,0,0,0,0,0,0
652,45,10,0,0,0,0,0,0,0,0,0,0,1,0,0,0,0,0
653,45,11,0,0,0,0,0,0,0,0,0,1,0,0,0,0,0,0
654,45,10,0,0,0,0,0,0,0,0,0,0,1,0,0,0,0,0
655,45,11,0,0,0,0,0,0,0,0,0,1,0,0,0,0,0,0
656,45,10,0,0,0,0,0,0,0,0,0,0,1,0,0,0,0,0
657,45,11,0,0,0,0,0,0,0,0,0,1,0,0,0,0,0,0
658,45,10,0,0,0,0,0,0,0,0,0,0,1,0,0,0,0,0
659,45,11,0,0,0,0,0,0,0,0,0,1,0,0,0,0,0,0
660,45,10,0,0,0,0,0,0,0,0,0,0,1,0,0,0,0,0
661,45,11,0,0,0,0,0,0,0,0,0,1,0,0,0,0,0,0
662,45,10,0,0,0,0,0,0,0,0,0,0,1,0,0,0,0,0
663,45,11,0,0,0,0,0,0,0,0,0,1,0,0,0,0,0,0
664,45,10,0,0,0,0,0,0,0,0,0,0,1,0,0,0,0,0
665,45,11,0,0,0,0,0,0,0,0,0,1,0,0,0,0,0,0
666,45,10,0,0,0,0,0,0,0,0,0,0,1,0,0,0,0,0
667,45,11,0,0,0,0,0,0,0,0,0,1,0,0,0,0,0,0
668,45,10,0,0,0,0,0,0,0,0,0,0,1,0,0,0,0,0
669,45,11,0,0,0,0,0,0,0,0,0,1,0,0,0,0,0,0
670,46,10,0,0,0,0,0,0,0,1,0,0,0,0,0,0,0,0
671,46,8,0,0,0,0,0,0,0,0,0,1,0,0,0,0,0,0
672,46,10,0,0,0,0,0,0,0,1,0,0,0,0,0,0,0,0
673,46,5,0,0,0,0,0,0,0,0,0,1,0,0,0,0,0,0
674,46,10,0,0,0,0,1,0,0,0,0,0,0,0,0,0,0,0
675,46,5,0,0,0,0,0,0,0,0,0,1,0,0,0,0,0,0
676,46,10,0,0,0,0,1,0,0,0,0,0,0,0,0,0,0,0
677,47,3,1,0,0,0,0,0,0,0,0,0,0,0,0,0,0,0
678,47,1,0,0,1,0,0,0,0,0,0,0,0,0,0,0,0,0
679,47,3,1,0,0,0,0,0,0,0,0,0,0,0,0,0,0,0
680,47,1,0,0,1,0,0,0,0,0,0,0,0,0,0,0,0,0
681,47,1,0,0,1,0,0,0,0,0,0,0,0,0,0,0,0,0
682,47,3,1,0,0,0,0,0,0,0,0,0,0,0,0,0,0,0
683,48,13,0,0,0,0,0,0,0,0,0,0,1,0,0,0,0,0
684,48,11,0,0,0,1,0,0,0,0,0,0,0,0,0,0,0,0
685,48,4,0,0,0,0,0,0,0,0,0,0,1,0,0,0,0,0
686,48,13,0,0,0,0,0,0,0,0,0,0,1,0,0,0,0,0
687,48,11,0,0,0,0,0,0,0,0,0,0,0,0,1,0,0,0
688,48,13,0,0,0,0,0,0,0,0,0,0,1,0,0,0,0,0
689,48,11,0,0,0,0,0,0,0,0,0,0,0,0,1,0,0,0
690,48,6,0,0,0,0,0,0,0,0,0,0,1,0,0,0,0,0
691,48,11,0,0,0,0,0,1,0,0,0,0,0,0,0,0,0,0
692,48,6,0,0,0,0,0,0,0,0,0,0,1,0,0,0,0,0
693,48,11,0,0,0,0,0,1,0,0,0,0,0,0,0,0,0,0
694,48,6,0,0,0,0,0,0,0,0,0,0,1,0,0,0,0,0
695,48,11,0,0,0,0,0,1,0,0,0,0,0,0,0,0,0,0
696,48,6,0,0,0,0,0,0,0,0,0,0,1,0,0,0,0,0
697,48,11,0,0,0,0,0,1,0,0,0,0,0,0,0,0,0,0
698,48,6,0,0,0,0,0,0,0,0,0,0,1,0,0,0,0,0
699,48,11,0,0,0,0,0,1,0,0,0,0,0,0,0,0,0,0
700,48,6,0,0,0,0,0,0,0,0,0,0,1,0,0,0,0,0
701,48,11,0,0,0,0,0,1,0,0,0,0,0,0,0,0,0,0
702,48,6,0,0,0,0,0,0,0,0,0,0,1,0,0,0,0,0
703,48,11,0,0,0,0,0,1,0,0,0,0,0,0,0,0,0,0
704,48,6,0,0,0,0,0,0,0,0,0,0,1,0,0,0,0,0
705,48,11,0,0,0,0,0,1,0,0,0,0,0,0,0,0,0,0
706,48,6,0,0,0,0,0,0,0,0,0,0,1,0,0,0,0,0
707,48,6,0,0,0,0,0,0,0,0,0,0,1,0,0,0,0,0
708,48,11,0,0,0,0,0,1,0,0,0,0,0,0,0,0,0,0
709,48,11,0,0,0,0,0,0,0,0,0,0,0,0,1,0,0,0
710,48,6,0,0,0,0,0,0,0,0,0,0,1,0,0,0,0,0
711,48,11,0,0,0,0,0,0,0,0,0,0,0,0,1,0,0,0
712,48,11,0,0,0,0,0,1,0,0,0,0,0,0,0,0,0,0
713,49,16,0,0,0,0,0,1,0,0,0,0,0,0,0,0,0,0
714,49,6,0,0,0,0,0,0,0,0,0,0,0,0,0,0,0,1
715,49,16,0,0,0,0,0,1,0,0,0,0,0,0,0,0,0,0
716,50,8,0,0,0,0,0,0,0,0,0,0,1,0,0,0,0,0
717,50,11,0,0,0,0,0,0,0,1,0,0,0,0,0,0,0,0
718,50,13,0,0,0,0,0,0,0,0,0,0,1,0,0,0,0,0
719,50,11,0,0,0,0,0,0,0,0,0,0,0,0,1,0,0,0
720,50,5,0,0,0,0,0,0,0,1,0,0,0,0,0,0,0,0
721,50,8,0,0,0,0,1,0,0,0,0,0,0,0,0,0,0,0
722,50,10,0,0,0,0,1,0,0,1,0,0,0,0,0,0,0,0
723,50,10,0,0,0,0,0,0,0,0,0,0,1,0,0,0,0,0
724,50,11,0,0,0,0,0,0,0,0,0,1,0,0,0,0,0,0
725,50,10,0,0,0,0,0,0,0,0,0,0,1,0,0,0,0,0
726,50,11,0,0,0,0,0,0,0,0,0,1,0,0,0,0,0,0
727,50,11,0,0,0,0,0,0,0,0,0,0,0,0,1,0,0,0
728,51,16,0,0,0,0,0,1,0,0,0,0,0,0,0,0,0,0
729,51,6,0,0,0,0,0,0,0,0,0,0,0,0,0,0,0,1
730,51,16,0,0,0,0,0,1,0,0,0,0,0,0,0,0,0,0
731,51,6,0,0,0,0,0,0,0,0,0,0,0,0,0,0,0,1
732,52,5,0,0,0,0,0,0,0,0,0,1,0,0,0,0,0,0
733,52,10,0,0,0,0,1,0,0,1,0,0,0,0,0,0,0,0
734,52,8,0,0,0,0,0,0,0,0,0,1,0,0,0,0,0,0
735,52,10,0,0,0,0,1,0,0,1,0,0,0,0,0,0,0,0
736,52,5,0,0,0,0,0,0,0,0,0,1,0,0,0,0,0,0
737,52,8,0,0,0,0,1,0,0,0,0,0,0,0,0,0,0,0
738,52,5,0,0,0,0,0,0,0,1,0,0,0,0,0,0,0,0
739,52,11,0,0,0,0,1,0,0,1,0,1,0,0,0,0,0,0
740,52,10,0,0,0,0,0,0,0,0,0,0,0,0,0,0,0,1
741,52,16,0,0,0,0,0,0,0,0,0,1,0,0,0,0,0,0
742,52,11,0,0,0,0,1,0,0,1,0,1,0,0,0,0,0,0
743,52,8,0,0,0,0,1,0,0,0,0,1,0,0,0,0,0,1
744,52,10,0,0,0,0,0,0,0,1,0,0,0,0,0,0,0,0
745,52,16,0,0,0,0,0,0,0,0,0,1,0,0,0,0,0,0
746,52,5,0,0,0,0,0,0,0,0,0,0,0,0,0,0,0,1
747,52,10,0,0,0,0,1,0,0,0,0,0,0,0,0,0,0,0
748,52,10,0,0,0,0,1,0,0,1,0,0,0,0,0,0,0,1
749,52,9,0,0,0,0,1,0,0,1,0,1,0,0,0,0,0,1
750,52,8,0,0,0,0,0,0,0,0,1,0,0,0,0,0,0,0
751,52,9,0,0,0,0,0,0,0,1,0,0,0,0,0,0,0,0
752,52,8,0,0,0,0,0,0,0,0,1,0,0,0,0,0,0,0
753,52,10,0,0,0,0,0,0,0,0,0,0,1,0,0,0,0,0
754,52,11,0,0,0,0,0,0,0,0,0,1,0,0,0,0,0,0
755,52,10,0,0,0,0,0,0,0,0,0,0,1,0,0,0,0,0
756,52,11,0,0,0,0,1,0,0,1,0,1,0,0,0,0,0,1
757,52,8,0,0,0,0,1,0,0,0,1,1,1,0,0,0,0,1
758,52,10,0,0,0,0,0,0,0,0,1,0,0,0,0,0,0,0
759,52,9,0,0,0,0,0,0,0,0,0,1,0,0,0,0,0,0
760,52,8,0,0,0,0,1,0,0,0,1,1,1,0,0,0,0,1
761,52,11,0,0,0,0,0,0,0,0,0,1,0,0,0,0,0,0
762,52,10,0,0,0,0,1,0,0,1,1,0,1,0,0,0,0,1
763,52,10,0,0,0,0,1,0,0,0,0,0,0,0,0,0,0,0
764,52,10,0,0,0,0,0,0,0,0,0,0,1,0,0,0,0,0
765,52,5,0,0,0,0,0,0,0,0,0,0,1,0,0,0,0,0
766,52,11,0,0,0,0,1,0,0,0,0,0,0,0,0,0,0,0
767,52,10,0,0,0,0,0,0,0,0,0,0,0,0,0,0,0,1
768,52,10,0,0,0,0,0,0,0,1,0,0,0,0,0,0,0,0
769,52,10,0,0,0,0,0,0,0,0,1,0,0,0,0,0,0,0
770,53,3,1,0,0,0,0,0,0,0,0,0,0,0,0,0,0,0
771,54,5,0,0,0,0,0,0,0,0,0,0,1,0,0,0,0,0
772,54,11,0,0,0,0,1,0,0,0,0,0,0,0,0,0,0,0
773,54,5,0,0,0,0,0,0,0,0,0,0,1,0,0,0,0,0
774,54,11,0,0,0,0,1,0,0,0,0,0,0,0,0,0,0,0
775,54,11,0,0,0,0,1,0,0,0,0,0,0,0,0,0,0,0
776,54,5,0,0,0,0,0,0,0,0,0,0,1,0,0,0,0,0
777,54,11,0,0,0,0,1,0,0,0,0,0,0,0,0,0,0,0
778,55,8,0,0,0,0,0,0,0,0,0,1,0,0,0,0,0,0
779,55,10,0,0,0,0,0,0,0,1,0,0,0,0,0,0,0,0
780,55,8,0,0,0,0,0,0,0,0,0,1,0,0,0,0,0,0
781,55,10,0,0,0,0,0,0,0,1,0,0,0,0,0,0,0,0
782,55,8,0,0,0,0,0,0,0,0,0,1,0,0,0,0,0,0
783,55,10,0,0,0,0,0,0,0,1,0,0,0,0,0,0,0,0
784,55,8,0,0,0,0,0,0,0,0,0,1,0,0,0,0,0,0
785,56,5,0,0,0,0,0,0,0,0,0,1,0,0,0,0,0,0
786,56,10,0,0,0,0,1,0,0,0,0,0,0,0,0,0,0,0
787,57,8,0,0,0,0,1,0,0,0,0,0,0,0,0,0,0,0
788,57,5,0,0,0,0,0,0,0,1,0,0,0,0,0,0,0,0
789,57,8,0,0,0,0,1,0,0,0,0,0,0,0,0,0,0,0
790,57,5,0,0,0,0,0,0,0,1,0,0,0,0,0,0,0,0
791,57,6,0,0,0,0,0,0,0,0,1,0,0,0,0,0,0,0
792,57,9,0,0,0,0,0,1,0,0,0,0,0,0,0,0,0,0
793,58,4,0,0,0,0,0,0,0,1,0,0,0,0,0,0,0,0
794,58,8,0,0,0,1,0,0,0,0,0,0,0,0,0,0,0,0
795,58,4,0,0,0,0,0,0,0,1,0,0,0,0,0,0,0,0
796,58,8,0,0,0,1,0,0,0,0,0,0,0,0,0,0,0,0
797,58,4,0,0,0,0,0,0,0,1,0,0,0,0,0,0,0,0
798,58,8,0,0,0,1,0,0,0,0,0,0,0,0,0,0,0,0
799,58,4,0,0,0,0,0,0,0,1,0,0,0,0,0,0,0,0
800,59,13,0,0,0,0,0,0,0,0,0,0,1,0,0,0,0,0
801,59,11,0,0,0,0,0,0,0,0,0,0,0,0,1,0,0,0
802,59,13,0,0,0,0,0,0,0,0,0,0,1,0,0,0,0,0
803,60,3,1,0,0,0,0,0,0,0,0,0,0,0,0,0,0,0
804,60,1,0,0,0,0,0,0,0,0,0,0,1,0,0,0,0,0
805,60,11,1,0,0,0,0,0,0,0,0,0,0,0,0,0,0,0
806,60,1,0,0,0,0,0,0,0,0,0,0,1,0,0,0,0,0
807,60,11,0,0,0,0,0,0,0,0,0,0,0,0,1,0,0,0
808,60,13,0,0,0,0,0,0,0,0,0,0,1,0,0,0,0,0
809,61,16,0,0,0,0,0,0,0,0,0,1,0,0,0,0,0,0
810,61,10,0,0,0,0,0,0,0,0,0,0,0,0,0,0,0,1
811,62,4,0,0,0,0,0,0,0,1,0,0,0,0,0,0,0,0
812,62,8,0,0,0,0,1,0,0,0,0,1,1,0,0,0,0,1
813,62,10,0,0,0,0,0,0,0,1,0,0,0,0,0,0,0,0
814,62,11,0,0,0,0,0,0,0,1,0,0,0,0,0,0,0,0
815,62,10,0,0,0,0,0,0,0,0,0,0,1,0,0,0,0,0
816,62,11,0,0,0,0,1,0,0,1,0,1,0,0,0,0,0,1
817,62,10,0,0,0,0,0,0,0,0,0,0,1,0,0,0,0,0
818,62,11,0,0,0,0,1,0,0,1,0,1,0,0,0,0,0,1
819,62,10,0,0,0,0,0,0,0,0,0,0,1,0,0,0,0,0
820,62,11,0,0,0,0,0,0,0,0,0,0,0,0,1,0,0,0
821,62,13,0,0,0,0,0,0,0,0,0,0,1,0,0,0,0,0
822,62,11,0,0,0,0,0,0,0,0,0,0,0,0,1,0,0,0
823,63,10,0,0,0,0,0,0,0,1,0,0,0,0,0,0,0,0
824,63,16,0,0,0,0,1,0,0,1,1,1,0,0,0,0,0,0
825,63,11,0,0,0,0,0,0,0,0,1,1,0,0,0,0,0,1
826,63,10,0,0,0,0,0,0,0,0,0,0,1,0,0,0,0,0
827,63,11,0,0,0,0,0,0,0,0,1,1,0,0,0,0,0,1
828,63,16,0,0,0,0,0,0,0,0,1,1,1,0,0,0,0,0
829,63,11,0,0,0,0,0,0,0,0,0,0,0,0,0,0,0,1
830,64,6,0,0,0,0,1,0,0,1,1,1,1,0,0,0,0,1
831,65,3,1,0,0,0,0,0,0,0,0,0,0,0,0,0,0,0
832,65,1,0,0,1,0,0,0,0,0,0,0,0,0,0,0,0,0
833,65,3,1,0,0,0,0,0,0,0,0,0,0,0,0,0,0,0
834,65,1,0,0,1,0,0,0,0,0,0,0,0,0,0,0,0,0
835,65,3,1,0,0,0,0,0,0,0,0,0,0,0,0,0,0,0
836,65,1,0,0,1,0,0,0,0,0,0,0,0,0,0,0,0,0
