eventID,sceneID,speakerID,Hank Pym (1),Mitchell Carson (2),Howard Stark (3),Peggy Carter (4),Peachy (5),Scott Lang (6),Luis (7),Dale (8),Dave (9),Kurt (10),Hope Van Dyne (11),Darren Cross (12),Frank (13),Cassie Lang (14),Paxton (15),Maggie Lang (16),Sam Wilson (17)
1,1,1,0,0,1,0,0,0,0,0,0,0,0,0,0,0,0,0,0
2,1,2,0,0,1,0,0,0,0,0,0,0,0,0,0,0,0,0,0
3,1,3,1,0,0,0,0,0,0,0,0,0,0,0,0,0,0,0,0
4,1,1,0,0,1,0,0,0,0,0,0,0,0,0,0,0,0,0,0
5,1,4,0,0,1,0,0,0,0,0,0,0,0,0,0,0,0,0,0
6,1,1,0,1,1,1,0,0,0,0,0,0,0,0,0,0,0,0,0
7,1,2,1,0,0,0,0,0,0,0,0,0,0,0,0,0,0,0,0
8,1,1,0,1,0,0,0,0,0,0,0,0,0,0,0,0,0,0,0
9,1,3,1,0,0,0,0,0,0,0,0,0,0,0,0,0,0,0,0
10,1,1,0,0,1,0,0,0,0,0,0,0,0,0,0,0,0,0,0
11,1,2,1,0,0,0,0,0,0,0,0,0,0,0,0,0,0,0,0
12,1,4,1,0,0,0,0,0,0,0,0,0,0,0,0,0,0,0,0
13,1,1,0,1,0,0,0,0,0,0,0,0,0,0,0,0,0,0,0
14,1,3,0,1,0,0,0,0,0,0,0,0,0,0,0,0,0,0,0
15,1,1,0,0,1,0,0,0,0,0,0,0,0,0,0,0,0,0,0
16,1,3,1,0,0,0,0,0,0,0,0,0,0,0,0,0,0,0,0
17,1,1,0,0,1,0,0,0,0,0,0,0,0,0,0,0,0,0,0
18,1,2,0,0,1,0,0,0,0,0,0,0,0,0,0,0,0,0,0
19,1,4,0,1,0,0,0,0,0,0,0,0,0,0,0,0,0,0,0
20,1,2,0,0,0,1,0,0,0,0,0,0,0,0,0,0,0,0,0
21,1,3,0,1,0,0,0,0,0,0,0,0,0,0,0,0,0,0,0
22,2,5,0,0,0,0,0,1,0,0,0,0,0,0,0,0,0,0,0
23,2,6,0,0,0,0,1,0,0,0,0,0,0,0,0,0,0,0,0
24,2,5,0,0,0,0,0,1,0,0,0,0,0,0,0,0,0,0,0
25,2,6,0,0,0,0,1,0,0,0,0,0,0,0,0,0,0,0,0
26,2,5,0,0,0,0,0,1,0,0,0,0,0,0,0,0,0,0,0
27,2,6,0,0,0,0,1,0,0,0,0,0,0,0,0,0,0,0,0
28,3,7,0,0,0,0,0,1,0,0,0,0,0,0,0,0,0,0,0
29,3,6,0,0,0,0,0,0,1,0,0,0,0,0,0,0,0,0,0
30,3,7,0,0,0,0,0,1,0,0,0,0,0,0,0,0,0,0,0
31,3,6,0,0,0,0,0,0,1,0,0,0,0,0,0,0,0,0,0
32,3,7,0,0,0,0,0,1,0,0,0,0,0,0,0,0,0,0,0
33,3,6,0,0,0,0,0,0,1,0,0,0,0,0,0,0,0,0,0
34,3,7,0,0,0,0,0,1,0,0,0,0,0,0,0,0,0,0,0
35,3,6,0,0,0,0,0,0,1,0,0,0,0,0,0,0,0,0,0
36,4,6,0,0,0,0,0,0,1,0,0,0,0,0,0,0,0,0,0
37,4,7,0,0,0,0,0,1,0,0,0,0,0,0,0,0,0,0,0
38,4,6,0,0,0,0,0,0,1,0,0,0,0,0,0,0,0,0,0
39,4,7,0,0,0,0,0,1,0,0,0,0,0,0,0,0,0,0,0
40,4,6,0,0,0,0,0,0,1,0,0,0,0,0,0,0,0,0,0
41,4,7,0,0,0,0,0,1,0,0,0,0,0,0,0,0,0,0,0
42,4,6,0,0,0,0,0,0,1,0,0,0,0,0,0,0,0,0,0
43,4,7,0,0,0,0,0,1,0,0,0,0,0,0,0,0,0,0,0
44,4,6,0,0,0,0,0,0,1,0,0,0,0,0,0,0,0,0,0
45,4,7,0,0,0,0,0,1,0,0,0,0,0,0,0,0,0,0,0
46,4,6,0,0,0,0,0,0,1,0,0,0,0,0,0,0,0,0,0
47,4,7,0,0,0,0,0,1,0,0,0,0,0,0,0,0,0,0,0
48,4,6,0,0,0,0,0,0,1,0,0,0,0,0,0,0,0,0,0
49,4,7,0,0,0,0,0,1,0,0,0,0,0,0,0,0,0,0,0
50,4,6,0,0,0,0,0,0,1,0,0,0,0,0,0,0,0,0,0
51,5,8,0,0,0,0,0,1,0,0,0,0,0,0,0,0,0,0,0
52,5,6,0,0,0,0,0,0,0,1,0,0,0,0,0,0,0,0,0
53,6,6,0,0,0,0,0,0,0,1,0,0,0,0,0,0,0,0,0
54,6,8,0,0,0,0,0,1,0,0,0,0,0,0,0,0,0,0,0
55,6,8,0,0,0,0,0,1,0,0,0,0,0,0,0,0,0,0,0
56,6,6,0,0,0,0,0,0,0,1,0,0,0,0,0,0,0,0,0
57,6,8,0,0,0,0,0,1,0,0,0,0,0,0,0,0,0,0,0
58,6,6,0,0,0,0,0,0,0,1,0,0,0,0,0,0,0,0,0
59,6,8,0,0,0,0,0,1,0,0,0,0,0,0,0,0,0,0,0
60,6,6,0,0,0,0,0,0,0,1,0,0,0,0,0,0,0,0,0
61,6,8,0,0,0,0,0,1,0,0,0,0,0,0,0,0,0,0,0
62,6,6,0,0,0,0,0,0,0,1,0,0,0,0,0,0,0,0,0
63,6,8,0,0,0,0,0,1,0,0,0,0,0,0,0,0,0,0,0
64,6,6,0,0,0,0,0,0,0,1,0,0,0,0,0,0,0,0,0
65,6,8,0,0,0,0,0,1,0,0,0,0,0,0,0,0,0,0,0
66,6,6,0,0,0,0,0,0,0,1,0,0,0,0,0,0,0,0,0
67,6,8,0,0,0,0,0,1,0,0,0,0,0,0,0,0,0,0,0
68,6,6,0,0,0,0,0,0,0,1,0,0,0,0,0,0,0,0,0
69,6,8,0,0,0,0,0,1,0,0,0,0,0,0,0,0,0,0,0
70,6,6,0,0,0,0,0,0,0,1,0,0,0,0,0,0,0,0,0
71,6,8,0,0,0,0,0,1,0,0,0,0,0,0,0,0,0,0,0
72,7,7,0,0,0,0,0,1,0,0,0,0,0,0,0,0,0,0,0
73,7,6,0,0,0,0,0,0,1,0,0,0,0,0,0,0,0,0,0
74,7,7,0,0,0,0,0,1,0,0,0,0,0,0,0,0,0,0,0
75,7,6,0,0,0,0,0,0,1,0,0,0,0,0,0,0,0,0,0
76,7,7,0,0,0,0,0,1,0,0,0,0,0,0,0,0,0,0,0
77,7,9,0,0,0,0,0,1,0,0,0,0,0,0,0,0,0,0,0
78,7,7,0,0,0,0,0,1,0,0,0,0,0,0,0,0,0,0,0
79,7,6,0,0,0,0,0,0,1,0,0,0,0,0,0,0,0,0,0
80,7,7,0,0,0,0,0,1,0,0,0,0,0,0,0,0,0,0,0
81,7,10,0,0,0,0,0,1,0,0,0,0,0,0,0,0,0,0,0
82,7,6,0,0,0,0,0,0,0,0,0,1,0,0,0,0,0,0,0
83,7,6,0,0,0,0,0,0,0,0,1,0,0,0,0,0,0,0,0
84,7,9,0,0,0,0,0,1,0,0,0,0,0,0,0,0,0,0,0
85,7,10,0,0,0,0,0,1,0,0,0,0,0,0,0,0,0,0,0
86,7,6,0,0,0,0,0,0,0,0,1,1,0,0,0,0,0,0,0
87,7,9,0,0,0,0,0,1,0,0,0,0,0,0,0,0,0,0,0
88,7,7,0,0,0,0,0,0,0,0,1,1,0,0,0,0,0,0,0
89,7,9,0,0,0,0,0,0,1,0,0,1,0,0,0,0,0,0,0
90,7,7,0,0,0,0,0,0,0,0,1,1,0,0,0,0,0,0,0
91,7,6,0,0,0,0,0,0,1,0,0,0,0,0,0,0,0,0,0
92,7,7,0,0,0,0,0,1,0,0,0,0,0,0,0,0,0,0,0
93,7,6,0,0,0,0,0,0,1,0,0,0,0,0,0,0,0,0,0
94,7,7,0,0,0,0,0,1,0,0,0,0,0,0,0,0,0,0,0
95,7,6,0,0,0,0,0,0,1,0,0,0,0,0,0,0,0,0,0
96,7,7,0,0,0,0,0,1,0,0,0,0,0,0,0,0,0,0,0
97,7,6,0,0,0,0,0,0,1,0,0,0,0,0,0,0,0,0,0
98,8,11,1,0,0,0,0,0,0,0,0,0,0,0,0,0,0,0,0
99,8,1,0,0,0,0,0,0,0,0,0,0,1,0,0,0,0,0,0
100,8,11,1,0,0,0,0,0,0,0,0,0,0,0,0,0,0,0,0
101,8,12,1,0,0,0,0,0,0,0,0,0,0,0,0,0,0,0,0
102,8,1,0,0,0,0,0,0,0,0,0,0,0,1,0,0,0,0,0
103,8,12,1,0,0,0,0,0,0,0,0,0,1,0,0,0,0,0,0
104,8,11,0,0,0,0,0,0,0,0,0,0,0,1,0,0,0,0,0
105,8,12,1,0,0,0,0,0,0,0,0,0,0,0,0,0,0,0,0
106,8,2,1,0,0,0,0,0,0,0,0,0,0,0,0,0,0,0,0
107,8,1,0,1,0,0,0,0,0,0,0,0,0,0,0,0,0,0,0
108,8,11,1,0,0,0,0,0,0,0,0,0,0,0,0,0,0,0,0
109,9,12,0,1,0,0,0,0,0,0,0,0,0,0,1,0,0,0,0
110,9,12,0,1,0,0,0,0,0,0,0,0,0,0,1,0,0,0,0
111,9,12,1,0,0,0,0,0,0,0,0,0,0,0,0,0,0,0,0
112,9,12,1,1,0,0,0,0,0,0,0,0,0,0,1,0,0,0,0
113,9,1,0,0,0,0,0,0,0,0,0,0,0,1,0,0,0,0,0
114,9,12,1,1,0,0,0,0,0,0,0,0,0,0,1,0,0,0,0
115,10,12,1,1,0,0,0,0,0,0,0,0,0,0,1,0,0,0,0
116,10,13,0,0,0,0,0,0,0,0,0,0,0,1,0,0,0,0,0
117,10,12,0,0,0,0,0,0,0,0,0,0,0,0,1,0,0,0,0
118,10,13,0,0,0,0,0,0,0,0,0,0,0,1,0,0,0,0,0
119,10,12,0,0,0,0,0,0,0,0,0,0,0,0,1,0,0,0,0
120,10,12,1,1,0,0,0,0,0,0,0,0,1,0,1,0,0,0,0
121,10,11,0,1,0,0,0,0,0,0,0,0,0,0,1,0,0,0,0
122,10,12,1,0,0,0,0,0,0,0,0,0,0,0,0,0,0,0,0
123,10,1,0,0,0,0,0,0,0,0,0,0,0,1,0,0,0,0,0
124,10,12,1,0,0,0,0,0,0,0,0,0,0,0,0,0,0,0,0
125,10,1,0,0,0,0,0,0,0,0,0,0,0,1,0,0,0,0,0
126,10,2,0,0,0,0,0,0,0,0,0,0,0,1,0,0,0,0,0
127,10,2,0,0,0,0,0,0,0,0,0,0,0,1,0,0,0,0,0
128,10,12,0,1,0,0,0,0,0,0,0,0,0,0,0,0,0,0,0
129,10,11,1,0,0,0,0,0,0,0,0,0,0,0,0,0,0,0,0
130,10,1,0,0,0,0,0,0,0,0,0,0,1,0,0,0,0,0,0
131,10,11,1,0,0,0,0,0,0,0,0,0,0,0,0,0,0,0,0
132,10,1,0,0,0,0,0,0,0,0,0,0,1,0,0,0,0,0,0
133,10,11,1,0,0,0,0,0,0,0,0,0,0,0,0,0,0,0,0
134,10,1,0,0,0,0,0,0,0,0,0,0,1,0,0,0,0,0,0
135,10,11,1,0,0,0,0,0,0,0,0,0,0,0,0,0,0,0,0
136,10,1,0,0,0,0,0,0,0,0,0,0,1,0,0,0,0,0,0
137,10,11,1,0,0,0,0,0,0,0,0,0,0,0,0,0,0,0,0
138,11,14,0,0,0,0,0,1,0,0,0,0,0,0,0,0,0,0,0
139,11,6,0,0,0,0,0,0,0,0,0,0,0,0,0,1,0,0,0
140,11,14,0,0,0,0,0,1,0,0,0,0,0,0,0,0,0,0,0
141,11,15,0,0,0,0,0,1,0,0,0,0,0,0,0,1,0,0,0
142,11,6,0,0,0,0,0,0,0,0,0,0,0,0,0,1,1,0,0
143,11,14,0,0,0,0,0,1,0,0,0,0,0,0,0,0,0,0,0
144,11,6,0,0,0,0,0,0,0,0,0,0,0,0,0,1,0,0,0
145,11,15,0,0,0,0,0,1,0,0,0,0,0,0,0,0,0,0,0
146,11,6,0,0,0,0,0,0,0,0,0,0,0,0,0,0,1,0,0
147,11,14,0,0,0,0,0,1,0,0,0,0,0,0,0,0,0,0,0
148,11,6,0,0,0,0,0,0,0,0,0,0,0,0,0,1,0,0,0
149,11,14,0,0,0,0,0,1,0,0,0,0,0,0,0,0,0,0,0
150,11,15,0,0,0,0,0,0,0,0,0,0,0,0,0,1,0,0,0
151,11,15,0,0,0,0,0,1,0,0,0,0,0,0,0,0,0,0,0
152,11,14,0,0,0,0,0,1,0,0,0,0,0,0,0,0,0,0,0
153,11,14,0,0,0,0,0,0,0,0,0,0,0,0,0,0,1,0,0
154,11,15,0,0,0,0,0,0,0,0,0,0,0,0,0,1,0,0,0
155,11,6,0,0,0,0,0,0,0,0,0,0,0,0,0,0,1,0,0
156,11,15,0,0,0,0,0,1,0,0,0,0,0,0,0,0,0,0,0
157,11,6,0,0,0,0,0,0,0,0,0,0,0,0,0,0,1,0,0
158,11,15,0,0,0,0,0,1,0,0,0,0,0,0,0,0,0,0,0
159,11,6,0,0,0,0,0,0,0,0,0,0,0,0,0,0,1,0,0
160,11,16,0,0,0,0,0,1,0,0,0,0,0,0,0,0,0,0,0
161,11,6,0,0,0,0,0,0,0,0,0,0,0,0,0,0,0,1,0
162,11,16,0,0,0,0,0,1,0,0,0,0,0,0,0,0,0,0,0
163,11,6,0,0,0,0,0,0,0,0,0,0,0,0,0,0,0,1,0
164,11,15,0,0,0,0,0,1,0,0,0,0,0,0,0,0,0,0,0
165,11,6,0,0,0,0,0,0,0,0,0,0,0,0,0,0,0,1,0
166,11,16,0,0,0,0,0,1,0,0,0,0,0,0,0,0,0,0,0
167,11,15,0,0,0,0,0,1,0,0,0,0,0,0,0,0,0,0,0
168,11,6,0,0,0,0,0,0,0,0,0,0,0,0,0,0,1,0,0
169,11,16,0,0,0,0,0,1,0,0,0,0,0,0,0,0,0,0,0
170,12,6,0,0,0,0,0,0,0,0,0,0,0,0,0,0,0,1,0
171,12,16,0,0,0,0,0,1,0,0,0,0,0,0,0,0,0,0,0
172,12,6,0,0,0,0,0,0,0,0,0,0,0,0,0,0,0,1,0
173,12,16,0,0,0,0,0,1,0,0,0,0,0,0,0,0,0,0,0
174,13,12,0,0,0,0,0,0,0,0,0,0,0,0,1,0,0,0,0
175,13,13,0,0,0,0,0,0,0,0,0,0,0,1,0,0,0,0,0
176,13,12,0,0,0,0,0,0,0,0,0,0,0,0,1,0,0,0,0
177,13,13,0,0,0,0,0,0,0,0,0,0,0,1,0,0,0,0,0
178,14,12,0,0,0,0,0,0,0,0,0,0,1,0,0,0,0,0,0
179,14,11,0,0,0,0,0,0,0,0,0,0,0,1,0,0,0,0,0
180,14,12,0,0,0,0,0,0,0,0,0,0,1,0,0,0,0,0,0
181,14,11,0,0,0,0,0,0,0,0,0,0,0,1,0,0,0,0,0
182,15,9,0,0,0,0,0,0,1,0,0,0,0,0,0,0,0,0,0
183,15,7,0,0,0,0,0,1,0,0,0,0,0,0,0,0,0,0,0
184,15,9,0,0,0,0,0,0,1,0,0,0,0,0,0,0,0,0,0
185,15,7,0,0,0,0,0,1,0,0,0,0,0,0,0,0,0,0,0
186,15,6,0,0,0,0,0,0,1,0,0,0,0,0,0,0,0,0,0
187,15,7,0,0,0,0,0,1,0,0,0,0,0,0,0,0,0,0,0
188,15,6,0,0,0,0,0,0,1,0,0,0,0,0,0,0,0,0,0
189,15,7,0,0,0,0,0,1,0,0,0,0,0,0,0,0,0,0,0
190,15,10,0,0,0,0,0,1,0,0,0,0,0,0,0,0,0,0,0
191,15,9,0,0,0,0,0,1,0,0,0,0,0,0,0,0,0,0,0
192,15,6,0,0,0,0,0,0,1,0,1,1,0,0,0,0,0,0,0
193,15,7,0,0,0,0,0,1,0,0,0,0,0,0,0,0,0,0,0
194,15,6,0,0,0,0,0,0,1,0,0,0,0,0,0,0,0,0,0
195,15,7,0,0,0,0,0,1,0,0,0,0,0,0,0,0,0,0,0
196,15,6,0,0,0,0,0,0,1,0,0,0,0,0,0,0,0,0,0
197,15,10,0,0,0,0,0,1,0,0,0,0,0,0,0,0,0,0,0
198,15,7,0,0,0,0,0,1,0,0,0,0,0,0,0,0,0,0,0
199,15,6,0,0,0,0,0,0,1,0,0,0,0,0,0,0,0,0,0
200,15,7,0,0,0,0,0,1,0,0,0,0,0,0,0,0,0,0,0
201,16,10,0,0,0,0,0,1,1,0,1,0,0,0,0,0,0,0,0
202,16,7,0,0,0,0,0,1,0,0,1,1,0,0,0,0,0,0,0
203,16,10,0,0,0,0,0,0,1,0,0,0,0,0,0,0,0,0,0
204,16,9,0,0,0,0,0,0,1,0,0,0,0,0,0,0,0,0,0
205,16,7,0,0,0,0,0,1,0,0,0,0,0,0,0,0,0,0,0
206,16,6,0,0,0,0,0,0,1,0,0,0,0,0,0,0,0,0,0
207,16,7,0,0,0,0,0,0,0,0,1,0,0,0,0,0,0,0,0
208,16,9,0,0,0,0,0,0,1,0,0,0,0,0,0,0,0,0,0
209,16,6,0,0,0,0,0,0,1,0,1,1,0,0,0,0,0,0,0
210,16,7,0,0,0,0,0,1,0,0,0,0,0,0,0,0,0,0,0
211,16,6,0,0,0,0,0,0,1,0,1,1,0,0,0,0,0,0,0
212,16,6,0,0,0,0,0,0,1,0,1,1,0,0,0,0,0,0,0
213,16,7,0,0,0,0,0,1,0,0,0,0,0,0,0,0,0,0,0
214,16,9,0,0,0,0,0,1,0,0,0,0,0,0,0,0,0,0,0
215,16,6,0,0,0,0,0,0,1,0,1,1,0,0,0,0,0,0,0
216,16,6,0,0,0,0,0,0,1,0,1,1,0,0,0,0,0,0,0
217,16,10,0,0,0,0,0,1,1,0,1,0,0,0,0,0,0,0,0
218,16,6,0,0,0,0,0,0,1,0,1,1,0,0,0,0,0,0,0
219,16,7,0,0,0,0,0,1,0,0,0,0,0,0,0,0,0,0,0
220,16,6,0,0,0,0,0,0,1,0,1,1,0,0,0,0,0,0,0
221,16,7,0,0,0,0,0,1,0,0,0,0,0,0,0,0,0,0,0
222,16,6,0,0,0,0,0,0,1,0,1,1,0,0,0,0,0,0,0
223,16,7,0,0,0,0,0,1,0,0,0,0,0,0,0,0,0,0,0
224,16,6,0,0,0,0,0,0,1,0,1,1,0,0,0,0,0,0,0
225,16,7,0,0,0,0,0,1,0,0,0,0,0,0,0,0,0,0,0
226,16,9,0,0,0,0,0,1,1,0,0,1,0,0,0,0,0,0,0
227,16,10,0,0,0,0,0,1,1,0,1,0,0,0,0,0,0,0,0
228,16,7,0,0,0,0,0,1,0,0,0,0,0,0,0,0,0,0,0
229,16,6,0,0,0,0,0,0,1,0,1,1,0,0,0,0,0,0,0
230,16,7,0,0,0,0,0,1,0,0,0,0,0,0,0,0,0,0,0
231,16,6,0,0,0,0,0,0,1,0,1,1,0,0,0,0,0,0,0
232,16,6,0,0,0,0,0,0,1,0,1,1,0,0,0,0,0,0,0
233,16,7,0,0,0,0,0,1,0,0,0,0,0,0,0,0,0,0,0
234,16,6,0,0,0,0,0,0,1,0,1,1,0,0,0,0,0,0,0
235,16,7,0,0,0,0,0,1,0,0,0,0,0,0,0,0,0,0,0
236,16,6,0,0,0,0,0,0,1,0,1,1,0,0,0,0,0,0,0
237,16,7,0,0,0,0,0,1,0,0,0,0,0,0,0,0,0,0,0
238,16,6,0,0,0,0,0,0,1,0,1,1,0,0,0,0,0,0,0
239,16,7,0,0,0,0,0,1,0,0,0,0,0,0,0,0,0,0,0
240,16,6,0,0,0,0,0,0,1,0,1,1,0,0,0,0,0,0,0
241,16,7,0,0,0,0,0,1,0,0,0,0,0,0,0,0,0,0,0
242,17,11,0,0,0,0,0,0,0,0,0,0,0,1,0,0,0,0,0
243,17,12,0,0,0,0,0,0,0,0,0,0,1,0,0,0,0,0,0
244,17,11,0,0,0,0,0,0,0,0,0,0,0,1,0,0,0,0,0
245,17,12,0,0,0,0,0,0,0,0,0,0,1,0,0,0,0,0,0
246,18,7,0,0,0,0,0,1,0,0,0,0,0,0,0,0,0,0,0
247,18,1,0,0,0,0,0,1,0,0,0,0,0,0,0,0,0,0,0
248,18,6,1,0,0,0,0,0,0,0,0,0,0,0,0,0,0,0,0
249,18,1,0,0,0,0,0,1,0,0,0,0,0,0,0,0,0,0,0
250,18,1,0,0,0,0,0,1,0,0,0,0,0,0,0,0,0,0,0
251,18,1,0,0,0,0,0,1,0,0,0,0,0,0,0,0,0,0,0
252,18,6,1,0,0,0,0,0,0,0,0,0,0,0,0,0,0,0,0
253,19,15,0,0,0,0,0,1,0,0,0,0,0,0,0,0,0,0,0
254,20,1,0,0,0,0,0,1,0,0,0,0,0,0,0,0,0,0,0
255,20,6,1,0,0,0,0,0,0,0,0,0,0,0,0,0,0,0,0
256,20,1,0,0,0,0,0,1,0,0,0,0,0,0,0,0,0,0,0
257,20,6,1,0,0,0,0,0,0,0,0,0,0,0,0,0,0,0,0
258,20,1,0,0,0,0,0,1,0,0,0,0,0,0,0,0,0,0,0
259,20,6,1,0,0,0,0,0,0,0,0,0,0,0,0,0,0,0,0
260,20,1,0,0,0,0,0,1,0,0,0,0,0,0,0,0,0,0,0
261,20,6,1,0,0,0,0,0,0,0,0,0,0,0,0,0,0,0,0
262,20,1,0,0,0,0,0,1,0,0,0,0,0,0,0,0,0,0,0
263,20,6,1,0,0,0,0,0,0,0,0,0,0,0,0,0,0,0,0
264,20,1,0,0,0,0,0,1,0,0,0,0,0,0,0,0,0,0,0
265,21,16,0,0,0,0,0,0,0,0,0,0,0,0,0,1,0,0,0
266,21,14,0,0,0,0,0,0,0,0,0,0,0,0,0,0,0,1,0
267,21,16,0,0,0,0,0,0,0,0,0,0,0,0,0,1,0,0,0
268,21,14,0,0,0,0,0,0,0,0,0,0,0,0,0,0,0,1,0
269,21,16,0,0,0,0,0,0,0,0,0,0,0,0,0,1,0,0,0
270,22,1,0,0,0,0,0,1,0,0,0,0,0,0,0,0,0,0,0
271,22,6,1,0,0,0,0,0,0,0,0,0,0,0,0,0,0,0,0
272,22,1,0,0,0,0,0,1,0,0,0,0,0,0,0,0,0,0,0
273,22,6,1,0,0,0,0,0,0,0,0,0,0,0,0,0,0,0,0
274,22,1,0,0,0,0,0,1,0,0,0,0,0,0,0,0,0,0,0
275,22,6,1,0,0,0,0,0,0,0,0,0,0,0,0,0,0,0,0
276,22,1,0,0,0,0,0,1,0,0,0,0,0,0,0,0,0,0,0
277,22,1,0,0,0,0,0,1,0,0,0,0,0,0,0,0,0,0,0
278,22,6,1,0,0,0,0,0,0,0,0,0,0,0,0,0,0,0,0
279,22,1,0,0,0,0,0,1,0,0,0,0,0,0,0,0,0,0,0
280,23,6,1,0,0,0,0,0,0,0,0,0,0,0,0,0,0,0,0
281,23,1,0,0,0,0,0,1,0,0,0,0,0,0,0,0,0,0,0
282,23,6,1,0,0,0,0,0,0,0,0,0,0,0,0,0,0,0,0
283,23,1,0,0,0,0,0,1,0,0,0,0,0,0,0,0,0,0,0
284,23,6,1,0,0,0,0,0,0,0,0,0,0,0,0,0,0,0,0
285,23,1,0,0,0,0,0,1,0,0,0,0,0,0,0,0,0,0,0
286,23,6,1,0,0,0,0,0,0,0,0,0,0,0,0,0,0,0,0
287,23,1,0,0,0,0,0,1,0,0,0,0,0,0,0,0,0,0,0
288,23,1,0,0,0,0,0,1,0,0,0,0,0,0,0,0,0,0,0
289,23,6,1,0,0,0,0,0,0,0,0,0,0,0,0,0,0,0,0
290,23,1,0,0,0,0,0,1,0,0,0,0,0,0,0,0,0,0,0
291,23,6,1,0,0,0,0,0,0,0,0,0,0,0,0,0,0,0,0
292,23,1,0,0,0,0,0,1,0,0,0,0,0,0,0,0,0,0,0
293,23,6,1,0,0,0,0,0,0,0,0,0,0,0,0,0,0,0,0
294,23,1,0,0,0,0,0,1,0,0,0,0,0,0,0,0,0,0,0
295,23,6,1,0,0,0,0,0,0,0,0,0,0,0,0,0,0,0,0
296,23,1,0,0,0,0,0,1,0,0,0,0,0,0,0,0,0,0,0
297,23,6,1,0,0,0,0,0,0,0,0,0,0,0,0,0,0,0,0
298,24,6,0,0,0,0,0,0,0,0,0,0,1,0,0,0,0,0,0
299,24,6,0,0,0,0,0,0,0,0,0,0,1,0,0,0,0,0,0
300,24,6,0,0,0,0,0,0,0,0,0,0,1,0,0,0,0,0,0
301,24,11,0,0,0,0,0,1,0,0,0,0,0,0,0,0,0,0,0
302,24,6,0,0,0,0,0,0,0,0,0,0,1,0,0,0,0,0,0
303,24,11,0,0,0,0,0,1,0,0,0,0,0,0,0,0,0,0,0
304,24,6,0,0,0,0,0,0,0,0,0,0,1,0,0,0,0,0,0
305,24,11,0,0,0,0,0,1,0,0,0,0,0,0,0,0,0,0,0
306,24,6,0,0,0,0,0,0,0,0,0,0,1,0,0,0,0,0,0
307,25,11,1,0,0,0,0,0,0,0,0,0,0,0,0,0,0,0,0
308,25,1,0,0,0,0,0,1,0,0,0,0,0,0,0,0,0,0,0
309,25,6,1,0,0,0,0,0,0,0,0,0,0,0,0,0,0,0,0
310,25,1,0,0,0,0,0,1,0,0,0,0,0,0,0,0,0,0,0
311,25,11,1,0,0,0,0,1,0,0,0,0,0,0,0,0,0,0,0
312,25,1,0,0,0,0,0,1,0,0,0,0,0,0,0,0,0,0,0
313,25,11,1,0,0,0,0,0,0,0,0,0,0,0,0,0,0,0,0
314,25,1,0,0,0,0,0,1,0,0,0,0,0,0,0,0,0,0,0
315,25,6,1,0,0,0,0,0,0,0,0,0,0,0,0,0,0,0,0
316,25,1,0,0,0,0,0,1,0,0,0,0,0,0,0,0,0,0,0
317,25,6,1,0,0,0,0,0,0,0,0,0,0,0,0,0,0,0,0
318,25,1,0,0,0,0,0,1,0,0,0,0,0,0,0,0,0,0,0
319,25,6,1,0,0,0,0,0,0,0,0,0,0,0,0,0,0,0,0
320,25,1,0,0,0,0,0,1,0,0,0,0,0,0,0,0,0,0,0
321,25,1,0,0,0,0,0,1,0,0,0,0,0,0,0,0,0,0,0
322,25,6,1,0,0,0,0,0,0,0,0,0,0,0,0,0,0,0,0
323,25,6,1,0,0,0,0,0,0,0,0,0,0,0,0,0,0,0,0
324,25,6,1,0,0,0,0,0,0,0,0,0,0,0,0,0,0,0,0
325,25,1,0,0,0,0,0,1,0,0,0,0,0,0,0,0,0,0,0
326,25,6,1,0,0,0,0,0,0,0,0,0,0,0,0,0,0,0,0
327,25,1,0,0,0,0,0,1,0,0,0,0,0,0,0,0,0,0,0
328,25,11,1,0,0,0,0,0,0,0,0,0,0,0,0,0,0,0,0
329,25,6,1,0,0,0,0,0,0,0,0,0,0,0,0,0,0,0,0
330,25,1,0,0,0,0,0,1,0,0,0,0,0,0,0,0,0,0,0
331,25,6,1,0,0,0,0,0,0,0,0,0,0,0,0,0,0,0,0
332,25,1,0,0,0,0,0,1,0,0,0,0,0,0,0,0,0,0,0
333,26,1,0,0,0,0,0,1,0,0,0,0,0,0,0,0,0,0,0
334,26,6,1,0,0,0,0,0,0,0,0,0,0,0,0,0,0,0,0
335,26,1,0,0,0,0,0,1,0,0,0,0,0,0,0,0,0,0,0
336,26,6,1,0,0,0,0,0,0,0,0,0,0,0,0,0,0,0,0
337,26,1,0,0,0,0,0,1,0,0,0,0,0,0,0,0,0,0,0
338,26,6,1,0,0,0,0,0,0,0,0,0,0,0,0,0,0,0,0
339,26,1,0,0,0,0,0,1,0,0,0,0,0,0,0,0,0,0,0
340,26,6,1,0,0,0,0,0,0,0,0,0,0,0,0,0,0,0,0
341,26,1,0,0,0,0,0,1,0,0,0,0,0,0,0,0,0,0,0
342,26,6,1,0,0,0,0,0,0,0,0,0,0,0,0,0,0,0,0
343,26,1,0,0,0,0,0,1,0,0,0,0,0,0,0,0,0,0,0
344,26,6,1,0,0,0,0,0,0,0,0,0,0,0,0,0,0,0,0
345,26,1,0,0,0,0,0,1,0,0,0,0,0,0,0,0,0,0,0
346,26,6,1,0,0,0,0,0,0,0,0,0,0,0,0,0,0,0,0
347,26,1,0,0,0,0,0,1,0,0,0,0,0,0,0,0,0,0,0
348,26,6,1,0,0,0,0,0,0,0,0,0,0,0,0,0,0,0,0
349,26,1,0,0,0,0,0,1,0,0,0,0,0,0,0,0,0,0,0
350,27,16,0,0,0,0,0,0,0,0,0,0,0,0,0,0,1,0,0
351,27,15,0,0,0,0,0,0,0,0,0,0,0,0,0,0,0,1,0
352,27,16,0,0,0,0,0,0,0,0,0,0,0,0,0,0,1,0,0
353,27,15,0,0,0,0,0,0,0,0,0,0,0,0,0,0,0,1,0
354,27,14,0,0,0,0,0,0,0,0,0,0,0,0,0,0,1,0,0
355,27,15,0,0,0,0,0,0,0,0,0,0,0,0,0,1,0,0,0
356,27,14,0,0,0,0,0,0,0,0,0,0,0,0,0,0,1,0,0
357,28,1,0,0,0,0,0,1,0,0,0,0,0,0,0,0,0,0,0
358,28,6,1,0,0,0,0,0,0,0,0,0,0,0,0,0,0,0,0
359,28,1,0,0,0,0,0,1,0,0,0,0,0,0,0,0,0,0,0
360,28,6,1,0,0,0,0,0,0,0,0,0,0,0,0,0,0,0,0
361,28,1,0,0,0,0,0,1,0,0,0,0,0,0,0,0,0,0,0
362,28,6,1,0,0,0,0,0,0,0,0,0,0,0,0,0,0,0,0
363,28,11,1,0,0,0,0,0,0,0,0,0,0,0,0,0,0,0,0
364,28,1,0,0,0,0,0,0,0,0,0,0,1,0,0,0,0,0,0
365,28,11,1,0,0,0,0,0,0,0,0,0,0,0,0,0,0,0,0
366,28,1,0,0,0,0,0,0,0,0,0,0,1,0,0,0,0,0,0
367,28,11,1,0,0,0,0,0,0,0,0,0,0,0,0,0,0,0,0
368,28,1,0,0,0,0,0,0,0,0,0,0,1,0,0,0,0,0,0
369,28,11,1,0,0,0,0,0,0,0,0,0,0,0,0,0,0,0,0
370,28,1,0,0,0,0,0,0,0,0,0,0,1,0,0,0,0,0,0
371,28,6,1,0,0,0,0,0,0,0,0,0,0,0,0,0,0,0,0
372,28,1,0,0,0,0,0,1,0,0,0,0,0,0,0,0,0,0,0
373,28,1,0,0,0,0,0,1,0,0,0,0,0,0,0,0,0,0,0
374,28,6,1,0,0,0,0,0,0,0,0,0,0,0,0,0,0,0,0
375,28,1,0,0,0,0,0,1,0,0,0,0,0,0,0,0,0,0,0
376,29,1,0,0,0,0,0,1,0,0,0,0,0,0,0,0,0,0,0
377,29,1,0,0,0,0,0,1,0,0,0,0,0,0,0,0,0,0,0
378,29,11,1,0,0,0,0,0,0,0,0,0,0,0,0,0,0,0,0
379,30,11,0,0,0,0,0,1,0,0,0,0,0,0,0,0,0,0,0
380,30,6,0,0,0,0,0,0,0,0,0,0,1,0,0,0,0,0,0
381,30,11,0,0,0,0,0,1,0,0,0,0,0,0,0,0,0,0,0
382,30,6,0,0,0,0,0,0,0,0,0,0,1,0,0,0,0,0,0
383,30,11,0,0,0,0,0,1,0,0,0,0,0,0,0,0,0,0,0
384,30,1,0,0,0,0,0,1,0,0,0,0,0,0,0,0,0,0,0
385,30,6,1,0,0,0,0,0,0,0,0,0,0,0,0,0,0,0,0
386,30,1,0,0,0,0,0,1,0,0,0,0,0,0,0,0,0,0,0
387,30,11,0,0,0,0,0,1,0,0,0,0,0,0,0,0,0,0,0
388,30,1,0,0,0,0,0,1,0,0,0,0,0,0,0,0,0,0,0
389,30,11,1,0,0,0,0,0,0,0,0,0,0,0,0,0,0,0,0
390,30,11,0,0,0,0,0,1,0,0,0,0,0,0,0,0,0,0,0
391,30,6,0,0,0,0,0,0,0,0,0,0,1,0,0,0,0,0,0
392,31,6,1,0,0,0,0,0,0,0,0,0,0,0,0,0,0,0,0
393,31,1,0,0,0,0,0,1,0,0,0,0,0,0,0,0,0,0,0
394,31,6,1,0,0,0,0,0,0,0,0,0,0,0,0,0,0,0,0
395,31,1,0,0,0,0,0,1,0,0,0,0,0,0,0,0,0,0,0
396,31,6,1,0,0,0,0,0,0,0,0,0,0,0,0,0,0,0,0
397,31,1,0,0,0,0,0,1,0,0,0,0,0,0,0,0,0,0,0
398,31,6,1,0,0,0,0,0,0,0,0,0,0,0,0,0,0,0,0
399,32,1,0,0,0,0,0,1,0,0,0,0,0,0,0,0,0,0,0
400,32,11,0,0,0,0,0,1,0,0,0,0,0,0,0,0,0,0,0
401,32,6,1,0,0,0,0,0,0,0,0,0,1,0,0,0,0,0,0
402,33,6,1,0,0,0,0,0,0,0,0,0,1,0,0,0,0,0,0
403,33,11,0,0,0,0,0,1,0,0,0,0,0,0,0,0,0,0,0
404,34,6,1,0,0,0,0,0,0,0,0,0,1,0,0,0,0,0,0
405,34,11,0,0,0,0,0,1,0,0,0,0,0,0,0,0,0,0,0
406,34,6,0,0,0,0,0,0,0,0,0,0,1,0,0,0,0,0,0
407,35,11,0,0,0,0,0,1,0,0,0,0,0,0,0,0,0,0,0
408,35,6,0,0,0,0,0,0,0,0,0,0,1,0,0,0,0,0,0
409,35,11,0,0,0,0,0,1,0,0,0,0,0,0,0,0,0,0,0
410,35,1,0,0,0,0,0,1,0,0,0,0,0,0,0,0,0,0,0
411,36,11,0,0,0,0,0,1,0,0,0,0,0,0,0,0,0,0,0
412,36,1,0,0,0,0,0,1,0,0,0,0,0,0,0,0,0,0,0
413,36,6,1,0,0,0,0,0,0,0,0,0,1,0,0,0,0,0,0
414,36,1,0,0,0,0,0,1,0,0,0,0,0,0,0,0,0,0,0
415,37,1,0,0,0,0,0,1,0,0,0,0,0,0,0,0,0,0,0
416,38,6,0,0,0,0,0,0,0,0,0,0,1,0,0,0,0,0,0
417,39,11,0,0,0,0,0,1,0,0,0,0,0,0,0,0,0,0,0
418,40,1,0,0,0,0,0,1,0,0,0,0,0,0,0,0,0,0,0
419,41,11,0,0,0,0,0,1,0,0,0,0,0,0,0,0,0,0,0
420,41,1,0,0,0,0,0,1,0,0,0,0,0,0,0,0,0,0,0
421,42,1,0,0,0,0,0,1,0,0,0,0,0,0,0,0,0,0,0
422,42,11,0,0,0,0,0,1,0,0,0,0,0,0,0,0,0,0,0
423,42,1,0,0,0,0,0,0,0,0,0,0,1,0,0,0,0,0,0
424,42,11,1,0,0,0,0,0,0,0,0,0,0,0,0,0,0,0,0
425,42,1,0,0,0,0,0,0,0,0,0,0,1,0,0,0,0,0,0
426,42,11,1,0,0,0,0,0,0,0,0,0,0,0,0,0,0,0,0
427,42,1,0,0,0,0,0,0,0,0,0,0,1,0,0,0,0,0,0
428,42,11,1,0,0,0,0,0,0,0,0,0,0,0,0,0,0,0,0
429,42,1,0,0,0,0,0,1,0,0,0,0,0,0,0,0,0,0,0
430,43,11,0,0,0,0,0,1,0,0,0,0,0,0,0,0,0,0,0
431,43,6,0,0,0,0,0,0,0,0,0,0,1,0,0,0,0,0,0
432,43,11,0,0,0,0,0,1,0,0,0,0,0,0,0,0,0,0,0
433,43,6,0,0,0,0,0,0,0,0,0,0,1,0,0,0,0,0,0
434,43,11,0,0,0,0,0,1,0,0,0,0,0,0,0,0,0,0,0
435,43,6,0,0,0,0,0,0,0,0,0,0,1,0,0,0,0,0,0
436,43,11,0,0,0,0,0,1,0,0,0,0,0,0,0,0,0,0,0
437,43,6,0,0,0,0,0,0,0,0,0,0,1,0,0,0,0,0,0
438,43,11,0,0,0,0,0,1,0,0,0,0,0,0,0,0,0,0,0
439,43,6,0,0,0,0,0,0,0,0,0,0,1,0,0,0,0,0,0
440,43,11,0,0,0,0,0,1,0,0,0,0,0,0,0,0,0,0,0
441,43,6,0,0,0,0,0,0,0,0,0,0,1,0,0,0,0,0,0
442,43,11,0,0,0,0,0,1,0,0,0,0,0,0,0,0,0,0,0
443,43,11,0,0,0,0,0,1,0,0,0,0,0,0,0,0,0,0,0
444,43,11,0,0,0,0,0,1,0,0,0,0,0,0,0,0,0,0,0
445,44,1,0,0,0,0,0,0,0,0,0,0,1,0,0,0,0,0,0
446,44,1,0,0,0,0,0,0,0,0,0,0,1,0,0,0,0,0,0
447,44,1,0,0,0,0,0,0,0,0,0,0,1,0,0,0,0,0,0
448,44,11,1,0,0,0,0,0,0,0,0,0,0,0,0,0,0,0,0
449,44,1,0,0,0,0,0,0,0,0,0,0,1,0,0,0,0,0,0
450,44,11,1,0,0,0,0,0,0,0,0,0,0,0,0,0,0,0,0
451,44,1,0,0,0,0,0,0,0,0,0,0,1,0,0,0,0,0,0
452,44,11,1,0,0,0,0,0,0,0,0,0,0,0,0,0,0,0,0
453,44,6,1,0,0,0,0,0,0,0,0,0,1,0,0,0,0,0,0
454,44,6,1,0,0,0,0,0,0,0,0,0,1,0,0,0,0,0,0
455,44,1,0,0,0,0,0,1,0,0,0,0,0,0,0,0,0,0,0
456,44,6,1,0,0,0,0,0,0,0,0,0,1,0,0,0,0,0,0
457,45,6,1,0,0,0,0,0,0,0,0,0,1,0,0,0,0,0,0
458,46,1,0,0,0,0,0,1,0,0,0,0,0,0,0,0,0,0,0
459,47,6,1,0,0,0,0,0,0,0,0,0,0,0,0,0,0,0,0
460,48,1,0,0,0,0,0,1,0,0,0,0,0,0,0,0,0,0,0
461,48,11,0,0,0,0,0,1,0,0,0,0,0,0,0,0,0,0,0
462,48,1,0,0,0,0,0,1,0,0,0,0,0,0,0,0,0,0,0
463,49,1,0,0,0,0,0,1,0,0,0,0,0,0,0,0,0,0,0
464,49,6,1,0,0,0,0,0,0,0,0,0,1,0,0,0,0,0,0
465,49,1,0,0,0,0,0,1,0,0,0,0,0,0,0,0,0,0,0
466,49,6,1,0,0,0,0,0,0,0,0,0,1,0,0,0,0,0,0
467,49,11,0,0,0,0,0,1,0,0,0,0,0,0,0,0,0,0,0
468,49,1,0,0,0,0,0,1,0,0,0,0,0,0,0,0,0,0,0
469,49,6,1,0,0,0,0,0,0,0,0,0,1,0,0,0,0,0,0
470,49,1,0,0,0,0,0,0,0,0,0,0,1,0,0,0,0,0,0
471,49,11,1,0,0,0,0,0,0,0,0,0,0,0,0,0,0,0,0
472,49,6,1,0,0,0,0,0,0,0,0,0,1,0,0,0,0,0,0
473,49,11,0,0,0,0,0,1,0,0,0,0,0,0,0,0,0,0,0
474,49,6,1,0,0,0,0,0,0,0,0,0,1,0,0,0,0,0,0
475,49,1,0,0,0,0,0,1,0,0,0,0,0,0,0,0,0,0,0
476,49,6,1,0,0,0,0,0,0,0,0,0,1,0,0,0,0,0,0
477,49,17,0,0,0,0,0,1,0,0,0,0,0,0,0,0,0,0,0
478,49,6,1,0,0,0,0,0,0,0,0,0,1,0,0,0,0,0,0
479,49,6,0,0,0,0,0,0,0,0,0,0,0,0,0,0,0,0,1
480,49,11,1,0,0,0,0,0,0,0,0,0,0,0,0,0,0,0,0
481,49,17,0,0,0,0,0,1,0,0,0,0,0,0,0,0,0,0,0
482,49,6,0,0,0,0,0,0,0,0,0,0,0,0,0,0,0,0,1
483,49,17,0,0,0,0,0,1,0,0,0,0,0,0,0,0,0,0,0
484,49,6,0,0,0,0,0,0,0,0,0,0,0,0,0,0,0,0,1
485,49,17,0,0,0,0,0,1,0,0,0,0,0,0,0,0,0,0,0
486,49,6,0,0,0,0,0,0,0,0,0,0,0,0,0,0,0,0,1
487,49,17,0,0,0,0,0,1,0,0,0,0,0,0,0,0,0,0,0
488,49,6,0,0,0,0,0,0,0,0,0,0,0,0,0,0,0,0,1
489,49,17,0,0,0,0,0,1,0,0,0,0,0,0,0,0,0,0,0
490,49,6,0,0,0,0,0,0,0,0,0,0,0,0,0,0,0,0,1
491,49,1,0,0,0,0,0,1,0,0,0,0,0,0,0,0,0,0,0
492,49,6,0,0,0,0,0,0,0,0,0,0,0,0,0,0,0,0,1
493,49,17,0,0,0,0,0,1,0,0,0,0,0,0,0,0,0,0,0
494,49,1,0,0,0,0,0,1,0,0,0,0,0,0,0,0,0,0,0
495,49,6,0,0,0,0,0,0,0,0,0,0,0,0,0,0,0,0,1
496,50,1,0,0,0,0,0,1,0,0,0,0,0,0,0,0,0,0,0
497,50,11,0,0,0,0,0,1,0,0,0,0,0,0,0,0,0,0,0
498,50,1,0,0,0,0,0,1,0,0,0,0,0,0,0,0,0,0,0
499,50,6,1,0,0,0,0,0,0,0,0,0,0,0,0,0,0,0,0
500,50,6,0,0,0,0,0,0,0,0,0,0,1,0,0,0,0,0,0
501,50,11,0,0,0,0,0,1,0,0,0,0,0,0,0,0,0,0,0
502,50,1,0,0,0,0,0,1,0,0,0,0,0,0,0,0,0,0,0
503,50,6,1,0,0,0,0,0,0,0,0,0,1,0,0,0,0,0,0
504,50,1,0,0,0,0,0,1,0,0,0,0,0,0,0,0,0,0,0
505,50,11,0,0,0,0,0,1,0,0,0,0,0,0,0,0,0,0,0
506,51,1,0,0,0,0,0,0,0,0,0,0,0,1,0,0,0,0,0
507,51,12,1,0,0,0,0,0,0,0,0,0,0,0,0,0,0,0,0
508,51,11,0,0,0,0,0,1,0,0,0,0,0,0,0,0,0,0,0
509,51,1,0,0,0,0,0,0,0,0,0,0,0,1,0,0,0,0,0
510,51,12,1,0,0,0,0,0,0,0,0,0,0,0,0,0,0,0,0
511,51,1,0,0,0,0,0,0,0,0,0,0,0,1,0,0,0,0,0
512,51,12,1,0,0,0,0,0,0,0,0,0,0,0,0,0,0,0,0
513,51,12,1,0,0,0,0,0,0,0,0,0,0,0,0,0,0,0,0
514,51,1,0,0,0,0,0,0,0,0,0,0,0,1,0,0,0,0,0
515,51,12,1,0,0,0,0,0,0,0,0,0,0,0,0,0,0,0,0
516,51,1,0,0,0,0,0,0,0,0,0,0,0,1,0,0,0,0,0
517,51,12,1,0,0,0,0,0,0,0,0,0,0,0,0,0,0,0,0
518,51,1,0,0,0,0,0,0,0,0,0,0,0,1,0,0,0,0,0
519,51,12,1,0,0,0,0,0,0,0,0,0,0,0,0,0,0,0,0
520,51,1,0,0,0,0,0,0,0,0,0,0,0,1,0,0,0,0,0
521,52,11,1,0,0,0,0,0,0,0,0,0,0,0,0,0,0,0,0
522,52,1,0,0,0,0,0,0,0,0,0,0,1,0,0,0,0,0,0
523,52,11,1,0,0,0,0,0,0,0,0,0,0,0,0,0,0,0,0
524,52,1,0,0,0,0,0,0,0,0,0,0,1,0,0,0,0,0,0
525,52,11,1,0,0,0,0,0,0,0,0,0,0,0,0,0,0,0,0
526,52,11,0,0,0,0,0,0,0,0,0,0,0,1,0,0,0,0,0
527,52,12,0,0,0,0,0,0,0,0,0,0,1,0,0,0,0,0,0
528,52,11,0,0,0,0,0,0,0,0,0,0,0,1,0,0,0,0,0
529,52,12,0,0,0,0,0,0,0,0,0,0,1,0,0,0,0,0,0
530,52,11,0,0,0,0,0,0,0,0,0,0,0,1,0,0,0,0,0
531,52,12,0,0,0,0,0,0,0,0,0,0,1,0,0,0,0,0,0
532,52,11,0,0,0,0,0,0,0,0,0,0,0,1,0,0,0,0,0
533,52,12,0,0,0,0,0,0,0,0,0,0,1,0,0,0,0,0,0
534,52,11,1,0,0,0,0,0,0,0,0,0,0,0,0,0,0,0,0
535,52,1,0,0,0,0,0,0,0,0,0,0,1,0,0,0,0,0,0
536,52,11,1,0,0,0,0,0,0,0,0,0,0,0,0,0,0,0,0
537,52,6,1,0,0,0,0,0,0,0,0,0,1,0,0,0,0,0,0
538,52,11,0,0,0,0,0,1,0,0,0,0,0,0,0,0,0,0,0
539,52,6,1,0,0,0,0,0,0,0,0,0,1,0,0,0,0,0,0
540,52,1,0,0,0,0,0,1,0,0,0,0,0,0,0,0,0,0,0
541,53,7,0,0,0,0,0,0,0,0,0,0,1,0,0,0,0,0,0
542,53,11,0,0,0,0,0,1,0,0,0,0,0,0,0,0,0,0,0
543,53,7,0,0,0,0,0,0,0,0,0,0,1,0,0,0,0,0,0
544,53,11,0,0,0,0,0,1,0,0,0,0,0,0,0,0,0,0,0
545,53,7,0,0,0,0,0,0,0,0,0,0,1,0,0,0,0,0,0
546,53,1,0,0,0,0,0,0,1,0,1,1,0,0,0,0,0,0,0
547,53,9,1,0,0,0,0,0,0,0,0,0,1,0,0,0,0,0,0
548,53,1,0,0,0,0,0,0,0,0,1,0,0,0,0,0,0,0,0
549,53,9,1,0,0,0,0,0,0,0,0,0,0,0,0,0,0,0,0
550,53,6,1,0,0,0,0,0,0,0,0,0,1,0,0,0,0,0,0
551,53,7,1,0,0,0,0,0,0,0,0,0,1,0,0,0,0,0,0
552,53,6,0,0,0,0,0,0,0,0,0,0,1,0,0,0,0,0,0
553,53,11,0,0,0,0,0,1,0,0,0,0,0,0,0,0,0,0,0
554,53,7,0,0,0,0,0,0,0,0,0,0,1,0,0,0,0,0,0
555,53,9,0,0,0,0,0,0,1,0,0,0,0,0,0,0,0,0,0
556,53,7,0,0,0,0,0,1,0,0,1,0,1,0,0,0,0,0,0
557,53,1,0,0,0,0,0,0,0,0,0,0,1,0,0,0,0,0,0
558,53,6,0,0,0,0,0,0,1,0,1,1,0,0,0,0,0,0,0
559,54,1,0,0,0,0,0,0,1,0,1,1,0,0,0,0,0,0,0
560,54,7,0,0,0,0,0,1,0,0,0,0,0,0,0,0,0,0,0
561,54,6,0,0,0,0,0,0,1,0,1,1,0,0,0,0,0,0,0
562,54,7,0,0,0,0,0,1,0,0,0,0,0,0,0,0,0,0,0
563,54,6,0,0,0,0,0,0,1,0,0,0,0,0,0,0,0,0,0
564,54,7,0,0,0,0,0,1,0,0,0,0,0,0,0,0,0,0,0
565,54,6,0,0,0,0,0,0,1,0,0,0,0,0,0,0,0,0,0
566,54,10,0,0,0,0,0,0,1,0,1,0,0,0,0,0,0,0,0
567,54,9,0,0,0,0,0,0,1,0,0,1,0,0,0,0,0,0,0
568,54,7,0,0,0,0,0,0,0,0,1,1,0,0,0,0,0,0,0
569,54,9,0,0,0,0,0,0,1,0,0,1,0,0,0,0,0,0,0
570,54,10,0,0,0,0,0,0,1,0,1,0,0,0,0,0,0,0,0
571,54,7,0,0,0,0,0,1,0,0,0,0,0,0,0,0,0,0,0
572,54,6,0,0,0,0,0,0,1,0,0,0,0,0,0,0,0,0,0
573,54,7,0,0,0,0,0,1,0,0,0,0,0,0,0,0,0,0,0
574,54,6,0,0,0,0,0,0,1,0,0,0,0,0,0,0,0,0,0
575,55,11,0,0,0,0,0,1,0,0,0,0,0,0,0,0,0,0,0
576,55,6,0,0,0,0,0,0,0,0,0,0,1,0,0,0,0,0,0
577,55,11,0,0,0,0,0,1,0,0,0,0,0,0,0,0,0,0,0
578,55,6,0,0,0,0,0,0,0,0,0,0,1,0,0,0,0,0,0
579,55,11,0,0,0,0,0,1,0,0,0,0,0,0,0,0,0,0,0
580,55,6,0,0,0,0,0,0,0,0,0,0,1,0,0,0,0,0,0
581,55,11,0,0,0,0,0,1,0,0,0,0,0,0,0,0,0,0,0
582,56,6,0,0,0,0,0,0,1,0,1,1,0,0,0,0,0,0,0
583,56,6,0,0,0,0,0,0,0,0,1,0,0,0,0,0,0,0,0
584,56,9,0,0,0,0,0,1,0,0,0,0,0,0,0,0,0,0,0
585,56,6,0,0,0,0,0,0,0,0,0,1,0,0,0,0,0,0,0
586,56,10,0,0,0,0,0,1,0,0,0,0,0,0,0,0,0,0,0
587,56,6,0,0,0,0,0,0,1,0,0,0,0,0,0,0,0,0,0
588,56,7,0,0,0,0,0,1,0,0,0,0,0,0,0,0,0,0,0
589,56,6,0,0,0,0,0,0,1,0,0,0,0,0,0,0,0,0,0
590,56,7,0,0,0,0,0,1,0,0,0,0,0,0,0,0,0,0,0
591,56,7,0,0,0,0,0,0,0,0,0,0,1,0,0,0,0,0,0
592,56,1,0,0,0,0,0,0,0,0,0,0,1,0,0,0,0,0,0
593,56,6,0,0,0,0,0,0,1,0,0,0,0,0,0,0,0,0,0
594,56,7,0,0,0,0,0,1,0,0,0,0,0,0,0,0,0,0,0
595,56,6,0,0,0,0,0,0,1,0,0,0,0,0,0,0,0,0,0
596,57,10,0,0,0,0,0,1,0,0,1,0,0,0,0,0,0,0,0
597,57,6,0,0,0,0,0,0,0,0,1,1,0,0,0,0,0,0,0
598,57,10,0,0,0,0,0,1,0,0,0,0,0,0,0,0,0,0,0
599,58,10,0,0,0,0,0,1,0,0,0,0,0,0,0,0,0,0,0
600,58,10,0,0,0,0,0,1,0,0,0,0,0,0,0,0,0,0,0
601,58,6,0,0,0,0,0,0,0,0,0,1,0,0,0,0,0,0,0
602,58,10,0,0,0,0,0,1,1,0,1,0,0,0,0,0,0,0,0
603,58,9,0,0,0,0,0,0,0,0,0,1,0,0,0,0,0,0,0
604,58,10,0,0,0,0,0,0,0,0,1,0,0,0,0,0,0,0,0
605,58,9,0,0,0,0,0,0,0,0,0,1,0,0,0,0,0,0,0
606,58,9,0,0,0,0,0,0,0,0,0,1,0,0,0,0,0,0,0
607,59,6,0,0,0,0,0,0,1,0,1,1,0,0,0,0,0,0,0
608,59,7,0,0,0,0,0,0,0,0,0,0,1,0,0,0,0,0,0
609,59,10,0,0,0,0,0,1,0,0,0,0,0,0,0,0,0,0,0
610,59,9,0,0,0,0,0,0,0,0,0,1,0,0,0,0,0,0,0
611,59,10,0,0,0,0,0,1,0,0,0,0,0,0,0,0,0,0,0
612,59,6,0,0,0,0,0,0,0,0,0,1,0,0,0,0,0,0,0
613,59,10,0,0,0,0,0,0,0,0,1,0,0,0,0,0,0,0,0
614,60,1,0,0,0,0,0,0,0,0,0,0,0,0,0,0,1,0,0
615,60,10,0,0,0,0,0,1,0,0,0,0,0,0,0,0,0,0,0
616,61,12,0,0,0,0,0,0,0,0,0,0,1,0,0,0,0,0,0
617,62,12,1,0,0,0,0,0,0,0,0,0,0,0,0,0,0,0,0
618,63,1,0,0,0,0,0,0,0,0,0,0,0,1,0,0,0,0,0
619,63,12,1,0,0,0,0,0,0,0,0,0,0,0,0,0,0,0,0
620,63,1,0,0,0,0,0,0,0,0,0,0,0,1,0,0,0,0,0
621,63,12,1,0,0,0,0,0,0,0,0,0,0,0,0,0,0,0,0
622,64,6,0,0,0,0,0,0,1,0,1,1,0,0,0,0,0,0,0
623,64,6,0,0,0,0,0,0,1,0,1,1,0,0,0,0,0,0,0
624,65,9,0,0,0,0,0,0,0,0,0,1,0,0,0,0,0,0,0
625,66,10,0,0,0,0,0,1,0,0,0,0,0,0,0,0,0,0,0
626,66,6,0,0,0,0,0,0,1,0,1,1,0,0,0,0,0,0,0
627,67,2,0,0,0,0,0,0,0,0,0,0,0,1,0,0,0,0,0
628,67,12,0,1,0,0,0,0,0,0,0,0,0,0,0,0,0,0,0
629,67,12,1,0,0,0,0,0,0,0,0,0,0,0,0,0,0,0,0
630,67,12,1,0,0,0,0,0,0,0,0,0,0,0,0,0,0,0,0
631,67,1,0,0,0,0,0,0,0,0,0,0,0,1,0,0,0,0,0
632,68,6,0,0,0,0,0,0,1,0,1,1,0,0,0,0,0,0,0
633,68,6,0,0,0,0,0,0,1,0,1,1,0,0,0,0,0,0,0
634,68,6,0,0,0,0,0,0,1,0,1,1,0,0,0,0,0,0,0
635,68,10,0,0,0,0,0,1,0,0,0,0,0,0,0,0,0,0,0
636,68,9,0,0,0,0,0,0,0,0,0,1,0,0,0,0,0,0,0
637,68,10,0,0,0,0,0,0,0,0,1,0,0,0,0,0,0,0,0
638,68,9,0,0,0,0,0,0,0,0,0,1,0,0,0,0,0,0,0
639,68,9,0,0,0,0,0,0,0,0,0,1,0,0,0,0,0,0,0
640,68,10,0,0,0,0,0,0,0,0,1,0,0,0,0,0,0,0,0
641,68,6,0,0,0,0,0,0,0,0,0,1,0,0,0,0,0,0,0
642,68,10,0,0,0,0,0,1,0,0,0,0,0,0,0,0,0,0,0
643,68,15,0,0,0,0,0,0,0,0,1,1,0,0,0,0,0,0,0
644,68,9,0,0,0,0,0,0,0,0,0,0,0,0,0,0,1,0,0
645,68,15,0,0,0,0,0,0,0,0,1,0,0,0,0,0,0,0,0
646,68,9,0,0,0,0,0,0,0,0,0,0,0,0,0,0,1,0,0
647,68,10,0,0,0,0,0,1,0,0,0,0,0,0,0,0,0,0,0
648,68,10,0,0,0,0,0,1,0,0,0,0,0,0,0,0,0,0,0
649,68,6,0,0,0,0,0,0,0,0,0,1,0,0,0,0,0,0,0
650,68,12,0,0,0,0,0,1,0,0,0,0,0,0,0,0,0,0,0
651,68,12,1,0,0,0,0,0,0,0,0,0,0,0,0,0,0,0,0
652,68,1,0,0,0,0,0,0,0,0,0,0,0,1,0,0,0,0,0
653,68,12,1,0,0,0,0,0,0,0,0,0,0,0,0,0,0,0,0
654,68,12,0,1,0,0,0,0,0,0,0,0,0,0,0,0,0,0,0
655,68,12,1,0,0,0,0,0,0,0,0,0,0,0,0,0,0,0,0
656,68,1,0,0,0,0,0,0,0,0,0,0,0,1,0,0,0,0,0
657,68,12,1,0,0,0,0,0,0,0,0,0,0,0,0,0,0,0,0
658,68,1,0,0,0,0,0,0,0,0,0,0,0,1,0,0,0,0,0
659,68,12,1,0,0,0,0,0,0,0,0,0,0,0,0,0,0,0,0
660,68,11,0,0,0,0,0,0,0,0,0,0,0,1,0,0,0,0,0
661,68,12,0,0,0,0,0,0,0,0,0,0,1,0,0,0,0,0,0
662,68,11,0,0,0,0,0,0,0,0,0,0,0,1,0,0,0,0,0
663,68,12,0,0,0,0,0,0,0,0,0,0,1,0,0,0,0,0,0
664,68,11,0,0,0,0,0,0,0,0,0,0,0,1,0,0,0,0,0
665,68,12,0,0,0,0,0,0,0,0,0,0,1,0,0,0,0,0,0
666,68,11,0,0,0,0,0,0,0,0,0,0,0,1,0,0,0,0,0
667,68,12,0,0,0,0,0,0,0,0,0,0,1,0,0,0,0,0,0
668,68,11,0,0,0,0,0,0,0,0,0,0,0,1,0,0,0,0,0
669,68,12,0,0,0,0,0,0,0,0,0,0,1,0,0,0,0,0,0
670,68,11,1,0,0,0,0,0,0,0,0,0,0,0,0,0,0,0,0
671,68,6,1,0,0,0,0,0,0,0,0,0,0,0,0,0,0,0,0
672,68,12,0,0,0,0,0,1,0,0,0,0,0,0,0,0,0,0,0
673,69,9,0,0,0,0,0,0,0,0,0,1,0,0,0,0,0,0,0
674,70,11,1,0,0,0,0,0,0,0,0,0,0,0,0,0,0,0,0
675,70,6,0,0,0,0,0,0,0,0,0,0,1,0,0,0,0,0,0
676,70,11,0,0,0,0,0,1,0,0,0,0,0,0,0,0,0,0,0
677,71,7,0,0,0,0,0,1,0,0,0,0,0,0,0,0,0,0,0
678,71,6,0,0,0,0,0,0,1,0,0,0,0,0,0,0,0,0,0
679,71,7,0,0,0,0,0,1,0,0,0,0,0,0,0,0,0,0,0
680,71,6,0,0,0,0,0,0,1,0,0,0,0,0,0,0,0,0,0
681,71,7,0,0,0,0,0,1,0,0,0,0,0,0,0,0,0,0,0
682,71,6,0,0,0,0,0,0,1,0,0,0,0,0,0,0,0,0,0
683,72,11,1,0,0,0,0,0,0,0,0,0,0,0,0,0,0,0,0
684,72,1,0,0,0,0,0,0,0,0,0,0,1,0,0,0,0,0,0
685,73,7,0,0,0,0,0,0,0,0,0,0,1,0,0,0,0,0,0
686,74,15,0,0,0,0,0,0,1,0,0,0,0,0,0,0,0,0,0
687,74,7,0,0,0,0,0,0,0,0,0,0,0,0,0,0,1,0,0
688,74,15,0,0,0,0,0,0,1,0,0,0,0,0,0,0,0,0,0
689,74,7,0,0,0,0,0,0,0,0,0,0,0,0,0,0,1,0,0
690,75,12,0,0,0,0,0,1,0,0,0,0,0,0,0,0,0,0,0
691,75,6,0,0,0,0,0,0,0,0,0,0,0,1,0,0,0,0,0
692,76,12,0,0,0,0,0,1,0,0,0,0,0,0,0,0,0,0,0
693,76,15,0,0,0,0,0,1,0,0,0,0,0,0,0,0,0,0,0
694,76,6,0,0,0,0,0,0,0,0,0,0,0,0,0,0,1,0,0
695,77,6,0,0,0,0,0,0,0,0,0,0,0,0,0,0,1,0,0
696,77,15,0,0,0,0,0,1,0,0,0,0,0,0,0,0,0,0,0
697,77,6,0,0,0,0,0,0,0,0,0,0,0,0,0,0,1,0,0
698,77,15,0,0,0,0,0,1,0,0,0,0,0,0,0,0,0,0,0
699,77,6,0,0,0,0,0,0,0,0,0,0,0,0,0,0,1,0,0
700,78,12,0,0,0,0,0,0,0,0,0,0,0,0,0,1,0,0,0
701,79,6,0,0,0,0,0,0,0,0,0,0,0,0,0,0,1,0,0
702,79,15,0,0,0,0,0,1,0,0,0,0,0,0,0,0,0,0,0
703,79,6,0,0,0,0,0,0,0,0,0,0,0,0,0,0,1,0,0
704,79,15,0,0,0,0,0,0,0,0,0,0,0,0,0,0,0,1,0
705,79,16,0,0,0,0,0,0,0,0,0,0,0,0,0,0,1,0,0
706,79,15,0,0,0,0,0,0,0,0,0,0,0,0,0,0,0,1,0
707,79,16,0,0,0,0,0,0,0,0,0,0,0,0,0,0,1,0,0
708,79,15,0,0,0,0,0,0,0,0,0,0,0,0,0,0,0,1,0
709,79,16,0,0,0,0,0,0,0,0,0,0,0,0,0,0,1,0,0
710,79,14,0,0,0,0,0,0,0,0,0,0,0,1,0,0,0,0,0
711,79,12,0,0,0,0,0,0,0,0,0,0,0,0,0,1,0,0,0
712,79,14,0,0,0,0,0,0,0,0,0,0,0,1,0,0,0,0,0
713,79,12,0,0,0,0,0,0,0,0,0,0,0,0,0,1,0,0,0
714,79,12,0,0,0,0,0,1,0,0,0,0,0,0,0,0,0,0,0
715,79,14,0,0,0,0,0,1,0,0,0,0,0,0,0,0,0,0,0
716,79,6,0,0,0,0,0,0,0,0,0,0,0,0,0,1,0,0,0
717,79,6,0,0,0,0,0,0,0,0,0,0,0,1,0,0,0,0,0
718,79,12,0,0,0,0,0,1,0,0,0,0,0,0,0,0,0,0,0
719,79,12,0,0,0,0,0,1,0,0,0,0,0,0,0,0,0,0,0
720,79,6,0,0,0,0,0,0,0,0,0,0,0,1,0,0,0,0,0
721,80,7,0,0,0,0,0,0,0,0,1,1,0,0,0,0,0,0,0
722,80,7,0,0,0,0,0,0,0,0,1,0,0,0,0,0,0,0,0
723,80,9,0,0,0,0,0,0,1,0,0,0,0,0,0,0,0,0,0
724,80,7,0,0,0,0,0,0,0,0,1,0,0,0,0,0,0,0,0
725,80,9,0,0,0,0,0,0,1,0,0,0,0,0,0,0,0,0,0
726,80,7,0,0,0,0,0,0,0,0,1,0,0,0,0,0,0,0,0
727,80,9,0,0,0,0,0,0,1,0,0,0,0,0,0,0,0,0,0
728,80,7,0,0,0,0,0,0,0,0,1,0,0,0,0,0,0,0,0
729,80,9,0,0,0,0,0,0,1,0,0,0,0,0,0,0,0,0,0
730,80,7,0,0,0,0,0,0,0,0,1,0,0,0,0,0,0,0,0
731,80,9,0,0,0,0,0,0,1,0,0,0,0,0,0,0,0,0,0
732,80,7,0,0,0,0,0,0,0,0,1,0,0,0,0,0,0,0,0
733,80,9,0,0,0,0,0,0,1,0,0,0,0,0,0,0,0,0,0
734,80,7,0,0,0,0,0,0,0,0,1,0,0,0,0,0,0,0,0
735,80,9,0,0,0,0,0,0,1,0,0,0,0,0,0,0,0,0,0
736,80,7,0,0,0,0,0,0,0,0,1,0,0,0,0,0,0,0,0
737,81,12,0,0,0,0,0,1,0,0,0,0,0,0,0,0,0,0,0
738,81,12,0,0,0,0,0,1,0,0,0,0,0,0,0,0,0,0,0
739,81,12,0,0,0,0,0,1,0,0,0,0,0,0,0,0,0,0,0
740,81,6,0,0,0,0,0,0,0,0,0,0,0,1,0,0,0,0,0
741,82,12,0,0,0,0,0,1,0,0,0,0,0,0,0,0,0,0,0
742,82,15,0,0,0,0,0,0,0,0,0,0,0,0,0,1,0,0,0
743,83,12,0,0,0,0,0,1,0,0,0,0,0,0,0,0,0,0,0
744,83,15,0,0,0,0,0,0,0,0,0,0,0,1,0,0,0,0,0
745,83,6,0,0,0,0,0,0,0,0,0,0,0,1,0,0,0,0,0
746,83,12,0,0,0,0,0,1,0,0,0,0,0,0,0,0,0,0,0
747,83,6,0,0,0,0,0,0,0,0,0,0,0,0,0,0,1,0,0
748,83,12,0,0,0,0,0,0,0,0,0,0,0,0,0,1,0,0,0
749,83,15,0,0,0,0,0,0,0,0,0,0,0,0,0,1,0,0,0
750,83,14,0,0,0,0,0,0,0,0,0,0,0,1,0,0,0,0,0
751,83,14,0,0,0,0,0,1,0,0,0,0,0,0,0,0,0,0,0
752,83,14,0,0,0,0,0,1,0,0,0,0,0,0,0,0,0,0,0
753,83,14,0,0,0,0,0,1,0,0,0,0,0,0,0,0,0,0,0
754,83,14,0,0,0,0,0,1,0,0,0,0,0,0,0,0,0,0,0
755,83,14,0,0,0,0,0,1,0,0,0,0,0,0,0,0,0,0,0
756,83,6,0,0,0,0,0,0,0,0,0,0,0,0,0,1,0,0,0
757,83,15,0,0,0,0,0,1,0,0,0,0,0,0,0,0,0,0,0
758,83,6,0,0,0,0,0,0,0,0,0,0,0,0,0,0,1,0,0
759,83,14,0,0,0,0,0,0,0,0,0,0,0,0,0,0,0,1,0
760,83,15,0,0,0,0,0,0,0,0,0,0,0,0,0,0,0,1,0
761,84,1,0,0,0,0,0,1,0,0,0,0,0,0,0,0,0,0,0
762,84,6,1,0,0,0,0,0,0,0,0,0,0,0,0,0,0,0,0
763,84,1,0,0,0,0,0,1,0,0,0,0,0,0,0,0,0,0,0
764,84,11,0,0,0,0,0,1,0,0,0,0,0,0,0,0,0,0,0
765,84,6,1,0,0,0,0,0,0,0,0,0,0,0,0,0,0,0,0
766,84,1,0,0,0,0,0,1,0,0,0,0,1,0,0,0,0,0,0
767,84,11,1,0,0,0,0,0,0,0,0,0,0,0,0,0,0,0,0
768,84,6,1,0,0,0,0,0,0,0,0,0,1,0,0,0,0,0,0
769,84,1,0,0,0,0,0,1,0,0,0,0,1,0,0,0,0,0,0
770,84,6,1,0,0,0,0,0,0,0,0,0,1,0,0,0,0,0,0
771,84,6,1,0,0,0,0,0,0,0,0,0,0,0,0,0,0,0,0
772,84,6,0,0,0,0,0,0,0,0,0,0,1,0,0,0,0,0,0
773,84,1,0,0,0,0,0,1,0,0,0,0,0,0,0,0,0,0,0
774,84,6,1,0,0,0,0,0,0,0,0,0,0,0,0,0,0,0,0
775,84,1,0,0,0,0,0,1,0,0,0,0,0,0,0,0,0,0,0
776,84,6,1,0,0,0,0,0,0,0,0,0,0,0,0,0,0,0,0
777,85,15,0,0,0,0,0,1,0,0,0,0,0,0,0,0,0,0,0
778,85,6,0,0,0,0,0,0,0,0,0,0,0,0,0,0,1,0,0
779,85,15,0,0,0,0,0,1,0,0,0,0,0,0,0,0,0,0,0
780,85,6,0,0,0,0,0,0,0,0,0,0,0,0,0,0,1,0,0
781,85,15,0,0,0,0,0,1,0,0,0,0,0,0,0,0,0,0,0
782,85,6,0,0,0,0,0,0,0,0,0,0,0,0,0,0,1,0,0
783,85,15,0,0,0,0,0,1,0,0,0,0,0,0,0,0,0,0,0
784,85,14,0,0,0,0,0,1,0,0,0,0,0,0,0,0,1,0,0
785,85,6,0,0,0,0,0,0,0,0,0,0,0,0,0,1,1,1,0
786,85,14,0,0,0,0,0,1,0,0,0,0,0,0,0,0,0,0,0
787,85,6,0,0,0,0,0,0,0,0,0,0,0,0,0,1,0,0,0
788,85,16,0,0,0,0,0,0,0,0,0,0,0,0,0,1,0,0,0
789,85,14,0,0,0,0,0,1,0,0,0,0,0,0,0,0,0,0,0
790,85,6,0,0,0,0,0,0,0,0,0,0,0,0,0,1,0,0,0
791,85,16,0,0,0,0,0,1,0,0,0,0,0,0,0,0,0,0,0
792,85,15,0,0,0,0,0,1,0,0,0,0,0,0,0,0,0,0,0
793,85,6,0,0,0,0,0,0,0,0,0,0,0,0,0,1,1,0,0
794,85,16,0,0,0,0,0,1,0,0,0,0,0,0,0,0,0,0,0
795,85,14,0,0,0,0,0,1,0,0,0,0,0,0,0,0,0,0,0
796,85,6,0,0,0,0,0,0,0,0,0,0,0,0,0,1,0,0,0
797,85,15,0,0,0,0,0,1,0,0,0,0,0,0,0,0,0,0,0
798,85,6,0,0,0,0,0,0,0,0,0,0,0,0,0,1,0,0,0
799,85,6,0,0,0,0,0,0,0,0,0,0,0,0,0,1,1,1,0
800,86,6,0,0,0,0,0,0,1,0,0,0,0,0,0,0,0,0,0
801,86,7,0,0,0,0,0,1,0,0,0,0,0,0,0,0,0,0,0
802,86,6,0,0,0,0,0,0,1,0,0,0,0,0,0,0,0,0,0
803,86,7,0,0,0,0,0,1,0,0,0,0,0,0,0,0,0,0,0
804,86,6,0,0,0,0,0,0,1,0,0,0,0,0,0,0,0,0,0
805,86,7,0,0,0,0,0,1,0,0,0,0,0,0,0,0,0,0,0
806,86,6,0,0,0,0,0,0,1,0,0,0,0,0,0,0,0,0,0
807,86,7,0,0,0,0,0,1,0,0,0,0,0,0,0,0,0,0,0
808,86,6,0,0,0,0,0,0,1,0,0,0,0,0,0,0,0,0,0
809,86,7,0,0,0,0,0,1,0,0,0,0,0,0,0,0,0,0,0
810,87,1,0,0,0,0,0,0,0,0,0,0,1,0,0,0,0,0,0
811,87,1,0,0,0,0,0,0,0,0,0,0,1,0,0,0,0,0,0
812,87,1,0,0,0,0,0,0,0,0,0,0,1,0,0,0,0,0,0
813,87,11,1,0,0,0,0,0,0,0,0,0,0,0,0,0,0,0,0
