eventID,sceneID,speakerID,Meredith Quill (1),Ego (2),Peter Quill (3),Gamora (4),Drax (5),Rocket Raccoon (6),Groot (7),Ayesha (8),Nebula (9),Tullk (10),Yondu Udonta (11),Stakar Ogord (12),Taserface (13),Kraglin (14),Mantis (15),Gef (16),Martinex (17),Charlie-27 (18),Aleta Ogord (19)
1,1,2,1,0,0,0,0,0,0,0,0,0,0,0,0,0,0,0,0,0,0
2,1,1,0,1,0,0,0,0,0,0,0,0,0,0,0,0,0,0,0,0,0
3,1,2,1,0,0,0,0,0,0,0,0,0,0,0,0,0,0,0,0,0,0
4,1,1,0,1,0,0,0,0,0,0,0,0,0,0,0,0,0,0,0,0,0
5,1,2,1,0,0,0,0,0,0,0,0,0,0,0,0,0,0,0,0,0,0
6,1,1,0,1,0,0,0,0,0,0,0,0,0,0,0,0,0,0,0,0,0
7,1,2,1,0,0,0,0,0,0,0,0,0,0,0,0,0,0,0,0,0,0
8,1,1,0,1,0,0,0,0,0,0,0,0,0,0,0,0,0,0,0,0,0
9,1,2,1,0,0,0,0,0,0,0,0,0,0,0,0,0,0,0,0,0,0
10,1,1,0,1,0,0,0,0,0,0,0,0,0,0,0,0,0,0,0,0,0
11,2,3,0,0,0,1,1,1,1,0,0,0,0,0,0,0,0,0,0,0,0
12,2,4,0,0,1,0,0,0,0,0,0,0,0,0,0,0,0,0,0,0,0
13,2,3,0,0,0,1,0,0,0,0,0,0,0,0,0,0,0,0,0,0,0
14,2,4,0,0,1,0,0,0,0,0,0,0,0,0,0,0,0,0,0,0,0
15,2,3,0,0,0,1,0,0,0,0,0,0,0,0,0,0,0,0,0,0,0
16,2,4,0,0,0,0,1,0,0,0,0,0,0,0,0,0,0,0,0,0,0
17,2,5,0,0,0,1,0,0,0,0,0,0,0,0,0,0,0,0,0,0,0
18,2,4,0,0,0,0,1,0,0,0,0,0,0,0,0,0,0,0,0,0,0
19,2,5,0,0,0,1,0,0,0,0,0,0,0,0,0,0,0,0,0,0,0
20,2,6,0,0,0,0,1,0,0,0,0,0,0,0,0,0,0,0,0,0,0
21,2,5,0,0,1,1,0,0,0,0,0,0,0,0,0,0,0,0,0,0,0
22,2,6,0,0,0,0,1,0,0,0,0,0,0,0,0,0,0,0,0,0,0
23,2,5,0,0,0,0,0,1,0,0,0,0,0,0,0,0,0,0,0,0,0
24,2,6,0,0,0,0,1,0,0,0,0,0,0,0,0,0,0,0,0,0,0
25,2,3,0,0,0,0,0,1,0,0,0,0,0,0,0,0,0,0,0,0,0
26,2,6,0,0,1,0,0,0,0,0,0,0,0,0,0,0,0,0,0,0,0
27,2,3,0,0,0,0,0,1,0,0,0,0,0,0,0,0,0,0,0,0,0
28,2,6,0,0,1,0,0,0,0,0,0,0,0,0,0,0,0,0,0,0,0
29,2,5,0,0,0,0,0,1,0,0,0,0,0,0,0,0,0,0,0,0,0
30,2,6,0,0,0,0,1,0,0,0,0,0,0,0,0,0,0,0,0,0,0
31,2,7,0,0,0,0,0,1,0,0,0,0,0,0,0,0,0,0,0,0,0
32,2,6,0,0,0,0,0,0,1,0,0,0,0,0,0,0,0,0,0,0,0
33,2,3,0,0,0,0,0,0,1,0,0,0,0,0,0,0,0,0,0,0,0
34,2,4,0,0,0,0,0,0,1,0,0,0,0,0,0,0,0,0,0,0,0
35,2,4,0,0,0,0,0,0,1,0,0,0,0,0,0,0,0,0,0,0,0
36,2,6,0,0,0,0,0,0,1,0,0,0,0,0,0,0,0,0,0,0,0
37,2,6,0,0,0,0,0,0,1,0,0,0,0,0,0,0,0,0,0,0,0
38,2,5,0,0,0,1,0,0,0,0,0,0,0,0,0,0,0,0,0,0,0
39,2,4,0,0,0,0,1,0,0,0,0,0,0,0,0,0,0,0,0,0,0
40,2,3,0,0,0,1,0,0,0,0,0,0,0,0,0,0,0,0,0,0,0
41,2,4,0,0,1,0,0,0,0,0,0,0,0,0,0,0,0,0,0,0,0
42,2,3,0,0,0,1,0,0,0,0,0,0,0,0,0,0,0,0,0,0,0
43,2,4,0,0,1,0,0,0,0,0,0,0,0,0,0,0,0,0,0,0,0
44,2,3,0,0,0,1,0,0,0,0,0,0,0,0,0,0,0,0,0,0,0
45,2,4,0,0,1,0,0,0,0,0,0,0,0,0,0,0,0,0,0,0,0
46,2,3,0,0,0,1,0,0,0,0,0,0,0,0,0,0,0,0,0,0,0
47,2,3,0,0,0,0,0,1,0,0,0,0,0,0,0,0,0,0,0,0,0
48,2,6,0,0,1,0,0,0,0,0,0,0,0,0,0,0,0,0,0,0,0
49,2,5,0,0,1,1,0,1,1,0,0,0,0,0,0,0,0,0,0,0,0
50,2,5,0,0,0,0,0,0,1,0,0,0,0,0,0,0,0,0,0,0,0
51,3,5,0,0,1,0,0,0,0,0,0,0,0,0,0,0,0,0,0,0,0
52,3,3,0,0,0,0,1,0,0,0,0,0,0,0,0,0,0,0,0,0,0
53,3,5,0,0,1,0,0,0,0,0,0,0,0,0,0,0,0,0,0,0,0
54,3,3,0,0,0,1,1,1,1,0,0,0,0,0,0,0,0,0,0,0,0
55,4,8,0,0,1,1,1,1,1,0,0,0,0,0,0,0,0,0,0,0,0
56,4,3,0,0,0,0,0,0,0,1,0,0,0,0,0,0,0,0,0,0,0
57,4,8,0,0,1,0,0,0,0,0,0,0,0,0,0,0,0,0,0,0,0
58,4,3,0,0,0,0,0,0,0,1,0,0,0,0,0,0,0,0,0,0,0
59,4,4,0,0,0,0,0,0,0,1,0,0,0,0,0,0,0,0,0,0,0
60,4,3,0,0,0,1,0,0,0,0,0,0,0,0,0,0,0,0,0,0,0
61,4,8,0,0,0,1,0,0,0,0,0,0,0,0,0,0,0,0,0,0,0
62,4,4,0,0,0,0,0,0,0,1,0,0,0,0,0,0,0,0,0,0,0
63,4,8,0,0,0,1,0,0,0,0,0,0,0,0,0,0,0,0,0,0,0
64,4,3,0,0,0,0,0,0,0,1,0,0,0,0,0,0,0,0,0,0,0
65,4,8,0,0,1,0,0,0,0,0,0,0,0,0,0,0,0,0,0,0,0
66,4,3,0,0,0,0,0,0,0,1,0,0,0,0,0,0,0,0,0,0,0
67,4,8,0,0,1,0,0,0,0,0,0,0,0,0,0,0,0,0,0,0,0
68,4,3,0,0,0,0,0,0,0,1,0,0,0,0,0,0,0,0,0,0,0
69,4,8,0,0,1,0,0,0,0,0,0,0,0,0,0,0,0,0,0,0,0
70,4,6,0,0,0,0,0,0,0,1,0,0,0,0,0,0,0,0,0,0,0
71,4,6,0,0,1,0,0,0,0,0,0,0,0,0,0,0,0,0,0,0,0
72,4,6,0,0,0,0,0,0,0,1,0,0,0,0,0,0,0,0,0,0,0
73,4,5,0,0,0,0,0,1,0,0,0,0,0,0,0,0,0,0,0,0,0
74,4,6,0,0,0,0,1,0,0,0,0,0,0,0,0,0,0,0,0,0,0
75,4,6,0,0,1,1,1,0,1,0,0,0,0,0,0,0,0,0,0,0,0
76,5,3,0,0,0,1,0,0,0,0,0,0,0,0,0,0,0,0,0,0,0
77,5,4,0,0,1,0,0,0,0,0,0,0,0,0,0,0,0,0,0,0,0
78,5,3,0,0,0,1,0,0,0,0,0,0,0,0,0,0,0,0,0,0,0
79,5,3,0,0,0,1,0,0,0,0,0,0,0,0,0,0,0,0,0,0,0
80,5,4,0,0,1,0,0,0,0,0,0,0,0,0,0,0,0,0,0,0,0
81,5,3,0,0,0,1,0,0,0,0,0,0,0,0,0,0,0,0,0,0,0
82,5,5,0,0,1,0,0,0,0,0,0,0,0,0,0,0,0,0,0,0,0
83,5,3,0,0,0,0,1,0,0,0,0,0,0,0,0,0,0,0,0,0,0
84,5,5,0,0,1,0,0,0,0,0,0,0,0,0,0,0,0,0,0,0,0
85,5,5,0,0,1,0,0,0,0,0,0,0,0,0,0,0,0,0,0,0,0
86,5,3,0,0,0,0,1,0,0,0,0,0,0,0,0,0,0,0,0,0,0
87,5,5,0,0,1,0,0,0,0,0,0,0,0,0,0,0,0,0,0,0,0
88,5,3,0,0,0,0,1,0,0,0,0,0,0,0,0,0,0,0,0,0,0
89,5,5,0,0,1,0,0,0,0,0,0,0,0,0,0,0,0,0,0,0,0
90,5,9,0,0,0,1,0,0,0,0,0,0,0,0,0,0,0,0,0,0,0
91,5,4,0,0,0,0,0,0,0,0,1,0,0,0,0,0,0,0,0,0,0
92,5,9,0,0,0,1,0,0,0,0,0,0,0,0,0,0,0,0,0,0,0
93,5,4,0,0,0,0,0,0,0,0,1,0,0,0,0,0,0,0,0,0,0
94,5,3,0,0,0,1,1,1,1,0,0,0,0,0,0,0,0,0,0,0,0
95,5,4,0,0,1,0,1,1,0,0,0,0,0,0,0,0,0,0,0,0,0
96,5,5,0,0,1,0,0,0,0,0,0,0,0,0,0,0,0,0,0,0,0
97,5,6,0,0,0,0,1,0,0,0,0,0,0,0,0,0,0,0,0,0,0
98,5,5,0,0,1,0,0,0,0,0,0,0,0,0,0,0,0,0,0,0,0
99,5,3,0,0,0,0,0,1,0,0,0,0,0,0,0,0,0,0,0,0,0
100,5,6,0,0,1,0,0,0,0,0,0,0,0,0,0,0,0,0,0,0,0
101,5,4,0,0,0,0,0,1,0,0,0,0,0,0,0,0,0,0,0,0,0
102,5,6,0,0,1,1,0,0,0,0,0,0,0,0,0,0,0,0,0,0,0
103,5,3,0,0,0,0,0,1,0,0,0,0,0,0,0,0,0,0,0,0,0
104,5,6,0,0,1,0,0,0,0,0,0,0,0,0,0,0,0,0,0,0,0
105,5,3,0,0,0,0,0,1,0,0,0,0,0,0,0,0,0,0,0,0,0
106,5,6,0,0,1,0,0,0,0,0,0,0,0,0,0,0,0,0,0,0,0
107,5,4,0,0,1,0,0,1,0,0,0,0,0,0,0,0,0,0,0,0,0
108,5,3,0,0,0,1,1,1,1,0,0,0,0,0,0,0,0,0,0,0,0
109,5,6,0,0,1,1,1,0,1,0,0,0,0,0,0,0,0,0,0,0,0
110,5,4,0,0,0,0,0,1,0,0,0,0,0,0,0,0,0,0,0,0,0
111,5,3,0,0,0,1,0,0,0,0,0,0,0,0,0,0,0,0,0,0,0
112,5,4,0,0,1,0,0,0,0,0,0,0,0,0,0,0,0,0,0,0,0
113,5,3,0,0,0,1,0,0,0,0,0,0,0,0,0,0,0,0,0,0,0
114,5,4,0,0,1,0,0,0,0,0,0,0,0,0,0,0,0,0,0,0,0
115,5,5,0,0,1,0,0,0,0,0,0,0,0,0,0,0,0,0,0,0,0
116,5,3,0,0,0,0,1,0,0,0,0,0,0,0,0,0,0,0,0,0,0
117,5,6,0,0,0,0,1,0,0,0,0,0,0,0,0,0,0,0,0,0,0
118,5,6,0,0,1,0,0,0,0,0,0,0,0,0,0,0,0,0,0,0,0
119,5,3,0,0,0,0,0,1,0,0,0,0,0,0,0,0,0,0,0,0,0
120,5,6,0,0,1,0,0,0,0,0,0,0,0,0,0,0,0,0,0,0,0
121,5,3,0,0,0,0,0,1,0,0,0,0,0,0,0,0,0,0,0,0,0
122,5,4,0,0,1,0,0,1,0,0,0,0,0,0,0,0,0,0,0,0,0
123,5,6,0,0,1,0,0,0,0,0,0,0,0,0,0,0,0,0,0,0,0
124,5,3,0,0,0,0,0,1,0,0,0,0,0,0,0,0,0,0,0,0,0
125,5,6,0,0,1,0,0,0,0,0,0,0,0,0,0,0,0,0,0,0,0
126,5,5,0,0,1,1,0,1,1,0,0,0,0,0,0,0,0,0,0,0,0
127,5,4,0,0,1,0,1,1,0,0,0,0,0,0,0,0,0,0,0,0,0
128,5,3,0,0,0,0,0,1,0,0,0,0,0,0,0,0,0,0,0,0,0
129,5,6,0,0,1,0,0,0,0,0,0,0,0,0,0,0,0,0,0,0,0
130,5,6,0,0,1,1,1,0,1,0,0,0,0,0,0,0,0,0,0,0,0
131,5,4,0,0,0,0,0,1,0,0,0,0,0,0,0,0,0,0,0,0,0
132,5,3,0,0,0,1,1,1,1,0,0,0,0,0,0,0,0,0,0,0,0
133,5,4,0,0,1,0,0,1,0,0,0,0,0,0,0,0,0,0,0,0,0
134,5,4,0,0,0,0,0,0,1,0,0,0,0,0,0,0,0,0,0,0,0
135,5,5,0,0,0,0,0,0,0,0,1,0,0,0,0,0,0,0,0,0,0
136,5,4,0,0,1,0,0,1,0,0,0,0,0,0,0,0,0,0,0,0,0
137,5,4,0,0,1,0,0,1,0,0,0,0,0,0,0,0,0,0,0,0,0
138,5,4,0,0,1,0,0,1,0,0,0,0,0,0,0,0,0,0,0,0,0
139,5,3,0,0,0,1,0,1,0,0,0,0,0,0,0,0,0,0,0,0,0
140,5,4,0,0,1,0,0,1,0,0,0,0,0,0,0,0,0,0,0,0,0
141,5,6,0,0,1,1,0,0,0,0,0,0,0,0,0,0,0,0,0,0,0
142,5,3,0,0,0,0,0,1,0,0,0,0,0,0,0,0,0,0,0,0,0
143,5,6,0,0,1,0,0,0,0,0,0,0,0,0,0,0,0,0,0,0,0
144,5,4,0,0,0,0,0,0,1,0,0,0,0,0,0,0,0,0,0,0,0
145,5,3,0,0,0,0,0,0,1,0,0,0,0,0,0,0,0,0,0,0,0
146,6,5,0,0,1,1,0,1,1,0,0,0,0,0,0,0,0,0,0,0,0
147,7,4,0,0,1,0,0,1,0,0,0,0,0,0,0,0,0,0,0,0,0
148,7,3,0,0,0,1,0,0,0,0,0,0,0,0,0,0,0,0,0,0,0
149,7,4,0,0,1,0,0,1,0,0,0,0,0,0,0,0,0,0,0,0,0
150,7,3,0,0,0,0,1,0,0,0,0,0,0,0,0,0,0,0,0,0,0
151,7,4,0,0,1,0,0,0,0,0,0,0,0,0,0,0,0,0,0,0,0
152,7,3,0,0,0,1,0,0,0,0,0,0,0,0,0,0,0,0,0,0,0
153,7,5,0,0,1,0,0,0,0,0,0,0,0,0,0,0,0,0,0,0,0
154,7,3,0,0,0,0,1,0,0,0,0,0,0,0,0,0,0,0,0,0,0
155,7,6,0,0,1,0,0,0,0,0,0,0,0,0,0,0,0,0,0,0,0
156,7,3,0,0,0,0,0,1,0,0,0,0,0,0,0,0,0,0,0,0,0
157,7,6,0,0,1,0,0,0,0,0,0,0,0,0,0,0,0,0,0,0,0
158,7,3,0,0,0,0,0,1,0,0,0,0,0,0,0,0,0,0,0,0,0
159,7,6,0,0,1,0,0,0,0,0,0,0,0,0,0,0,0,0,0,0,0
160,7,5,0,0,0,0,0,1,0,0,0,0,0,0,0,0,0,0,0,0,0
161,7,6,0,0,0,0,1,0,0,0,0,0,0,0,0,0,0,0,0,0,0
162,7,4,0,0,0,0,0,1,0,0,0,0,0,0,0,0,0,0,0,0,0
163,7,6,0,0,0,1,0,0,0,0,0,0,0,0,0,0,0,0,0,0,0
164,7,3,0,0,0,0,0,1,0,0,0,0,0,0,0,0,0,0,0,0,0
165,7,6,0,0,1,0,0,0,0,0,0,0,0,0,0,0,0,0,0,0,0
166,7,3,0,0,0,0,0,1,0,0,0,0,0,0,0,0,0,0,0,0,0
167,7,6,0,0,0,1,1,0,0,0,0,0,0,0,0,0,0,0,0,0,0
168,7,5,0,0,0,0,0,1,0,0,0,0,0,0,0,0,0,0,0,0,0
169,7,3,0,0,0,1,1,0,0,0,0,0,0,0,0,0,0,0,0,0,0
170,7,6,0,0,1,0,0,0,0,0,0,0,0,0,0,0,0,0,0,0,0
171,7,9,0,0,1,1,1,1,1,0,0,0,0,0,0,0,0,0,0,0,0
172,7,9,0,0,1,1,1,1,1,0,0,0,0,0,0,0,0,0,0,0,0
173,7,4,0,0,0,0,0,0,0,0,1,0,0,0,0,0,0,0,0,0,0
174,7,9,0,0,0,1,0,0,0,0,0,0,0,0,0,0,0,0,0,0,0
175,7,4,0,0,0,0,0,0,0,0,1,0,0,0,0,0,0,0,0,0,0
176,7,9,0,0,0,1,0,0,0,0,0,0,0,0,0,0,0,0,0,0,0
177,7,3,0,0,0,0,0,0,0,0,1,0,0,0,0,0,0,0,0,0,0
178,7,5,0,0,1,1,0,1,1,0,1,0,0,0,0,0,0,0,0,0,0
179,7,2,0,0,1,0,0,0,0,0,0,0,0,0,0,0,0,0,0,0,0
180,7,3,0,1,0,0,0,0,0,0,0,0,0,0,0,0,0,0,0,0,0
181,7,2,0,0,1,0,0,0,0,0,0,0,0,0,0,0,0,0,0,0,0
182,7,2,0,0,1,0,0,0,0,0,0,0,0,0,0,0,0,0,0,0,0
183,8,10,0,0,0,0,0,0,0,0,0,0,1,0,0,0,0,0,0,0,0
184,9,11,0,0,0,0,0,0,0,0,0,0,0,1,0,0,0,0,0,0,0
185,9,11,0,0,0,0,0,0,0,0,0,0,0,1,0,0,0,0,0,0,0
186,9,12,0,0,0,0,0,0,0,0,0,0,1,0,0,0,0,0,0,0,0
187,9,11,0,0,0,0,0,0,0,0,0,0,0,1,0,0,0,0,0,0,0
188,9,11,0,0,0,0,0,0,0,0,0,0,0,1,0,0,0,0,0,0,0
189,9,12,0,0,0,0,0,0,0,0,0,0,1,0,0,0,0,0,0,0,0
190,9,11,0,0,0,0,0,0,0,0,0,0,0,1,0,0,0,0,0,0,0
191,9,12,0,0,0,0,0,0,0,0,0,0,1,0,0,0,0,0,0,0,0
192,9,11,0,0,0,0,0,0,0,0,0,0,0,1,0,0,0,0,0,0,0
193,9,12,0,0,0,0,0,0,0,0,0,0,1,0,0,0,0,0,0,0,0
194,9,11,0,0,0,0,0,0,0,0,0,0,0,1,0,0,0,0,0,0,0
195,9,12,0,0,0,0,0,0,0,0,0,0,1,0,0,0,0,0,0,0,0
196,9,12,0,0,0,0,0,0,0,0,0,0,1,0,0,0,0,0,0,0,0
197,9,13,0,0,0,0,0,0,0,0,0,1,0,0,0,1,0,0,0,0,0
198,9,14,0,0,0,0,0,0,0,0,0,0,0,0,1,0,0,0,0,0,0
199,9,13,0,0,0,0,0,0,0,0,0,0,0,0,0,1,0,0,0,0,0
200,9,10,0,0,0,0,0,0,0,0,0,0,0,0,1,0,0,0,0,0,0
201,9,8,0,0,0,0,0,0,0,0,0,0,1,0,0,0,0,0,0,0,0
202,10,2,0,0,1,0,0,0,0,0,0,0,0,0,0,0,0,0,0,0,0
203,10,3,0,1,0,0,0,0,0,0,0,0,0,0,0,0,0,0,0,0,0
204,10,2,0,0,1,0,0,0,0,0,0,0,0,0,0,0,0,0,0,0,0
205,10,5,0,0,1,0,0,0,0,0,0,0,0,0,0,0,0,0,0,0,0
206,10,3,0,0,0,0,1,0,0,0,0,0,0,0,0,0,0,0,0,0,0
207,10,5,0,0,1,0,0,0,0,0,0,0,0,0,0,0,0,0,0,0,0
208,10,6,0,0,0,0,1,0,0,0,0,0,0,0,0,0,0,0,0,0,0
209,10,3,0,1,0,0,1,0,0,0,0,0,0,0,0,0,0,0,0,0,0
210,10,2,0,0,1,0,0,0,0,0,0,0,0,0,0,0,0,0,0,0,0
211,10,3,0,1,0,0,0,0,0,0,0,0,0,0,0,0,0,0,0,0,0
212,10,2,0,0,1,0,0,0,0,0,0,0,0,0,0,0,0,0,0,0,0
213,10,4,0,1,0,0,0,0,0,0,0,0,0,0,0,0,0,0,0,0,0
214,10,2,0,0,0,1,0,0,0,0,0,0,0,0,0,0,0,0,0,0,0
215,10,2,0,0,1,0,0,0,0,0,0,0,0,0,0,0,0,0,0,0,0
216,10,2,0,0,1,0,0,0,0,0,0,0,0,0,0,0,0,0,0,0,0
217,10,3,0,0,0,1,0,0,0,0,0,0,0,0,0,0,0,0,0,0,0
218,10,4,0,0,1,0,0,0,0,0,0,0,0,0,0,0,0,0,0,0,0
219,11,15,0,0,0,0,1,0,0,0,0,0,0,0,0,0,0,0,0,0,0
220,11,5,0,0,0,0,0,0,0,0,0,0,0,0,0,0,1,0,0,0,0
221,11,15,0,0,0,0,1,0,0,0,0,0,0,0,0,0,0,0,0,0,0
222,11,5,0,0,0,0,0,0,0,0,0,0,0,0,0,0,1,0,0,0,0
223,11,15,0,0,0,0,1,0,0,0,0,0,0,0,0,0,0,0,0,0,0
224,11,15,0,0,0,0,1,0,0,0,0,0,0,0,0,0,0,0,0,0,0
225,11,5,0,0,0,0,0,0,0,0,0,0,0,0,0,0,1,0,0,0,0
226,11,5,0,0,0,0,0,0,0,0,0,0,0,0,0,0,1,0,0,0,0
227,11,15,0,0,0,0,1,0,0,0,0,0,0,0,0,0,0,0,0,0,0
228,11,5,0,0,0,0,0,0,0,0,0,0,0,0,0,0,1,0,0,0,0
229,12,3,0,0,0,1,0,0,0,0,0,0,0,0,0,0,0,0,0,0,0
230,12,4,0,0,1,0,0,0,0,0,0,0,0,0,0,0,0,0,0,0,0
231,12,3,0,0,0,1,0,0,0,0,0,0,0,0,0,0,0,0,0,0,0
232,12,4,0,0,1,0,0,0,0,0,0,0,0,0,0,0,0,0,0,0,0
233,12,3,0,0,0,1,0,0,0,0,0,0,0,0,0,0,0,0,0,0,0
234,12,4,0,0,1,0,0,0,0,0,0,0,0,0,0,0,0,0,0,0,0
235,12,3,0,0,0,1,0,0,0,0,0,0,0,0,0,0,0,0,0,0,0
236,12,4,0,0,1,0,0,0,0,0,0,0,0,0,0,0,0,0,0,0,0
237,12,3,0,0,0,1,0,0,0,0,0,0,0,0,0,0,0,0,0,0,0
238,12,4,0,0,1,0,0,0,0,0,0,0,0,0,0,0,0,0,0,0,0
239,12,3,0,0,0,1,0,0,0,0,0,0,0,0,0,0,0,0,0,0,0
240,12,4,0,0,1,0,0,0,0,0,0,0,0,0,0,0,0,0,0,0,0
241,12,3,0,0,0,1,0,0,0,0,0,0,0,0,0,0,0,0,0,0,0
242,12,4,0,0,1,0,0,0,0,0,0,0,0,0,0,0,0,0,0,0,0
243,12,3,0,0,0,1,0,0,0,0,0,0,0,0,0,0,0,0,0,0,0
244,12,4,0,0,1,0,0,0,0,0,0,0,0,0,0,0,0,0,0,0,0
245,12,3,0,0,0,1,0,0,0,0,0,0,0,0,0,0,0,0,0,0,0
246,12,4,0,0,1,0,0,0,0,0,0,0,0,0,0,0,0,0,0,0,0
247,12,4,0,0,1,0,0,0,0,0,0,0,0,0,0,0,0,0,0,0,0
248,13,9,0,0,0,1,0,0,0,0,0,0,0,0,0,0,0,0,0,0,0
249,13,4,0,0,0,0,0,0,0,0,1,0,0,0,0,0,0,0,0,0,0
250,13,4,0,0,0,0,0,1,0,0,0,0,0,0,0,0,0,0,0,0,0
251,13,6,0,0,0,1,0,0,0,0,0,0,0,0,0,0,0,0,0,0,0
252,13,4,0,0,0,0,0,1,0,0,0,0,0,0,0,0,0,0,0,0,0
253,13,6,0,0,0,1,0,0,0,0,0,0,0,0,0,0,0,0,0,0,0
254,13,4,0,0,0,0,0,0,1,0,0,0,0,0,0,0,0,0,0,0,0
255,13,5,0,0,1,0,0,0,0,0,0,0,0,0,0,0,0,0,0,0,0
256,13,3,0,0,0,0,1,0,0,0,0,0,0,0,0,0,0,0,0,0,0
257,13,5,0,0,1,0,0,0,0,0,0,0,0,0,0,0,0,0,0,0,0
258,13,3,0,0,0,0,1,0,0,0,0,0,0,0,0,0,0,0,0,0,0
259,13,5,0,0,1,0,0,0,0,0,0,0,0,0,0,0,0,0,0,0,0
260,13,4,0,0,0,0,1,0,0,0,0,0,0,0,0,0,0,0,0,0,0
261,13,5,0,0,0,1,0,0,0,0,0,0,0,0,0,0,0,0,0,0,0
262,13,6,0,0,1,0,0,0,0,0,0,0,0,0,0,0,0,0,0,0,0
263,13,3,0,0,0,0,0,1,0,0,0,0,0,0,0,0,0,0,0,0,0
264,14,3,0,0,0,0,0,0,0,0,0,0,0,0,0,0,1,0,0,0,0
265,14,15,0,0,1,0,0,0,0,0,0,0,0,0,0,0,0,0,0,0,0
266,14,3,0,0,0,0,0,0,0,0,0,0,0,0,0,0,1,0,0,0,0
267,14,15,0,0,1,0,0,0,0,0,0,0,0,0,0,0,0,0,0,0,0
268,14,5,0,0,0,0,0,0,0,0,0,0,0,0,0,0,1,0,0,0,0
269,14,3,0,0,0,0,1,0,0,0,0,0,0,0,0,0,0,0,0,0,0
270,14,5,0,0,0,0,0,0,0,0,0,0,0,0,0,0,1,0,0,0,0
271,14,3,0,0,0,0,0,0,0,0,0,0,0,0,0,0,1,0,0,0,0
272,14,15,0,0,1,0,1,0,0,0,0,0,0,0,0,0,0,0,0,0,0
273,14,15,0,0,1,1,1,0,0,0,0,0,0,0,0,0,0,0,0,0,0
274,14,4,0,0,0,0,0,0,0,0,0,0,0,0,0,0,1,0,0,0,0
275,14,15,0,0,1,1,1,0,0,0,0,0,0,0,0,0,0,0,0,0,0
276,14,3,0,0,0,0,0,0,0,0,0,0,0,0,0,0,1,0,0,0,0
277,14,15,0,0,1,1,1,0,0,0,0,0,0,0,0,0,0,0,0,0,0
278,14,15,0,0,1,0,0,0,0,0,0,0,0,0,0,0,0,0,0,0,0
279,14,3,0,0,0,0,0,0,0,0,0,0,0,0,0,0,1,0,0,0,0
280,14,15,0,0,1,0,0,0,0,0,0,0,0,0,0,0,0,0,0,0,0
281,14,3,0,0,0,0,0,0,0,0,0,0,0,0,0,0,1,0,0,0,0
282,14,15,0,0,1,0,0,0,0,0,0,0,0,0,0,0,0,0,0,0,0
283,14,3,0,0,0,0,0,0,0,0,0,0,0,0,0,0,1,0,0,0,0
284,14,15,0,0,1,0,0,0,0,0,0,0,0,0,0,0,0,0,0,0,0
285,14,3,0,0,0,0,0,0,0,0,0,0,0,0,0,0,1,0,0,0,0
286,14,3,0,0,0,0,1,0,0,0,0,0,0,0,0,0,0,0,0,0,0
287,14,5,0,0,1,0,0,0,0,0,0,0,0,0,0,0,0,0,0,0,0
288,14,3,0,0,0,0,1,0,0,0,0,0,0,0,0,0,0,0,0,0,0
289,14,5,0,0,1,0,0,0,0,0,0,0,0,0,0,0,0,0,0,0,0
290,14,5,0,0,0,0,0,0,0,0,0,0,0,0,0,0,1,0,0,0,0
291,14,15,0,0,0,0,1,0,0,0,0,0,0,0,0,0,0,0,0,0,0
292,14,3,0,0,0,0,1,0,0,0,0,0,0,0,0,0,1,0,0,0,0
293,14,4,0,0,0,0,0,0,0,0,0,0,0,0,0,0,1,0,0,0,0
294,14,15,0,0,1,1,1,0,0,0,0,0,0,0,0,0,0,0,0,0,0
295,14,3,0,0,0,0,0,0,0,0,0,0,0,0,0,0,1,0,0,0,0
296,14,15,0,0,1,1,1,0,0,0,0,0,0,0,0,0,0,0,0,0,0
297,14,5,0,0,0,0,0,0,0,0,0,0,0,0,0,0,1,0,0,0,0
298,14,15,0,0,0,0,1,0,0,0,0,0,0,0,0,0,0,0,0,0,0
299,15,11,0,0,0,0,0,1,0,0,0,0,0,0,0,0,0,0,0,0,0
300,15,6,0,0,0,0,0,0,0,0,0,0,1,0,0,0,0,0,0,0,0
301,15,11,0,0,0,0,0,1,0,0,0,0,0,0,0,0,0,0,0,0,0
302,15,9,0,0,0,0,0,0,1,0,0,0,0,0,0,0,0,0,0,0,0
303,15,11,0,0,0,0,0,1,0,0,0,0,0,0,0,0,0,0,0,0,0
304,15,6,0,0,0,0,0,0,0,0,0,0,1,0,0,0,0,0,0,0,0
305,15,11,0,0,0,0,0,1,0,0,0,0,0,0,0,0,0,0,0,0,0
306,15,13,0,0,0,0,0,0,0,0,0,0,1,0,0,0,0,0,0,0,0
307,15,11,0,0,0,0,0,0,0,0,0,0,0,0,1,0,0,0,0,0,0
308,15,13,0,0,0,0,0,0,0,0,0,0,1,0,0,0,0,0,0,0,0
309,15,11,0,0,0,0,0,0,0,0,0,0,0,0,1,0,0,0,0,0,0
310,15,16,0,0,0,0,0,0,0,0,0,0,1,0,0,0,0,0,0,0,0
311,15,11,0,0,0,0,0,0,0,0,0,0,0,0,0,0,0,1,0,0,0
312,15,16,0,0,0,0,0,0,0,0,0,0,1,0,0,0,0,0,0,0,0
313,15,11,0,0,0,0,0,0,0,0,0,1,0,0,1,1,0,1,0,0,0
314,15,14,0,0,0,0,0,0,0,0,0,0,1,0,0,0,0,0,0,0,0
315,15,14,0,0,0,0,0,0,0,0,0,0,1,0,0,0,0,0,0,0,0
316,15,10,0,0,0,0,0,0,0,0,0,0,0,0,0,1,0,0,0,0,0
317,15,13,0,0,0,0,0,0,0,0,0,1,1,0,0,1,0,1,0,0,0
318,15,10,0,0,0,0,0,0,0,0,0,0,0,0,1,1,0,1,0,0,0
319,15,6,0,0,0,0,0,0,0,0,0,1,1,0,1,1,0,1,0,0,0
320,15,9,0,0,0,0,0,0,0,0,0,1,0,0,1,1,0,1,0,0,0
321,15,9,0,0,0,0,0,0,0,0,0,1,0,0,1,1,0,1,0,0,0
322,16,2,0,0,1,1,1,0,0,0,0,0,0,0,0,0,0,0,0,0,0
323,16,3,0,1,0,0,0,0,0,0,0,0,0,0,0,0,0,0,0,0,0
324,16,2,0,0,1,0,0,0,0,0,0,0,0,0,0,0,0,0,0,0,0
325,16,5,0,1,1,1,0,0,0,0,0,0,0,0,0,0,1,0,0,0,0
326,16,4,0,1,0,0,0,0,0,0,0,0,0,0,0,0,0,0,0,0,0
327,16,2,0,0,0,1,0,0,0,0,0,0,0,0,0,0,0,0,0,0,0
328,16,3,0,1,0,0,0,0,0,0,0,0,0,0,0,0,0,0,0,0,0
329,16,2,0,0,1,0,0,0,0,0,0,0,0,0,0,0,0,0,0,0,0
330,16,2,0,0,1,1,1,0,0,0,0,0,0,0,0,0,0,0,0,0,0
331,16,2,0,0,1,1,1,0,0,0,0,0,0,0,0,0,0,0,0,0,0
332,16,5,0,1,0,0,0,0,0,0,0,0,0,0,0,0,0,0,0,0,0
333,16,3,0,0,0,0,1,0,0,0,0,0,0,0,0,0,0,0,0,0,0
334,16,4,0,0,0,0,1,0,0,0,0,0,0,0,0,0,0,0,0,0,0
335,16,5,0,0,1,1,0,0,0,0,0,0,0,0,0,0,0,0,0,0,0
336,16,3,0,0,0,0,1,0,0,0,0,0,0,0,0,0,0,0,0,0,0
337,16,5,0,0,1,0,0,0,0,0,0,0,0,0,0,0,0,0,0,0,0
338,16,3,0,0,0,0,1,0,0,0,0,0,0,0,0,0,0,0,0,0,0
339,16,5,0,0,1,0,0,0,0,0,0,0,0,0,0,0,0,0,0,0,0
340,16,2,0,0,0,0,1,0,0,0,0,0,0,0,0,0,0,0,0,0,0
341,16,5,0,1,0,0,0,0,0,0,0,0,0,0,0,0,0,0,0,0,0
342,16,2,0,0,1,1,1,0,0,0,0,0,0,0,0,0,0,0,0,0,0
343,16,2,0,0,1,1,1,0,0,0,0,0,0,0,0,0,0,0,0,0,0
344,16,3,0,1,0,0,0,0,0,0,0,0,0,0,0,0,0,0,0,0,0
345,16,2,0,0,1,0,0,0,0,0,0,0,0,0,0,0,0,0,0,0,0
346,16,2,0,0,1,1,1,0,0,0,0,0,0,0,0,0,0,0,0,0,0
347,16,2,0,0,1,0,0,0,0,0,0,0,0,0,0,0,0,0,0,0,0
348,16,2,0,0,1,0,0,0,0,0,0,0,0,0,0,0,0,0,0,0,0
349,16,3,0,1,0,0,0,0,0,0,0,0,0,0,0,0,0,0,0,0,0
350,17,13,0,0,0,0,0,0,0,0,0,0,1,0,0,0,0,0,0,0,0
351,17,13,0,0,0,0,0,0,0,0,0,0,1,0,0,0,0,0,0,0,0
352,17,13,0,0,0,0,0,0,0,0,0,0,1,0,0,1,0,1,0,0,0
353,17,6,0,0,0,0,0,0,0,0,0,0,0,0,1,0,0,0,0,0,0
354,17,13,0,0,0,0,0,1,0,0,0,0,0,0,0,0,0,0,0,0,0
355,17,6,0,0,0,0,0,0,0,0,0,0,0,0,1,0,0,0,0,0,0
356,17,13,0,0,0,0,0,1,0,0,0,0,0,0,0,1,0,1,0,0,0
357,17,6,0,0,0,0,0,0,0,0,0,0,0,0,1,0,0,0,0,0,0
358,17,13,0,0,0,0,0,1,0,0,0,0,0,0,0,1,0,1,0,0,0
359,17,6,0,0,0,0,0,0,0,0,0,0,0,0,1,0,0,0,0,0,0
360,17,13,0,0,0,0,0,1,0,0,0,0,0,0,0,0,0,0,0,0,0
361,17,13,0,0,0,0,0,0,0,0,0,0,1,0,0,0,0,0,0,0,0
362,17,13,0,0,0,0,0,1,0,0,0,0,0,0,0,0,0,0,0,0,0
363,17,6,0,0,0,0,0,0,0,0,0,0,0,0,1,0,0,0,0,0,0
364,17,13,0,0,0,0,0,1,0,0,0,0,0,0,0,0,0,0,0,0,0
365,17,6,0,0,0,0,0,0,0,0,0,0,0,0,1,0,0,0,0,0,0
366,17,9,0,0,0,0,0,0,0,0,0,0,0,0,1,0,0,0,0,0,0
367,17,13,0,0,0,0,0,0,0,0,1,0,0,0,0,0,0,0,0,0,0
368,17,9,0,0,0,0,0,0,0,0,0,0,0,0,1,0,0,0,0,0,0
369,17,9,0,0,0,0,0,0,0,0,0,0,0,0,1,0,0,0,0,0,0
370,18,14,0,0,0,0,0,0,0,0,1,0,0,0,0,0,0,0,0,0,0
371,18,9,0,0,0,0,0,0,0,0,0,0,0,0,0,1,0,0,0,0,0
372,18,14,0,0,0,0,0,0,0,0,1,0,0,0,0,0,0,0,0,0,0
373,18,9,0,0,0,0,0,0,0,0,0,0,0,0,0,1,0,0,0,0,0
374,18,14,0,0,0,0,0,0,0,0,1,0,0,0,0,0,0,0,0,0,0
375,18,9,0,0,0,0,0,0,0,0,0,0,0,0,0,1,0,0,0,0,0
376,18,14,0,0,0,0,0,0,0,0,1,0,0,0,0,0,0,0,0,0,0
377,18,14,0,0,0,0,0,0,0,0,1,0,0,0,0,0,0,0,0,0,0
378,19,3,0,1,0,0,0,0,0,0,0,0,0,0,0,0,0,0,0,0,0
379,19,3,0,1,0,0,0,0,0,0,0,0,0,0,0,0,0,0,0,0,0
380,19,2,0,0,1,0,0,0,0,0,0,0,0,0,0,0,0,0,0,0,0
381,19,3,0,1,0,0,0,0,0,0,0,0,0,0,0,0,0,0,0,0,0
382,19,2,0,0,1,0,0,0,0,0,0,0,0,0,0,0,0,0,0,0,0
383,19,3,0,1,0,0,0,0,0,0,0,0,0,0,0,0,0,0,0,0,0
384,19,2,0,0,1,0,0,0,0,0,0,0,0,0,0,0,0,0,0,0,0
385,19,3,0,1,0,0,0,0,0,0,0,0,0,0,0,0,0,0,0,0,0
386,19,2,0,0,1,0,0,0,0,0,0,0,0,0,0,0,0,0,0,0,0
387,19,2,0,0,1,0,0,0,0,0,0,0,0,0,0,0,0,0,0,0,0
388,19,3,0,1,0,0,0,0,0,0,0,0,0,0,0,0,0,0,0,0,0
389,19,2,0,0,1,0,0,0,0,0,0,0,0,0,0,0,0,0,0,0,0
390,19,2,0,0,1,0,0,0,0,0,0,0,0,0,0,0,0,0,0,0,0
391,19,2,0,0,1,0,0,0,0,0,0,0,0,0,0,0,0,0,0,0,0
392,19,3,0,1,0,0,0,0,0,0,0,0,0,0,0,0,0,0,0,0,0
393,19,2,0,0,1,0,0,0,0,0,0,0,0,0,0,0,0,0,0,0,0
394,19,2,0,0,1,0,0,0,0,0,0,0,0,0,0,0,0,0,0,0,0
395,19,2,0,0,1,0,0,0,0,0,0,0,0,0,0,0,0,0,0,0,0
396,19,2,0,0,1,0,0,0,0,0,0,0,0,0,0,0,0,0,0,0,0
397,20,5,0,0,0,0,0,0,0,0,0,0,0,0,0,0,1,0,0,0,0
398,20,15,0,0,0,0,1,0,0,0,0,0,0,0,0,0,0,0,0,0,0
399,20,5,0,0,0,0,0,0,0,0,0,0,0,0,0,0,1,0,0,0,0
400,20,15,0,0,0,0,1,0,0,0,0,0,0,0,0,0,0,0,0,0,0
401,20,5,0,0,0,0,0,0,0,0,0,0,0,0,0,0,1,0,0,0,0
402,20,15,0,0,0,0,1,0,0,0,0,0,0,0,0,0,0,0,0,0,0
403,20,5,0,0,0,0,0,0,0,0,0,0,0,0,0,0,1,0,0,0,0
404,20,5,0,0,0,0,0,0,0,0,0,0,0,0,0,0,1,0,0,0,0
405,20,15,0,0,0,0,1,0,0,0,0,0,0,0,0,0,0,0,0,0,0
406,20,5,0,0,0,0,0,0,0,0,0,0,0,0,0,0,1,0,0,0,0
407,20,15,0,0,0,0,1,0,0,0,0,0,0,0,0,0,0,0,0,0,0
408,20,5,0,0,0,0,0,0,0,0,0,0,0,0,0,0,1,0,0,0,0
409,20,15,0,0,0,0,1,0,0,0,0,0,0,0,0,0,0,0,0,0,0
410,20,5,0,0,0,0,0,0,0,0,0,0,0,0,0,0,1,0,0,0,0
411,20,15,0,0,0,0,1,0,0,0,0,0,0,0,0,0,0,0,0,0,0
412,20,4,0,0,0,0,1,0,0,0,0,0,0,0,0,0,1,0,0,0,0
413,20,5,0,0,0,1,0,0,0,0,0,0,0,0,0,0,0,0,0,0,0
414,20,15,0,0,0,1,0,0,0,0,0,0,0,0,0,0,0,0,0,0,0
415,20,4,0,0,0,0,1,0,0,0,0,0,0,0,0,0,1,0,0,0,0
416,20,5,0,0,0,1,0,0,0,0,0,0,0,0,0,0,0,0,0,0,0
417,20,4,0,0,0,0,0,0,0,0,0,0,0,0,0,0,1,0,0,0,0
418,21,4,0,0,0,0,0,0,0,0,0,0,0,0,0,0,1,0,0,0,0
419,21,15,0,0,0,1,0,0,0,0,0,0,0,0,0,0,0,0,0,0,0
420,21,4,0,0,0,0,0,0,0,0,0,0,0,0,0,0,1,0,0,0,0
421,21,15,0,0,0,1,0,0,0,0,0,0,0,0,0,0,0,0,0,0,0
422,21,4,0,0,0,0,0,0,0,0,0,0,0,0,0,0,1,0,0,0,0
423,21,15,0,0,0,1,0,0,0,0,0,0,0,0,0,0,0,0,0,0,0
424,22,13,0,0,0,0,0,0,0,0,0,0,1,0,0,0,0,0,0,0,0
425,22,13,0,0,0,0,0,1,0,0,0,0,1,0,0,0,0,0,0,0,0
426,22,6,0,0,0,0,0,0,0,0,0,0,0,0,1,0,0,0,0,0,0
427,22,6,0,0,0,0,0,0,0,0,0,0,0,0,1,0,0,0,0,0,0
428,22,16,0,0,0,0,0,0,0,0,0,0,0,0,1,0,0,0,0,0,0
429,22,13,0,0,0,0,0,0,0,0,0,0,0,0,0,0,0,1,0,0,0
430,22,6,0,0,0,0,0,0,0,0,0,0,1,0,0,0,0,0,0,0,0
431,22,11,0,0,0,0,0,1,0,0,0,0,0,0,0,0,0,0,0,0,0
432,22,6,0,0,0,0,0,0,0,0,0,0,1,0,0,0,0,0,0,0,0
433,22,11,0,0,0,0,0,1,0,0,0,0,0,0,0,0,0,0,0,0,0
434,22,6,0,0,0,0,0,0,0,0,0,0,1,0,0,0,0,0,0,0,0
435,22,11,0,0,0,0,0,1,0,0,0,0,0,0,0,0,0,0,0,0,0
436,22,6,0,0,0,0,0,0,0,0,0,0,1,0,0,0,0,0,0,0,0
437,22,11,0,0,0,0,0,1,0,0,0,0,0,0,0,0,0,0,0,0,0
438,22,6,0,0,0,0,0,0,0,0,0,0,1,0,0,0,0,0,0,0,0
439,22,6,0,0,0,0,0,0,0,0,0,0,1,0,0,0,0,0,0,0,0
440,22,11,0,0,0,0,0,1,0,0,0,0,0,0,0,0,0,0,0,0,0
441,22,6,0,0,0,0,0,0,0,0,0,0,1,0,0,0,0,0,0,0,0
442,22,11,0,0,0,0,0,1,0,0,0,0,0,0,0,0,0,0,0,0,0
443,22,11,0,0,0,0,0,1,0,0,0,0,0,0,0,0,0,0,0,0,0
444,23,11,0,0,0,0,0,0,1,0,0,0,0,0,0,0,0,0,0,0,0
445,23,6,0,0,0,0,0,0,1,0,0,0,0,0,0,0,0,0,0,0,0
446,23,11,0,0,0,0,0,0,1,0,0,0,0,0,0,0,0,0,0,0,0
447,23,11,0,0,0,0,0,0,1,0,0,0,0,0,0,0,0,0,0,0,0
448,24,11,0,0,0,0,0,0,1,0,0,0,0,0,0,0,0,0,0,0,0
449,24,6,0,0,0,0,0,0,0,0,0,0,1,0,0,0,0,0,0,0,0
450,24,11,0,0,0,0,0,0,1,0,0,0,0,0,0,0,0,0,0,0,0
451,25,6,0,0,0,0,0,0,1,0,0,0,0,0,0,0,0,0,0,0,0
452,25,11,0,0,0,0,0,1,0,0,0,0,0,0,0,0,0,0,0,0,0
453,26,11,0,0,0,0,0,1,1,0,0,0,0,0,0,0,0,0,0,0,0
454,26,6,0,0,0,0,0,0,1,0,0,0,0,0,0,0,0,0,0,0,0
455,26,11,0,0,0,0,0,1,0,0,0,0,0,0,0,0,0,0,0,0,0
456,26,6,0,0,0,0,0,0,0,0,0,0,1,0,0,0,0,0,0,0,0
457,27,6,0,0,0,0,0,0,1,0,0,0,0,0,0,0,0,0,0,0,0
458,28,6,0,0,0,0,0,0,0,0,0,0,1,0,0,0,0,0,0,0,0
459,28,6,0,0,0,0,0,0,1,0,0,0,1,0,0,0,0,0,0,0,0
460,29,11,0,0,0,0,0,0,1,0,0,0,0,0,0,0,0,0,0,0,0
461,29,11,0,0,0,0,0,0,1,0,0,0,0,0,0,0,0,0,0,0,0
462,29,6,0,0,0,0,0,0,0,0,0,0,1,0,0,0,0,0,0,0,0
463,29,11,0,0,0,0,0,1,1,0,0,0,0,0,0,0,0,0,0,0,0
464,29,7,0,0,0,0,0,0,0,0,0,0,1,0,0,0,0,0,0,0,0
465,29,6,0,0,0,0,0,0,0,0,0,0,1,0,0,0,0,0,0,0,0
466,29,7,0,0,0,0,0,0,0,0,0,0,1,0,0,0,0,0,0,0,0
467,29,6,0,0,0,0,0,0,0,0,0,0,1,0,0,0,0,0,0,0,0
468,29,7,0,0,0,0,0,0,0,0,0,0,1,0,0,0,0,0,0,0,0
469,29,6,0,0,0,0,0,0,0,0,0,0,1,0,0,0,0,0,0,0,0
470,29,7,0,0,0,0,0,0,0,0,0,0,1,0,0,0,0,0,0,0,0
471,29,6,0,0,0,0,0,0,0,0,0,0,1,0,0,0,0,0,0,0,0
472,29,6,0,0,0,0,0,0,1,0,0,0,0,0,0,0,0,0,0,0,0
473,29,11,0,0,0,0,0,1,1,0,0,0,0,0,0,0,0,0,0,0,0
474,30,14,0,0,0,0,0,0,1,0,0,0,0,0,0,0,0,0,0,0,0
475,31,14,0,0,0,0,0,0,0,0,0,0,1,0,0,0,0,0,0,0,0
476,31,14,0,0,0,0,0,0,0,0,0,0,1,0,0,0,0,0,0,0,0
477,31,11,0,0,0,0,0,0,0,0,0,0,0,0,0,1,0,0,0,0,0
478,31,6,0,0,0,0,0,0,0,0,0,0,0,0,0,1,0,0,0,0,0
479,31,6,0,0,0,0,0,0,0,0,0,0,0,0,0,1,0,0,0,0,0
480,32,13,0,0,0,0,0,0,0,0,0,0,0,0,0,0,0,1,0,0,0
481,32,6,0,0,0,0,0,0,0,0,0,0,1,0,0,0,0,0,0,0,0
482,32,11,0,0,0,0,0,1,0,0,0,0,0,0,0,0,0,0,0,0,0
483,32,11,0,0,0,0,0,0,0,0,0,0,0,0,0,1,0,0,0,0,0
484,32,14,0,0,0,0,0,0,0,0,0,0,1,0,0,0,0,0,0,0,0
485,32,6,0,0,0,0,0,0,0,0,0,0,0,0,0,1,0,0,0,0,0
486,32,11,0,0,0,0,0,1,0,0,0,0,0,0,0,0,0,0,0,0,0
487,32,11,0,0,0,0,0,1,0,0,0,0,0,0,0,0,0,0,0,0,0
488,32,6,0,0,0,0,0,0,0,0,0,0,1,0,0,0,0,0,0,0,0
489,32,11,0,0,0,0,0,1,0,0,0,0,0,0,0,0,0,0,0,0,0
490,33,3,0,0,0,1,0,0,0,0,0,0,0,0,0,0,0,0,0,0,0
491,33,4,0,0,1,0,0,0,0,0,0,0,0,0,0,0,0,0,0,0,0
492,33,3,0,0,0,1,0,0,0,0,0,0,0,0,0,0,0,0,0,0,0
493,33,4,0,0,1,0,0,0,0,0,0,0,0,0,0,0,0,0,0,0,0
494,33,3,0,0,0,1,0,0,0,0,0,0,0,0,0,0,0,0,0,0,0
495,33,3,0,0,0,1,0,0,0,0,0,0,0,0,0,0,0,0,0,0,0
496,33,4,0,0,1,0,0,0,0,0,0,0,0,0,0,0,0,0,0,0,0
497,33,3,0,0,0,1,0,0,0,0,0,0,0,0,0,0,0,0,0,0,0
498,33,4,0,0,1,0,0,0,0,0,0,0,0,0,0,0,0,0,0,0,0
499,33,3,0,0,0,1,0,0,0,0,0,0,0,0,0,0,0,0,0,0,0
500,33,4,0,0,1,0,0,0,0,0,0,0,0,0,0,0,0,0,0,0,0
501,33,3,0,0,0,1,0,0,0,0,0,0,0,0,0,0,0,0,0,0,0
502,33,4,0,0,1,0,0,0,0,0,0,0,0,0,0,0,0,0,0,0,0
503,33,3,0,0,0,1,0,0,0,0,0,0,0,0,0,0,0,0,0,0,0
504,33,4,0,0,1,0,0,0,0,0,0,0,0,0,0,0,0,0,0,0,0
505,33,3,0,0,0,1,0,0,0,0,0,0,0,0,0,0,0,0,0,0,0
506,33,4,0,0,1,0,0,0,0,0,0,0,0,0,0,0,0,0,0,0,0
507,33,3,0,0,0,1,0,0,0,0,0,0,0,0,0,0,0,0,0,0,0
508,33,4,0,0,1,0,0,0,0,0,0,0,0,0,0,0,0,0,0,0,0
509,33,3,0,0,0,1,0,0,0,0,0,0,0,0,0,0,0,0,0,0,0
510,33,4,0,0,1,0,0,0,0,0,0,0,0,0,0,0,0,0,0,0,0
511,33,3,0,0,0,1,0,0,0,0,0,0,0,0,0,0,0,0,0,0,0
512,33,4,0,0,1,0,0,0,0,0,0,0,0,0,0,0,0,0,0,0,0
513,33,3,0,0,0,1,0,0,0,0,0,0,0,0,0,0,0,0,0,0,0
514,33,4,0,0,1,0,0,0,0,0,0,0,0,0,0,0,0,0,0,0,0
515,33,3,0,0,0,1,0,0,0,0,0,0,0,0,0,0,0,0,0,0,0
516,33,4,0,0,1,0,0,0,0,0,0,0,0,0,0,0,0,0,0,0,0
517,33,3,0,0,0,1,0,0,0,0,0,0,0,0,0,0,0,0,0,0,0
518,33,4,0,0,1,0,0,0,0,0,0,0,0,0,0,0,0,0,0,0,0
519,34,4,0,0,0,0,0,0,0,0,1,0,0,0,0,0,0,0,0,0,0
520,34,9,0,0,0,1,0,0,0,0,0,0,0,0,0,0,0,0,0,0,0
521,34,4,0,0,0,0,0,0,0,0,1,0,0,0,0,0,0,0,0,0,0
522,34,9,0,0,0,1,0,0,0,0,0,0,0,0,0,0,0,0,0,0,0
523,34,4,0,0,0,0,0,0,0,0,1,0,0,0,0,0,0,0,0,0,0
524,34,9,0,0,0,1,0,0,0,0,0,0,0,0,0,0,0,0,0,0,0
525,34,4,0,0,0,0,0,0,0,0,1,0,0,0,0,0,0,0,0,0,0
526,34,9,0,0,0,1,0,0,0,0,0,0,0,0,0,0,0,0,0,0,0
527,34,4,0,0,0,0,0,0,0,0,1,0,0,0,0,0,0,0,0,0,0
528,34,9,0,0,0,1,0,0,0,0,0,0,0,0,0,0,0,0,0,0,0
529,34,9,0,0,0,1,0,0,0,0,0,0,0,0,0,0,0,0,0,0,0
530,35,2,0,0,1,0,0,0,0,0,0,0,0,0,0,0,0,0,0,0,0
531,35,2,0,0,1,0,0,0,0,0,0,0,0,0,0,0,0,0,0,0,0
532,35,3,0,1,0,0,0,0,0,0,0,0,0,0,0,0,0,0,0,0,0
533,35,2,0,0,1,0,0,0,0,0,0,0,0,0,0,0,0,0,0,0,0
534,35,3,0,1,0,0,0,0,0,0,0,0,0,0,0,0,0,0,0,0,0
535,35,2,0,0,1,0,0,0,0,0,0,0,0,0,0,0,0,0,0,0,0
536,35,3,0,1,0,0,0,0,0,0,0,0,0,0,0,0,0,0,0,0,0
537,35,2,0,0,1,0,0,0,0,0,0,0,0,0,0,0,0,0,0,0,0
538,35,3,0,1,0,0,0,0,0,0,0,0,0,0,0,0,0,0,0,0,0
539,35,2,0,0,1,0,0,0,0,0,0,0,0,0,0,0,0,0,0,0,0
540,35,2,0,0,1,0,0,0,0,0,0,0,0,0,0,0,0,0,0,0,0
541,35,3,0,1,0,0,0,0,0,0,0,0,0,0,0,0,0,0,0,0,0
542,35,2,0,0,1,0,0,0,0,0,0,0,0,0,0,0,0,0,0,0,0
543,35,3,0,1,0,0,0,0,0,0,0,0,0,0,0,0,0,0,0,0,0
544,35,3,0,1,0,0,0,0,0,0,0,0,0,0,0,0,0,0,0,0,0
545,35,2,0,0,1,0,0,0,0,0,0,0,0,0,0,0,0,0,0,0,0
546,35,3,0,1,0,0,0,0,0,0,0,0,0,0,0,0,0,0,0,0,0
547,35,2,0,0,1,0,0,0,0,0,0,0,0,0,0,0,0,0,0,0,0
548,35,3,0,1,0,0,0,0,0,0,0,0,0,0,0,0,0,0,0,0,0
549,35,2,0,0,1,0,0,0,0,0,0,0,0,0,0,0,0,0,0,0,0
550,35,3,0,1,0,0,0,0,0,0,0,0,0,0,0,0,0,0,0,0,0
551,35,2,0,0,1,0,0,0,0,0,0,0,0,0,0,0,0,0,0,0,0
552,35,3,0,1,0,0,0,0,0,0,0,0,0,0,0,0,0,0,0,0,0
553,35,2,0,0,1,0,0,0,0,0,0,0,0,0,0,0,0,0,0,0,0
554,36,15,0,0,0,0,1,0,0,0,0,0,0,0,0,0,0,0,0,0,0
555,36,5,0,0,0,0,0,0,0,0,0,0,0,0,0,0,1,0,0,0,0
556,36,15,0,0,0,0,1,0,0,0,0,0,0,0,0,0,0,0,0,0,0
557,36,5,0,0,0,0,0,0,0,0,0,0,0,0,0,0,1,0,0,0,0
558,36,15,0,0,0,0,1,0,0,0,0,0,0,0,0,0,0,0,0,0,0
559,36,15,0,0,0,0,1,0,0,0,0,0,0,0,0,0,0,0,0,0,0
560,36,5,0,0,0,0,0,0,0,0,0,0,0,0,0,0,1,0,0,0,0
561,36,15,0,0,0,0,1,0,0,0,0,0,0,0,0,0,0,0,0,0,0
562,36,5,0,0,0,0,0,0,0,0,0,0,0,0,0,0,1,0,0,0,0
563,36,15,0,0,0,0,1,0,0,0,0,0,0,0,0,0,0,0,0,0,0
564,37,4,0,0,0,0,0,0,0,0,1,0,0,0,0,0,0,0,0,0,0
565,38,2,0,0,1,0,0,0,0,0,0,0,0,0,0,0,0,0,0,0,0
566,38,3,0,1,0,0,0,0,0,0,0,0,0,0,0,0,0,0,0,0,0
567,38,2,0,0,1,0,0,0,0,0,0,0,0,0,0,0,0,0,0,0,0
568,38,2,0,0,1,0,0,0,0,0,0,0,0,0,0,0,0,0,0,0,0
569,38,3,0,1,0,0,0,0,0,0,0,0,0,0,0,0,0,0,0,0,0
570,39,4,0,0,0,0,0,0,0,0,1,0,0,0,0,0,0,0,0,0,0
571,39,9,0,0,0,1,0,0,0,0,0,0,0,0,0,0,0,0,0,0,0
572,40,11,0,0,0,0,0,1,0,0,0,0,0,0,0,0,0,0,0,0,0
573,40,6,0,0,0,0,0,0,0,0,0,0,1,0,0,0,0,0,0,0,0
574,40,11,0,0,0,0,0,1,0,0,0,0,0,0,0,0,0,0,0,0,0
575,40,6,0,0,0,0,0,0,0,0,0,0,1,0,0,0,0,0,0,0,0
576,40,6,0,0,0,0,0,0,0,0,0,0,1,0,0,0,0,0,0,0,0
577,40,11,0,0,0,0,0,1,0,0,0,0,0,0,0,0,0,0,0,0,0
578,40,6,0,0,0,0,0,0,0,0,0,0,1,0,0,0,0,0,0,0,0
579,40,11,0,0,0,0,0,1,0,0,0,0,0,0,0,0,0,0,0,0,0
580,40,6,0,0,0,0,0,0,0,0,0,0,1,0,0,0,0,0,0,0,0
581,40,11,0,0,0,0,0,1,0,0,0,0,0,0,0,0,0,0,0,0,0
582,40,6,0,0,0,0,0,0,0,0,0,0,1,0,0,0,0,0,0,0,0
583,40,11,0,0,0,0,0,1,0,0,0,0,0,0,0,0,0,0,0,0,0
584,40,6,0,0,0,0,0,0,0,0,0,0,1,0,0,0,0,0,0,0,0
585,40,11,0,0,0,0,0,1,0,0,0,0,0,0,0,0,0,0,0,0,0
586,40,6,0,0,0,0,0,0,0,0,0,0,1,0,0,0,0,0,0,0,0
587,40,11,0,0,0,0,0,1,0,0,0,0,0,0,0,0,0,0,0,0,0
588,40,6,0,0,0,0,0,0,0,0,0,0,1,0,0,0,0,0,0,0,0
589,41,4,0,0,0,0,0,0,0,0,0,0,0,0,0,0,1,0,0,0,0
590,41,5,0,0,0,1,0,0,0,0,0,0,0,0,0,0,0,0,0,0,0
591,41,4,0,0,0,0,0,0,0,0,0,0,0,0,0,0,1,0,0,0,0
592,41,15,0,0,0,1,0,0,0,0,0,0,0,0,0,0,0,0,0,0,0
593,41,2,0,0,1,0,0,0,0,0,0,0,0,0,0,0,0,0,0,0,0
594,41,3,0,1,0,0,0,0,0,0,0,0,0,0,0,0,0,0,0,0,0
595,41,2,0,0,1,0,0,0,0,0,0,0,0,0,0,0,0,0,0,0,0
596,41,4,0,0,0,0,1,0,0,0,0,0,0,0,0,0,0,0,0,0,0
597,41,5,0,0,0,1,0,0,0,0,0,0,0,0,0,0,0,0,0,0,0
598,41,2,0,0,1,0,0,0,0,0,0,0,0,0,0,0,0,0,0,0,0
599,41,15,0,0,0,1,0,0,0,0,0,0,0,0,0,0,0,0,0,0,0
600,41,2,0,0,1,0,0,0,0,0,0,0,0,0,0,0,0,0,0,0,0
601,41,4,0,0,0,0,1,0,0,0,0,0,0,0,0,0,0,0,0,0,0
602,41,15,0,0,0,1,0,0,0,0,0,0,0,0,0,0,0,0,0,0,0
603,41,9,0,0,0,1,1,0,0,0,0,0,0,0,0,0,1,0,0,0,0
604,41,4,0,0,0,0,0,0,0,0,1,0,0,0,0,0,0,0,0,0,0
605,41,9,0,0,0,1,1,0,0,0,0,0,0,0,0,0,0,0,0,0,0
606,41,5,0,0,0,1,0,0,0,0,1,0,0,0,0,0,1,0,0,0,0
607,41,5,0,0,0,0,0,0,0,0,1,0,0,0,0,0,0,0,0,0,0
608,41,9,0,0,0,0,1,0,0,0,0,0,0,0,0,0,0,0,0,0,0
609,41,2,0,0,1,0,0,0,0,0,0,0,0,0,0,0,0,0,0,0,0
610,41,2,0,0,1,0,0,0,0,0,0,0,0,0,0,0,0,0,0,0,0
611,41,3,0,1,0,0,0,0,0,0,0,0,0,0,0,0,0,0,0,0,0
612,41,2,0,0,1,0,0,0,0,0,0,0,0,0,0,0,0,0,0,0,0
613,41,3,0,1,0,0,0,0,0,0,0,0,0,0,0,0,0,0,0,0,0
614,41,2,0,0,1,0,0,0,0,0,0,0,0,0,0,0,0,0,0,0,0
615,41,3,0,1,0,0,0,0,0,0,0,0,0,0,0,0,0,0,0,0,0
616,41,2,0,0,1,0,0,0,0,0,0,0,0,0,0,0,0,0,0,0,0
617,41,3,0,1,0,0,0,0,0,0,0,0,0,0,0,0,0,0,0,0,0
618,41,2,0,0,1,0,0,0,0,0,0,0,0,0,0,0,0,0,0,0,0
619,41,3,0,1,0,0,0,0,0,0,0,0,0,0,0,0,0,0,0,0,0
620,41,2,0,0,1,0,0,0,0,0,0,0,0,0,0,0,0,0,0,0,0
621,41,2,0,0,1,0,0,0,0,0,0,0,0,0,0,0,0,0,0,0,0
622,41,3,0,1,0,0,0,0,0,0,0,0,0,0,0,0,0,0,0,0,0
623,41,2,0,0,1,0,0,0,0,0,0,0,0,0,0,0,0,0,0,0,0
624,41,2,0,0,1,0,0,0,0,0,0,0,0,0,0,0,0,0,0,0,0
625,42,4,0,0,0,0,0,1,0,0,0,0,0,0,0,0,0,0,0,0,0
626,42,6,0,0,0,1,0,0,0,0,0,0,0,0,0,0,0,0,0,0,0
627,42,4,0,0,0,0,0,1,0,0,0,0,0,0,0,0,0,0,0,0,0
628,42,6,0,0,0,1,0,0,0,0,0,0,0,0,0,0,0,0,0,0,0
629,42,11,0,0,0,0,0,0,0,0,0,0,0,0,0,1,0,0,0,0,0
630,43,2,0,0,1,0,0,0,0,0,0,0,0,0,0,0,0,0,0,0,0
631,43,2,0,0,1,0,0,0,0,0,0,0,0,0,0,0,0,0,0,0,0
632,43,11,0,1,0,0,0,0,0,0,0,0,0,0,0,0,0,0,0,0,0
633,43,5,0,0,0,0,0,0,1,0,0,0,0,0,0,0,0,0,0,0,0
634,43,4,0,0,1,0,0,0,0,0,0,0,0,0,0,0,0,0,0,0,0
635,43,3,0,0,0,1,0,0,0,0,0,0,0,0,0,0,0,0,0,0,0
636,43,4,0,0,1,0,0,0,0,0,0,0,0,0,0,0,0,0,0,0,0
637,43,3,0,0,0,1,0,0,0,0,0,0,0,0,0,0,0,0,0,0,0
638,43,4,0,0,1,0,0,0,0,0,0,0,0,0,0,0,0,0,0,0,0
639,43,5,0,0,0,0,0,1,0,0,0,0,0,0,0,0,0,0,0,0,0
640,43,6,0,0,0,0,1,0,0,0,0,0,0,0,0,0,0,0,0,0,0
641,43,5,0,0,0,0,0,1,0,0,0,0,0,0,0,0,0,0,0,0,0
642,43,15,0,0,0,0,0,1,0,0,0,0,0,0,0,0,0,0,0,0,0
643,43,3,0,0,0,1,1,1,1,0,0,0,0,0,0,0,1,0,0,0,0
644,43,9,0,0,1,0,0,0,0,0,0,0,0,0,0,0,0,0,0,0,0
645,43,6,0,0,1,0,0,0,0,0,0,0,0,0,0,0,0,0,0,0,0
646,43,9,0,0,1,0,0,0,0,0,0,0,0,0,0,0,0,0,0,0,0
647,43,4,0,0,0,0,0,0,0,0,1,0,0,0,0,0,0,0,0,0,0
648,43,7,0,0,0,0,0,0,0,0,1,0,0,0,0,0,0,0,0,0,0
649,43,6,0,0,0,0,0,0,1,0,1,0,0,0,0,0,0,0,0,0,0
650,43,7,0,0,0,0,0,1,0,0,0,0,0,0,0,0,0,0,0,0,0
651,43,6,0,0,0,0,0,0,1,0,0,0,0,0,0,0,0,0,0,0,0
652,43,5,0,0,1,0,0,0,0,0,0,0,0,0,0,0,0,0,0,0,0
653,43,3,0,0,0,0,1,0,0,0,0,0,0,0,0,0,0,0,0,0,0
654,43,15,0,0,1,1,1,1,1,0,1,0,0,0,0,0,0,0,0,0,0
655,43,3,0,0,0,0,0,0,0,0,0,0,1,0,0,0,0,0,0,0,0
656,43,11,0,0,1,0,0,0,0,0,0,0,0,0,0,0,0,0,0,0,0
657,43,3,0,0,0,0,0,0,0,0,0,0,1,0,0,0,0,0,0,0,0
658,43,11,0,0,1,0,0,0,0,0,0,0,0,0,0,0,0,0,0,0,0
659,43,3,0,0,0,0,0,0,0,0,0,0,1,0,0,0,0,0,0,0,0
660,43,11,0,0,1,0,0,0,0,0,0,0,0,0,0,0,0,0,0,0,0
661,43,3,0,0,0,0,0,0,0,0,0,0,1,0,0,0,0,0,0,0,0
662,43,11,0,0,1,0,0,0,0,0,0,0,0,0,0,0,0,0,0,0,0
663,43,3,0,0,0,0,0,0,0,0,0,0,1,0,0,0,0,0,0,0,0
664,43,6,0,0,1,0,0,0,0,0,0,0,1,0,0,0,0,0,0,0,0
665,43,3,0,0,0,0,0,1,0,0,0,0,0,0,0,0,0,0,0,0,0
666,43,3,0,0,0,0,0,1,0,0,0,0,1,0,0,0,0,0,0,0,0
667,43,11,0,0,1,0,0,1,0,0,0,0,0,0,0,0,0,0,0,0,0
668,43,3,0,0,0,0,0,1,0,0,0,0,1,0,0,0,0,0,0,0,0
669,43,6,0,0,1,0,0,0,0,0,0,0,0,0,0,0,0,0,0,0,0
670,43,3,0,0,0,0,0,1,0,0,0,0,0,0,0,0,0,0,0,0,0
671,43,6,0,0,1,0,0,0,0,0,0,0,0,0,0,0,0,0,0,0,0
672,43,6,0,0,1,0,0,0,0,0,0,0,0,0,0,0,0,0,0,0,0
673,43,3,0,0,0,0,0,1,0,0,0,0,0,0,0,0,0,0,0,0,0
674,43,6,0,0,1,0,0,0,0,0,0,0,0,0,0,0,0,0,0,0,0
675,43,3,0,0,0,0,0,1,0,0,0,0,0,0,0,0,0,0,0,0,0
676,43,6,0,0,1,0,0,0,0,0,0,0,0,0,0,0,0,0,0,0,0
677,43,15,0,0,0,0,1,0,0,0,0,0,0,0,0,0,0,0,0,0,0
678,44,11,0,0,1,0,0,0,0,0,0,0,0,0,0,0,0,0,0,0,0
679,44,3,0,0,0,0,0,0,0,0,0,0,1,0,0,0,0,0,0,0,0
680,44,11,0,0,1,0,0,0,0,0,0,0,0,0,0,0,0,0,0,0,0
681,44,3,0,0,0,0,0,0,0,0,0,0,1,0,0,0,0,0,0,0,0
682,44,11,0,0,1,0,0,0,0,0,0,0,0,0,0,0,0,0,0,0,0
683,44,3,0,0,0,0,0,0,0,0,0,0,1,0,0,0,0,0,0,0,0
684,44,11,0,0,1,0,0,0,0,0,0,0,0,0,0,0,0,0,0,0,0
685,44,15,0,0,1,1,1,1,0,0,1,0,1,0,0,0,0,0,0,0,0
686,44,4,0,0,0,0,0,1,0,0,0,0,0,0,0,0,0,0,0,0,0
687,44,6,0,0,0,1,0,0,0,0,0,0,0,0,0,0,0,0,0,0,0
688,44,15,0,0,1,1,1,1,1,0,1,0,1,0,0,0,0,0,0,0,0
689,44,6,0,0,1,0,0,0,0,0,0,0,1,0,0,0,0,0,0,0,0
690,44,3,0,0,0,0,0,1,0,0,0,0,1,0,0,0,0,0,0,0,0
691,44,14,0,0,0,0,0,0,0,0,0,0,1,0,0,0,0,0,0,0,0
692,44,11,0,0,0,0,0,0,0,0,0,0,0,0,0,1,0,0,0,0,0
693,44,14,0,0,0,0,0,0,0,0,0,0,1,0,0,0,0,0,0,0,0
694,44,11,0,0,0,0,0,0,0,0,0,0,0,0,0,1,0,0,0,0,0
695,44,11,0,0,1,0,0,0,0,0,0,0,0,0,0,1,0,0,0,0,0
696,44,3,0,0,0,0,0,1,0,0,0,0,0,0,0,0,0,0,0,0,0
697,44,6,0,0,1,0,0,0,0,0,0,0,0,0,0,0,0,0,0,0,0
698,44,9,0,0,0,0,0,1,0,0,0,0,0,0,0,0,0,0,0,0,0
699,44,6,0,0,1,0,0,0,0,0,1,0,0,0,0,0,0,0,0,0,0
700,44,3,0,0,0,0,0,1,0,0,0,0,0,0,0,0,0,0,0,0,0
701,44,6,0,0,1,0,0,0,0,0,0,0,0,0,0,0,0,0,0,0,0
702,44,3,0,0,0,0,0,1,0,0,0,0,0,0,0,0,0,0,0,0,0
703,44,6,0,0,1,0,0,0,0,0,0,0,0,0,0,0,0,0,0,0,0
704,44,3,0,0,0,0,0,1,0,0,0,0,0,0,0,0,0,0,0,0,0
705,44,15,0,0,0,1,1,0,0,0,0,0,0,0,0,0,0,0,0,0,0
706,44,5,0,0,0,0,0,0,0,0,0,0,0,0,0,0,1,0,0,0,0
707,44,15,0,0,0,1,1,0,0,0,0,0,0,0,0,0,0,0,0,0,0
708,44,5,0,0,0,0,0,0,0,0,0,0,0,0,0,0,1,0,0,0,0
709,44,5,0,0,0,1,0,0,0,0,0,0,0,0,0,0,0,0,0,0,0
710,44,15,0,0,0,1,1,0,0,0,0,0,0,0,0,0,0,0,0,0,0
711,44,6,0,0,1,0,0,0,0,0,0,0,0,0,0,0,0,0,0,0,0
712,44,3,0,0,0,0,0,1,1,0,0,0,0,0,0,0,0,0,0,0,0
713,44,6,0,0,1,0,0,0,0,0,0,0,0,0,0,0,0,0,0,0,0
714,44,3,0,0,0,0,0,1,0,0,0,0,0,0,0,0,0,0,0,0,0
715,44,6,0,0,1,0,0,0,0,0,0,0,0,0,0,0,0,0,0,0,0
716,44,6,0,0,0,0,0,0,1,0,0,0,0,0,0,0,0,0,0,0,0
717,44,7,0,0,0,0,0,1,0,0,0,0,0,0,0,0,0,0,0,0,0
718,44,7,0,0,0,0,0,1,0,0,0,0,0,0,0,0,0,0,0,0,0
719,44,7,0,0,0,0,0,1,0,0,0,0,0,0,0,0,0,0,0,0,0
720,44,6,0,0,0,0,0,0,1,0,0,0,0,0,0,0,0,0,0,0,0
721,44,7,0,0,0,0,0,1,0,0,0,0,0,0,0,0,0,0,0,0,0
722,44,7,0,0,0,0,0,1,0,0,0,0,0,0,0,0,0,0,0,0,0
723,44,7,0,0,0,0,0,1,0,0,0,0,0,0,0,0,0,0,0,0,0
724,44,6,0,0,0,0,0,0,1,0,0,0,0,0,0,0,0,0,0,0,0
725,44,6,0,0,0,0,0,0,1,0,0,0,0,0,0,0,0,0,0,0,0
726,44,3,0,0,0,0,0,1,0,0,0,0,0,0,0,0,0,0,0,0,0
727,44,6,0,0,1,0,0,0,0,0,0,0,0,0,0,0,0,0,0,0,0
728,44,3,0,0,0,0,0,1,0,0,0,0,0,0,0,0,0,0,0,0,0
729,44,3,0,0,0,0,0,0,0,0,0,0,1,0,0,0,0,0,0,0,0
730,44,3,0,0,0,1,0,0,0,0,0,0,0,0,0,0,0,0,0,0,0
731,44,3,0,0,0,0,1,0,0,0,0,0,0,0,0,0,0,0,0,0,0
732,44,3,0,0,0,0,1,0,0,0,0,0,0,0,0,0,0,0,0,0,0
733,44,3,0,0,0,0,1,0,0,0,0,0,0,0,0,0,0,0,0,0,0
734,44,3,0,0,0,0,0,1,0,0,0,0,0,0,0,0,0,0,0,0,0
735,44,6,0,0,1,0,0,0,0,0,0,0,0,0,0,0,0,0,0,0,0
736,44,3,0,0,0,0,0,1,0,0,0,0,0,0,0,0,0,0,0,0,0
737,44,6,0,0,1,0,0,0,0,0,0,0,0,0,0,0,0,0,0,0,0
738,44,3,0,0,0,0,0,1,0,0,0,0,0,0,0,0,0,0,0,0,0
739,44,6,0,0,1,0,0,0,0,0,0,0,0,0,0,0,0,0,0,0,0
740,44,3,0,0,0,0,0,1,0,0,0,0,0,0,0,0,0,0,0,0,0
741,44,6,0,0,1,0,0,0,0,0,0,0,0,0,0,0,0,0,0,0,0
742,44,3,0,0,0,0,0,1,0,0,0,0,0,0,0,0,0,0,0,0,0
743,44,6,0,0,1,0,0,0,0,0,0,0,0,0,0,0,0,0,0,0,0
744,44,3,0,0,0,0,0,1,0,0,0,0,0,0,0,0,0,0,0,0,0
745,44,11,0,0,0,0,0,0,0,0,1,0,0,0,0,0,0,0,0,0,0
746,44,8,0,0,1,1,1,1,1,0,1,0,1,0,0,0,0,0,0,0,0
747,44,11,0,0,0,0,0,0,0,0,1,0,0,0,0,0,0,0,0,0,0
748,44,9,0,0,0,0,0,0,0,0,0,0,1,0,0,0,0,0,0,0,0
749,44,3,0,0,0,0,0,0,0,0,1,0,1,0,0,0,0,0,0,0,0
750,44,3,0,0,0,0,0,0,0,0,0,0,1,0,0,0,0,0,0,0,0
751,44,11,0,0,1,0,0,0,0,0,0,0,0,0,0,0,0,0,0,0,0
752,44,3,0,0,0,0,0,0,0,0,0,0,1,0,0,0,0,0,0,0,0
753,44,11,0,0,1,1,1,0,0,0,1,0,0,0,0,0,1,0,0,0,0
754,44,5,0,0,1,1,0,1,0,0,1,0,1,0,0,0,0,0,0,0,0
755,44,3,0,0,0,0,0,1,0,0,0,0,0,0,0,0,0,0,0,0,0
756,44,6,0,0,1,0,0,0,0,0,0,0,0,0,0,0,0,0,0,0,0
757,44,11,0,0,0,0,0,0,0,0,0,0,0,0,0,1,0,0,0,0,0
758,44,14,0,0,0,0,0,0,0,0,0,0,1,0,0,0,0,0,0,0,0
759,44,3,0,0,0,1,1,1,0,0,1,0,1,0,0,0,0,0,0,0,0
760,44,3,0,0,0,0,1,0,0,0,0,0,0,0,0,0,0,0,0,0,0
761,44,5,0,0,1,0,0,0,0,0,0,0,0,0,0,0,0,0,0,0,0
762,44,3,0,0,0,1,0,0,0,0,0,0,0,0,0,0,0,0,0,0,0
763,44,2,0,0,1,0,0,0,0,0,0,0,0,0,0,0,0,0,0,0,0
764,44,9,0,0,0,1,0,0,0,0,0,0,0,0,0,0,0,0,0,0,0
765,44,2,0,0,1,0,0,0,0,0,0,0,0,0,0,0,0,0,0,0,0
766,44,2,0,0,1,0,0,0,0,0,0,0,0,0,0,0,0,0,0,0,0
767,44,2,0,0,1,0,0,0,0,0,0,0,0,0,0,0,0,0,0,0,0
768,44,4,0,0,0,0,0,0,0,0,1,0,0,0,0,0,0,0,0,0,0
769,44,4,0,0,0,0,0,0,0,0,1,0,0,0,0,0,0,0,0,0,0
770,44,2,0,0,1,0,0,0,0,0,0,0,0,0,0,0,0,0,0,0,0
771,44,2,0,0,1,0,0,0,0,0,0,0,0,0,0,0,0,0,0,0,0
772,44,2,0,0,1,0,0,0,0,0,0,0,0,0,0,0,0,0,0,0,0
773,44,3,0,1,0,0,0,0,0,0,0,0,0,0,0,0,0,0,0,0,0
774,44,6,0,0,0,0,0,0,1,0,0,0,0,0,0,0,0,0,0,0,0
775,44,6,0,0,0,0,0,0,0,0,0,0,1,0,0,0,0,0,0,0,0
776,44,11,0,0,0,0,0,1,0,0,0,0,0,0,0,0,0,0,0,0,0
777,44,6,0,0,0,0,0,0,0,0,0,0,1,0,0,0,0,0,0,0,0
778,44,11,0,0,0,0,0,1,0,0,0,0,0,0,0,0,0,0,0,0,0
779,44,6,0,0,0,0,0,0,0,0,0,0,1,0,0,0,0,0,0,0,0
780,44,11,0,0,0,0,0,1,0,0,0,0,0,0,0,0,0,0,0,0,0
781,44,6,0,0,0,0,0,0,0,0,0,0,1,0,0,0,0,0,0,0,0
782,44,7,0,0,0,0,0,0,0,0,0,0,1,0,0,0,0,0,0,0,0
783,44,11,0,0,0,0,0,1,0,0,0,0,0,0,0,0,0,0,0,0,0
784,44,6,0,0,0,0,0,0,0,0,0,0,1,0,0,0,0,0,0,0,0
785,44,11,0,0,0,0,0,0,1,0,0,0,0,0,0,0,0,0,0,0,0
786,44,6,0,0,0,0,0,0,1,0,0,0,0,0,0,0,0,0,0,0,0
787,44,4,0,0,0,0,0,1,0,0,0,0,0,0,0,0,0,0,0,0,0
788,44,4,0,0,0,0,0,1,0,0,0,0,0,0,0,0,0,0,0,0,0
789,44,4,0,0,0,0,0,1,0,0,0,0,0,0,0,0,0,0,0,0,0
790,44,4,0,0,0,0,0,1,1,0,0,0,0,0,0,0,0,0,0,0,0
791,44,6,0,0,0,0,0,0,0,0,0,0,0,0,0,1,0,0,0,0,0
792,44,5,0,0,0,0,0,0,0,0,0,0,0,0,0,1,0,0,0,0,0
793,44,5,0,0,0,0,0,1,0,0,0,0,0,0,0,0,0,0,0,0,0
794,44,5,0,0,0,0,0,1,0,0,0,0,0,0,0,0,0,0,0,0,0
795,44,5,0,0,0,0,0,1,0,0,0,0,0,0,0,0,0,0,0,0,0
796,44,5,0,0,0,0,0,1,0,0,0,0,0,0,0,0,0,0,0,0,0
797,44,2,0,0,1,0,0,0,0,0,0,0,0,0,0,0,0,0,0,0,0
798,44,2,0,0,1,0,0,0,0,0,0,0,0,0,0,0,0,0,0,0,0
799,44,3,0,1,0,0,0,0,0,0,0,0,0,0,0,0,0,0,0,0,0
800,44,2,0,0,1,0,0,0,0,0,0,0,0,0,0,0,0,0,0,0,0
801,44,11,0,0,1,0,0,0,0,0,0,0,0,0,0,0,0,0,0,0,0
802,44,11,0,0,1,0,0,0,0,0,0,0,0,0,0,0,0,0,0,0,0
803,44,3,0,0,0,0,0,0,0,0,0,0,1,0,0,0,0,0,0,0,0
804,44,3,0,0,0,0,0,0,0,0,0,0,1,0,0,0,0,0,0,0,0
805,44,3,0,0,0,0,0,0,0,0,0,0,1,0,0,0,0,0,0,0,0
806,44,3,0,0,0,0,0,0,0,0,0,0,1,0,0,0,0,0,0,0,0
807,44,3,0,0,0,0,0,0,0,0,0,0,1,0,0,0,0,0,0,0,0
808,45,3,0,0,0,1,1,1,1,0,1,0,0,0,0,1,1,0,0,0,0
809,45,3,0,0,0,1,1,1,1,0,1,0,0,0,0,1,1,0,0,0,0
810,45,3,0,0,0,1,1,1,1,0,1,0,0,0,0,1,1,0,0,0,0
811,45,3,0,0,0,1,1,1,1,0,1,0,0,0,0,1,1,0,0,0,0
812,45,7,0,0,0,0,0,1,0,0,0,0,0,0,0,0,0,0,0,0,0
813,45,6,0,0,0,0,0,0,1,0,0,0,0,0,0,0,0,0,0,0,0
814,45,4,0,0,0,0,0,0,0,0,1,0,0,0,0,0,0,0,0,0,0
815,45,4,0,0,0,0,0,0,0,0,1,0,0,0,0,0,0,0,0,0,0
816,45,9,0,0,0,1,0,0,0,0,0,0,0,0,0,0,0,0,0,0,0
817,45,4,0,0,0,0,0,0,0,0,1,0,0,0,0,0,0,0,0,0,0
818,45,4,0,0,0,0,0,0,0,0,1,0,0,0,0,0,0,0,0,0,0
819,46,14,0,0,1,0,0,0,0,0,0,0,0,0,0,0,0,0,0,0,0
820,46,14,0,0,1,0,0,0,0,0,0,0,0,0,0,0,0,0,0,0,0
821,46,3,0,0,0,0,0,0,0,0,0,0,0,0,0,1,0,0,0,0,0
822,46,14,0,0,1,0,0,0,0,0,0,0,0,0,0,0,0,0,0,0,0
823,46,3,0,0,0,0,0,0,0,0,0,0,0,0,0,1,0,0,0,0,0
824,46,3,0,0,0,0,0,0,0,0,0,0,0,0,0,1,0,0,0,0,0
825,46,3,0,0,0,0,0,0,0,0,0,0,0,0,0,1,0,0,0,0,0
826,46,14,0,0,1,0,0,0,0,0,0,0,0,0,0,0,0,0,0,0,0
827,46,6,0,0,0,0,1,0,0,0,0,0,0,0,0,0,0,0,0,0,0
828,46,5,0,0,0,0,0,1,0,0,0,0,0,0,0,0,0,0,0,0,0
829,46,6,0,0,0,0,1,0,0,0,0,0,0,0,0,0,0,0,0,0,0
830,46,3,0,0,0,1,1,1,1,0,0,0,0,0,0,0,0,0,0,0,0
831,47,17,0,0,0,0,0,0,0,0,0,0,0,1,0,0,0,0,0,0,0
832,47,12,0,0,0,0,0,0,0,0,0,0,0,0,0,0,0,0,1,0,0
833,48,6,0,0,1,0,0,0,0,0,0,0,0,0,0,0,0,0,0,0,0
834,48,3,0,0,0,0,0,1,0,0,0,0,0,0,0,0,0,0,0,0,0
835,48,6,0,0,1,0,0,0,0,0,0,0,0,0,0,0,0,0,0,0,0
836,48,3,0,0,0,0,0,1,0,0,0,0,0,0,0,0,0,0,0,0,0
837,48,3,0,0,0,1,0,0,0,0,0,0,0,0,0,0,0,0,0,0,0
838,48,4,0,0,1,0,0,0,0,0,0,0,0,0,0,0,0,0,0,0,0
839,48,15,0,0,1,1,1,1,1,0,0,0,0,0,0,0,0,0,0,0,0
840,48,5,0,0,0,0,0,0,0,0,0,0,0,0,0,0,1,0,0,0,0
841,49,12,0,0,0,0,0,0,0,0,0,0,0,0,0,0,0,0,1,1,1
842,49,18,0,0,0,0,0,0,0,0,0,0,0,1,0,0,0,0,0,0,0
843,49,17,0,0,0,0,0,0,0,0,0,0,0,1,0,0,0,0,0,0,0
844,49,19,0,0,0,0,0,0,0,0,0,0,0,1,0,0,0,0,0,0,0
845,49,12,0,0,0,0,0,0,0,0,0,0,0,0,0,0,0,0,1,1,1
846,50,3,0,0,0,0,0,0,1,0,0,0,0,0,0,0,0,0,0,0,0
847,50,7,0,0,1,0,0,0,0,0,0,0,0,0,0,0,0,0,0,0,0
848,50,3,0,0,0,0,0,0,1,0,0,0,0,0,0,0,0,0,0,0,0
849,50,3,0,0,0,0,0,0,1,0,0,0,0,0,0,0,0,0,0,0,0
850,50,7,0,0,1,0,0,0,0,0,0,0,0,0,0,0,0,0,0,0,0
