eventID,sceneID,speakerID,Tony Stark (1),Jimmy (2),James Rhodes (3),Obadiah Stane (4),Christine Everhart (5),Happy Hogan (6),JARVIS (7),Pepper Potts (8),General Gabriel (9),Ho Yinsen (10),Abu Bakaar (11),Raza (12),Phil Coulson (13),Ramirez (14),Major Allen (15),William Riva (16),Pratt (17),Nick Fury (18)
1,1,1,0,1,0,0,0,0,0,0,0,0,0,0,0,1,0,0,1,0
2,1,2,1,0,0,0,0,0,0,0,0,0,0,0,0,0,0,0,0,0
3,1,1,0,1,0,0,0,0,0,0,0,0,0,0,0,0,0,0,0,0
4,1,14,1,0,0,0,0,0,0,0,0,0,0,0,0,0,0,0,0,0
5,1,1,0,0,0,0,0,0,0,0,0,0,0,0,0,1,0,0,0,0
6,1,14,1,0,0,0,0,0,0,0,0,0,0,0,0,0,0,0,0,0
7,1,1,0,0,0,0,0,0,0,0,0,0,0,0,0,1,0,0,0,0
8,1,1,0,1,0,0,0,0,0,0,0,0,0,0,0,0,0,0,0,0
9,1,17,1,0,0,0,0,0,0,0,0,0,0,0,0,0,0,0,0,0
10,1,1,0,0,0,0,0,0,0,0,0,0,0,0,0,0,0,0,1,0
11,1,17,1,0,0,0,0,0,0,0,0,0,0,0,0,0,0,0,0,0
12,1,1,0,0,0,0,0,0,0,0,0,0,0,0,0,0,0,0,1,0
13,1,1,0,1,0,0,0,0,0,0,0,0,0,0,0,1,0,0,1,0
14,1,1,0,1,0,0,0,0,0,0,0,0,0,0,0,0,0,0,0,0
15,1,2,1,0,0,0,0,0,0,0,0,0,0,0,0,0,0,0,0,0
16,1,1,0,1,0,0,0,0,0,0,0,0,0,0,0,0,0,0,0,0
17,1,1,0,1,0,0,0,0,0,0,0,0,0,0,0,0,0,0,0,0
18,1,2,0,0,0,0,0,0,0,0,0,0,0,0,0,0,0,0,1,0
19,1,1,0,1,0,0,0,0,0,0,0,0,0,0,0,1,0,0,1,0
20,1,17,0,1,0,0,0,0,0,0,0,0,0,0,0,0,0,0,0,0
21,1,2,1,0,0,0,0,0,0,0,0,0,0,0,0,0,0,0,0,0
22,1,1,0,1,0,0,0,0,0,0,0,0,0,0,0,0,0,0,0,0
23,1,1,0,1,0,0,0,0,0,0,0,0,0,0,0,0,0,0,0,0
24,1,2,1,0,0,0,0,0,0,0,0,0,0,0,0,0,0,0,0,0
25,2,4,0,0,1,0,0,0,0,0,0,0,0,0,0,0,0,0,0,0
26,3,3,1,0,0,0,0,0,0,0,0,0,0,0,0,0,0,0,0,0
27,3,1,0,0,1,0,0,0,0,0,0,0,0,0,0,0,0,0,0,0
28,3,3,1,0,0,0,0,0,0,0,0,0,0,0,0,0,0,0,0,0
29,3,1,0,0,1,0,0,0,0,0,0,0,0,0,0,0,0,0,0,0
30,3,3,1,0,0,0,0,0,0,0,0,0,0,0,0,0,0,0,0,0
31,3,1,0,0,1,0,0,0,0,0,0,0,0,0,0,0,0,0,0,0
32,3,3,1,0,0,0,0,0,0,0,0,0,0,0,0,0,0,0,0,0
33,3,1,0,0,1,0,0,0,0,0,0,0,0,0,0,0,0,0,0,0
34,3,3,1,0,0,0,0,0,0,0,0,0,0,0,0,0,0,0,0,0
35,3,1,0,0,1,0,0,0,0,0,0,0,0,0,0,0,0,0,0,0
36,3,3,1,0,0,0,0,0,0,0,0,0,0,0,0,0,0,0,0,0
37,3,3,1,0,0,0,0,0,0,0,0,0,0,0,0,0,0,0,0,0
38,3,1,0,0,1,0,0,0,0,0,0,0,0,0,0,0,0,0,0,0
39,3,3,1,0,0,0,0,0,0,0,0,0,0,0,0,0,0,0,0,0
40,3,1,0,0,1,0,0,0,0,0,0,0,0,0,0,0,0,0,0,0
41,3,3,1,0,0,0,0,0,0,0,0,0,0,0,0,0,0,0,0,0
42,3,1,0,0,1,0,0,0,0,0,0,0,0,0,0,0,0,0,0,0
43,3,3,1,0,0,0,0,0,0,0,0,0,0,0,0,0,0,0,0,0
44,3,1,0,0,1,0,0,0,0,0,0,0,0,0,0,0,0,0,0,0
45,4,5,1,0,0,0,0,0,0,0,0,0,0,0,0,0,0,0,0,0
46,4,6,1,0,0,0,0,0,0,0,0,0,0,0,0,0,0,0,0,0
47,4,1,0,0,0,0,0,1,0,0,0,0,0,0,0,0,0,0,0,0
48,4,1,0,0,0,0,1,0,0,0,0,0,0,0,0,0,0,0,0,0
49,4,5,1,0,0,0,0,0,0,0,0,0,0,0,0,0,0,0,0,0
50,4,1,0,0,0,0,1,0,0,0,0,0,0,0,0,0,0,0,0,0
51,4,5,1,0,0,0,0,0,0,0,0,0,0,0,0,0,0,0,0,0
52,4,1,0,0,0,0,1,0,0,0,0,0,0,0,0,0,0,0,0,0
53,4,5,1,0,0,0,0,0,0,0,0,0,0,0,0,0,0,0,0,0
54,4,1,0,0,0,0,1,0,0,0,0,0,0,0,0,0,0,0,0,0
55,4,5,1,0,0,0,0,0,0,0,0,0,0,0,0,0,0,0,0,0
56,4,1,0,0,0,0,1,0,0,0,0,0,0,0,0,0,0,0,0,0
57,4,5,1,0,0,0,0,0,0,0,0,0,0,0,0,0,0,0,0,0
58,4,1,0,0,0,0,1,0,0,0,0,0,0,0,0,0,0,0,0,0
59,4,5,1,0,0,0,0,0,0,0,0,0,0,0,0,0,0,0,0,0
60,4,1,0,0,0,0,1,0,0,0,0,0,0,0,0,0,0,0,0,0
61,4,5,1,0,0,0,0,0,0,0,0,0,0,0,0,0,0,0,0,0
62,4,1,0,0,0,0,1,0,0,0,0,0,0,0,0,0,0,0,0,0
63,4,5,1,0,0,0,0,0,0,0,0,0,0,0,0,0,0,0,0,0
64,4,1,0,0,0,0,1,0,0,0,0,0,0,0,0,0,0,0,0,0
65,4,5,1,0,0,0,0,0,0,0,0,0,0,0,0,0,0,0,0,0
66,4,1,0,0,0,0,1,0,0,0,0,0,0,0,0,0,0,0,0,0
67,4,5,1,0,0,0,0,0,0,0,0,0,0,0,0,0,0,0,0,0
68,4,1,0,0,0,0,1,0,0,0,0,0,0,0,0,0,0,0,0,0
69,4,5,1,0,0,0,0,0,0,0,0,0,0,0,0,0,0,0,0,0
70,4,1,0,0,0,0,1,0,0,0,0,0,0,0,0,0,0,0,0,0
71,5,7,0,0,0,0,1,0,0,0,0,0,0,0,0,0,0,0,0,0
72,5,7,0,0,0,0,1,0,0,0,0,0,0,0,0,0,0,0,0,0
73,5,8,0,0,0,0,1,0,0,0,0,0,0,0,0,0,0,0,0,0
74,5,5,0,0,0,0,0,0,0,1,0,0,0,0,0,0,0,0,0,0
75,5,8,0,0,0,0,1,0,0,0,0,0,0,0,0,0,0,0,0,0
76,5,5,0,0,0,0,0,0,0,1,0,0,0,0,0,0,0,0,0,0
77,5,8,0,0,0,0,1,0,0,0,0,0,0,0,0,0,0,0,0,0
78,6,1,0,0,0,0,0,0,1,0,0,0,0,0,0,0,0,0,0,0
79,6,7,1,0,0,0,0,0,0,0,0,0,0,0,0,0,0,0,0,0
80,6,1,0,0,0,0,0,0,1,0,0,0,0,0,0,0,0,0,0,0
81,6,1,0,0,0,0,0,0,0,1,0,0,0,0,0,0,0,0,0,0
82,6,8,1,0,0,0,0,0,0,0,0,0,0,0,0,0,0,0,0,0
83,6,1,0,0,0,0,0,0,0,1,0,0,0,0,0,0,0,0,0,0
84,6,8,1,0,0,0,0,0,0,0,0,0,0,0,0,0,0,0,0,0
85,6,1,0,0,0,0,0,0,0,1,0,0,0,0,0,0,0,0,0,0
86,6,8,1,0,0,0,0,0,0,0,0,0,0,0,0,0,0,0,0,0
87,6,1,0,0,0,0,0,0,0,1,0,0,0,0,0,0,0,0,0,0
88,6,8,1,0,0,0,0,0,0,0,0,0,0,0,0,0,0,0,0,0
89,6,1,0,0,0,0,0,0,0,1,0,0,0,0,0,0,0,0,0,0
90,6,8,1,0,0,0,0,0,0,0,0,0,0,0,0,0,0,0,0,0
91,6,1,0,0,0,0,0,0,0,1,0,0,0,0,0,0,0,0,0,0
92,6,8,1,0,0,0,0,0,0,0,0,0,0,0,0,0,0,0,0,0
93,6,1,0,0,0,0,0,0,0,1,0,0,0,0,0,0,0,0,0,0
94,6,8,1,0,0,0,0,0,0,0,0,0,0,0,0,0,0,0,0,0
95,6,1,0,0,0,0,0,0,0,1,0,0,0,0,0,0,0,0,0,0
96,6,8,1,0,0,0,0,0,0,0,0,0,0,0,0,0,0,0,0,0
97,6,1,0,0,0,0,0,0,0,1,0,0,0,0,0,0,0,0,0,0
98,6,8,1,0,0,0,0,0,0,0,0,0,0,0,0,0,0,0,0,0
99,6,1,0,0,0,0,0,0,0,1,0,0,0,0,0,0,0,0,0,0
100,6,8,1,0,0,0,0,0,0,0,0,0,0,0,0,0,0,0,0,0
101,6,1,0,0,0,0,0,0,0,1,0,0,0,0,0,0,0,0,0,0
102,6,8,1,0,0,0,0,0,0,0,0,0,0,0,0,0,0,0,0,0
103,6,1,0,0,0,0,0,0,0,1,0,0,0,0,0,0,0,0,0,0
104,6,8,1,0,0,0,0,0,0,0,0,0,0,0,0,0,0,0,0,0
105,6,1,0,0,0,0,0,0,0,1,0,0,0,0,0,0,0,0,0,0
106,6,8,1,0,0,0,0,0,0,0,0,0,0,0,0,0,0,0,0,0
107,6,1,0,0,0,0,0,0,0,1,0,0,0,0,0,0,0,0,0,0
108,6,8,1,0,0,0,0,0,0,0,0,0,0,0,0,0,0,0,0,0
109,6,1,0,0,0,0,0,0,0,1,0,0,0,0,0,0,0,0,0,0
110,6,8,1,0,0,0,0,0,0,0,0,0,0,0,0,0,0,0,0,0
111,6,1,0,0,0,0,0,0,0,1,0,0,0,0,0,0,0,0,0,0
112,6,8,1,0,0,0,0,0,0,0,0,0,0,0,0,0,0,0,0,0
113,6,1,0,0,0,0,0,0,0,1,0,0,0,0,0,0,0,0,0,0
114,6,8,1,0,0,0,0,0,0,0,0,0,0,0,0,0,0,0,0,0
115,6,1,0,0,0,0,0,0,0,1,0,0,0,0,0,0,0,0,0,0
116,6,1,0,0,0,0,0,0,0,1,0,0,0,0,0,0,0,0,0,0
117,7,1,0,0,0,0,0,1,0,0,0,0,0,0,0,0,0,0,0,0
118,7,6,1,0,0,0,0,0,0,0,0,0,0,0,0,0,0,0,0,0
119,7,1,0,0,0,0,0,1,0,0,0,0,0,0,0,0,0,0,0,0
120,7,3,1,0,0,0,0,0,0,0,0,0,0,0,0,0,0,0,0,0
121,7,1,0,0,1,0,0,0,0,0,0,0,0,0,0,0,0,0,0,0
122,7,3,1,0,0,0,0,0,0,0,0,0,0,0,0,0,0,0,0,0
123,7,1,0,0,1,0,0,0,0,0,0,0,0,0,0,0,0,0,0,0
124,7,3,1,0,0,0,0,0,0,0,0,0,0,0,0,0,0,0,0,0
125,7,1,0,0,1,0,0,0,0,0,0,0,0,0,0,0,0,0,0,0
126,8,1,0,0,1,0,0,0,0,0,0,0,0,0,0,0,0,0,0,0
127,8,3,1,0,0,0,0,0,0,0,0,0,0,0,0,0,0,0,0,0
128,8,1,0,0,1,0,0,0,0,0,0,0,0,0,0,0,0,0,0,0
129,8,3,1,0,0,0,0,0,0,0,0,0,0,0,0,0,0,0,0,0
130,8,1,0,0,1,0,0,0,0,0,0,0,0,0,0,0,0,0,0,0
131,8,3,1,0,0,0,0,0,0,0,0,0,0,0,0,0,0,0,0,0
132,8,1,0,0,1,0,0,0,0,0,0,0,0,0,0,0,0,0,0,0
133,8,3,1,0,0,0,0,0,0,0,0,0,0,0,0,0,0,0,0,0
134,8,1,0,0,1,0,0,0,0,0,0,0,0,0,0,0,0,0,0,0
135,8,3,1,0,0,0,0,0,0,0,0,0,0,0,0,0,0,0,0,0
136,8,3,1,0,0,0,0,0,0,0,0,0,0,0,0,0,0,0,0,0
137,8,1,0,0,1,0,0,0,0,0,0,0,0,0,0,0,0,0,0,0
138,8,3,1,0,0,0,0,0,0,0,0,0,0,0,0,0,0,0,0,0
139,9,3,1,0,0,0,0,0,0,0,0,0,0,0,0,0,0,0,0,0
140,9,1,0,0,1,0,0,0,0,0,0,0,0,0,0,0,0,0,0,0
141,9,3,1,0,0,0,0,0,0,0,0,0,0,0,0,0,0,0,0,0
142,9,1,0,0,1,0,0,0,0,0,0,0,0,0,0,0,0,0,0,0
143,9,3,1,0,0,0,0,0,0,0,0,0,0,0,0,0,0,0,0,0
144,9,1,0,0,1,0,0,0,0,0,0,0,0,0,0,0,0,0,0,0
145,9,3,1,0,0,0,0,0,0,0,0,0,0,0,0,0,0,0,0,0
146,10,1,0,0,0,0,0,0,0,0,1,0,0,0,0,0,0,0,0,0
147,10,9,1,0,0,0,0,0,0,0,0,0,0,0,0,0,0,0,0,0
148,10,1,0,0,0,0,0,0,0,0,1,0,0,0,0,0,0,0,0,0
149,11,4,1,0,0,0,0,0,0,0,0,0,0,0,0,0,0,0,0,0
150,11,1,0,0,0,1,0,0,0,0,0,0,0,0,0,0,0,0,0,0
151,11,4,1,0,0,0,0,0,0,0,0,0,0,0,0,0,0,0,0,0
152,11,1,0,0,0,1,0,0,0,0,0,0,0,0,0,0,0,0,0,0
153,11,4,1,0,0,0,0,0,0,0,0,0,0,0,0,0,0,0,0,0
154,11,1,0,0,0,1,0,0,0,0,0,0,0,0,0,0,0,0,0,0
155,11,4,1,0,0,0,0,0,0,0,0,0,0,0,0,0,0,0,0,0
156,11,3,1,0,0,0,0,0,0,0,0,0,0,0,0,0,0,0,0,0
157,11,1,0,0,1,0,0,0,0,0,0,0,0,0,0,0,0,0,0,0
158,11,3,1,0,0,0,0,0,0,0,0,0,0,0,0,0,0,0,0,0
159,11,1,0,0,1,0,0,0,0,0,0,0,0,0,0,0,0,0,0,0
160,12,10,1,0,0,0,0,0,0,0,0,0,0,0,0,0,0,0,0,0
161,12,1,0,0,0,0,0,0,0,0,0,1,0,0,0,0,0,0,0,0
162,12,10,1,0,0,0,0,0,0,0,0,0,0,0,0,0,0,0,0,0
163,12,10,1,0,0,0,0,0,0,0,0,0,0,0,0,0,0,0,0,0
164,12,1,0,0,0,0,0,0,0,0,0,1,0,0,0,0,0,0,0,0
165,12,10,1,0,0,0,0,0,0,0,0,0,0,0,0,0,0,0,0,0
166,12,10,1,0,0,0,0,0,0,0,0,0,0,0,0,0,0,0,0,0
167,12,1,0,0,0,0,0,0,0,0,0,1,0,0,0,0,0,0,0,0
168,12,10,1,0,0,0,0,0,0,0,0,0,0,0,0,0,0,0,0,0
169,12,1,0,0,0,0,0,0,0,0,0,1,0,0,0,0,0,0,0,0
170,12,10,1,0,0,0,0,0,0,0,0,0,0,0,0,0,0,0,0,0
171,12,10,1,0,0,0,0,0,0,0,0,0,0,0,0,0,0,0,0,0
172,12,1,0,0,0,0,0,0,0,0,0,1,0,0,0,0,0,0,0,0
173,12,10,1,0,0,0,0,0,0,0,0,0,0,0,0,0,0,0,0,0
174,12,11,1,0,0,0,0,0,0,0,0,0,0,0,0,0,0,0,0,0
175,12,10,1,0,0,0,0,0,0,0,0,0,0,0,0,0,0,0,0,0
176,12,11,1,0,0,0,0,0,0,0,0,0,0,0,0,0,0,0,0,0
177,12,10,1,0,0,0,0,0,0,0,0,0,0,0,0,0,0,0,0,0
178,12,11,1,0,0,0,0,0,0,0,0,0,0,0,0,0,0,0,0,0
179,12,10,1,0,0,0,0,0,0,0,0,0,0,0,0,0,0,0,0,0
180,12,11,1,0,0,0,0,0,0,0,0,0,0,0,0,0,0,0,0,0
181,12,10,1,0,0,0,0,0,0,0,0,0,0,0,0,0,0,0,0,0
182,12,11,1,0,0,0,0,0,0,0,0,0,0,0,0,0,0,0,0,0
183,12,10,1,0,0,0,0,0,0,0,0,0,0,0,0,0,0,0,0,0
184,12,1,0,0,0,0,0,0,0,0,0,0,1,0,0,0,0,0,0,0
185,13,11,1,0,0,0,0,0,0,0,0,0,0,0,0,0,0,0,0,0
186,13,10,1,0,0,0,0,0,0,0,0,0,0,0,0,0,0,0,0,0
187,13,1,0,0,0,0,0,0,0,0,0,0,1,0,0,0,0,0,0,0
188,13,10,0,0,0,0,0,0,0,0,0,0,1,0,0,0,0,0,0,0
189,13,11,1,0,0,0,0,0,0,0,0,0,0,0,0,0,0,0,0,0
190,13,10,1,0,0,0,0,0,0,0,0,0,0,0,0,0,0,0,0,0
191,13,11,1,0,0,0,0,0,0,0,0,0,0,0,0,0,0,0,0,0
192,13,10,1,0,0,0,0,0,0,0,0,0,0,0,0,0,0,0,0,0
193,13,1,0,0,0,0,0,0,0,0,0,1,0,0,0,0,0,0,0,0
194,13,10,1,0,0,0,0,0,0,0,0,0,0,0,0,0,0,0,0,0
195,14,10,1,0,0,0,0,0,0,0,0,0,0,0,0,0,0,0,0,0
196,14,1,0,0,0,0,0,0,0,0,0,1,0,0,0,0,0,0,0,0
197,14,10,1,0,0,0,0,0,0,0,0,0,0,0,0,0,0,0,0,0
198,15,1,0,0,0,0,0,0,0,0,0,1,0,0,0,0,0,0,0,0
199,16,1,0,0,0,0,0,0,0,0,0,1,0,0,0,0,0,0,0,0
200,16,10,1,0,0,0,0,0,0,0,0,0,0,0,0,0,0,0,0,0
201,16,1,0,0,0,0,0,0,0,0,0,1,0,0,0,0,0,0,0,0
202,16,10,1,0,0,0,0,0,0,0,0,0,0,0,0,0,0,0,0,0
203,16,10,1,0,0,0,0,0,0,0,0,0,0,0,0,0,0,0,0,0
204,16,1,0,0,0,0,0,0,0,0,0,1,0,0,0,0,0,0,0,0
205,16,1,0,0,0,0,0,0,0,0,0,1,0,0,0,0,0,0,0,0
206,16,10,1,0,0,0,0,0,0,0,0,0,0,0,0,0,0,0,0,0
207,16,1,0,0,0,0,0,0,0,0,0,1,0,0,0,0,0,0,0,0
208,17,1,0,0,0,0,0,0,0,0,0,1,0,0,0,0,0,0,0,0
209,17,10,1,0,0,0,0,0,0,0,0,0,0,0,0,0,0,0,0,0
210,17,1,0,0,0,0,0,0,0,0,0,1,0,0,0,0,0,0,0,0
211,17,10,1,0,0,0,0,0,0,0,0,0,0,0,0,0,0,0,0,0
212,17,1,0,0,0,0,0,0,0,0,0,1,0,0,0,0,0,0,0,0
213,17,10,1,0,0,0,0,0,0,0,0,0,0,0,0,0,0,0,0,0
214,18,10,1,0,0,0,0,0,0,0,0,0,0,0,0,0,0,0,0,0
215,18,1,0,0,0,0,0,0,0,0,0,1,0,0,0,0,0,0,0,0
216,18,10,1,0,0,0,0,0,0,0,0,0,0,0,0,0,0,0,0,0
217,18,1,0,0,0,0,0,0,0,0,0,1,0,0,0,0,0,0,0,0
218,18,10,1,0,0,0,0,0,0,0,0,0,0,0,0,0,0,0,0,0
219,18,1,0,0,0,0,0,0,0,0,0,1,0,0,0,0,0,0,0,0
220,19,1,0,0,0,0,0,0,0,0,0,1,0,0,0,0,0,0,0,0
221,19,10,1,0,0,0,0,0,0,0,0,0,0,0,0,0,0,0,0,0
222,19,1,0,0,0,0,0,0,0,0,0,1,0,0,0,0,0,0,0,0
223,19,10,1,0,0,0,0,0,0,0,0,0,0,0,0,0,0,0,0,0
224,20,1,0,0,0,0,0,0,0,0,0,1,0,0,0,0,0,0,0,0
225,20,10,1,0,0,0,0,0,0,0,0,0,0,0,0,0,0,0,0,0
226,20,1,0,0,0,0,0,0,0,0,0,1,0,0,0,0,0,0,0,0
227,20,10,1,0,0,0,0,0,0,0,0,0,0,0,0,0,0,0,0,0
228,20,1,0,0,0,0,0,0,0,0,0,1,0,0,0,0,0,0,0,0
229,20,10,1,0,0,0,0,0,0,0,0,0,0,0,0,0,0,0,0,0
230,21,12,1,0,0,0,0,0,0,0,0,0,0,0,0,0,0,0,0,0
231,21,12,1,0,0,0,0,0,0,0,0,0,0,0,0,0,0,0,0,0
232,21,12,0,0,0,0,0,0,0,0,0,1,0,0,0,0,0,0,0,0
233,21,10,0,0,0,0,0,0,0,0,0,0,0,1,0,0,0,0,0,0
234,21,12,0,0,0,0,0,0,0,0,0,1,0,0,0,0,0,0,0,0
235,21,10,0,0,0,0,0,0,0,0,0,0,0,1,0,0,0,0,0,0
236,21,12,0,0,0,0,0,0,0,0,0,1,0,0,0,0,0,0,0,0
237,21,10,0,0,0,0,0,0,0,0,0,0,0,1,0,0,0,0,0,0
238,21,12,0,0,0,0,0,0,0,0,0,1,0,0,0,0,0,0,0,0
239,21,1,0,0,0,0,0,0,0,0,0,1,0,0,0,0,0,0,0,0
240,21,12,0,0,0,0,0,0,0,0,0,1,0,0,0,0,0,0,0,0
241,21,10,0,0,0,0,0,0,0,0,0,0,0,1,0,0,0,0,0,0
242,21,12,0,0,0,0,0,0,0,0,0,1,0,0,0,0,0,0,0,0
243,21,10,0,0,0,0,0,0,0,0,0,0,0,1,0,0,0,0,0,0
244,21,12,0,0,0,0,0,0,0,0,0,1,0,0,0,0,0,0,0,0
245,21,10,0,0,0,0,0,0,0,0,0,0,0,1,0,0,0,0,0,0
246,21,1,0,0,0,0,0,0,0,0,0,0,0,1,0,0,0,0,0,0
247,21,1,0,0,0,0,0,0,0,0,0,0,0,1,0,0,0,0,0,0
248,21,12,1,0,0,0,0,0,0,0,0,0,0,0,0,0,0,0,0,0
249,22,10,1,0,0,0,0,0,0,0,0,0,0,0,0,0,0,0,0,0
250,22,1,0,0,0,0,0,0,0,0,0,1,0,0,0,0,0,0,0,0
251,23,1,0,0,0,0,0,0,0,0,0,1,0,0,0,0,0,0,0,0
252,23,10,1,0,0,0,0,0,0,0,0,0,0,0,0,0,0,0,0,0
253,23,1,0,0,0,0,0,0,0,0,0,1,0,0,0,0,0,0,0,0
254,24,1,0,0,0,0,0,0,0,0,0,1,0,0,0,0,0,0,0,0
255,24,10,1,0,0,0,0,0,0,0,0,0,0,0,0,0,0,0,0,0
256,24,1,0,0,0,0,0,0,0,0,0,1,0,0,0,0,0,0,0,0
257,24,10,1,0,0,0,0,0,0,0,0,0,0,0,0,0,0,0,0,0
258,24,1,0,0,0,0,0,0,0,0,0,1,0,0,0,0,0,0,0,0
259,24,10,1,0,0,0,0,0,0,0,0,0,0,0,0,0,0,0,0,0
260,24,1,0,0,0,0,0,0,0,0,0,1,0,0,0,0,0,0,0,0
261,24,10,1,0,0,0,0,0,0,0,0,0,0,0,0,0,0,0,0,0
262,24,1,0,0,0,0,0,0,0,0,0,1,0,0,0,0,0,0,0,0
263,24,10,1,0,0,0,0,0,0,0,0,0,0,0,0,0,0,0,0,0
264,24,1,0,0,0,0,0,0,0,0,0,1,0,0,0,0,0,0,0,0
265,24,10,1,0,0,0,0,0,0,0,0,0,0,0,0,0,0,0,0,0
266,24,1,0,0,0,0,0,0,0,0,0,1,0,0,0,0,0,0,0,0
267,24,10,1,0,0,0,0,0,0,0,0,0,0,0,0,0,0,0,0,0
268,24,1,0,0,0,0,0,0,0,0,0,1,0,0,0,0,0,0,0,0
269,24,10,1,0,0,0,0,0,0,0,0,0,0,0,0,0,0,0,0,0
270,24,1,0,0,0,0,0,0,0,0,0,1,0,0,0,0,0,0,0,0
271,24,1,0,0,0,0,0,0,0,0,0,1,0,0,0,0,0,0,0,0
272,24,10,1,0,0,0,0,0,0,0,0,0,0,0,0,0,0,0,0,0
273,24,1,0,0,0,0,0,0,0,0,0,1,0,0,0,0,0,0,0,0
274,24,10,1,0,0,0,0,0,0,0,0,0,0,0,0,0,0,0,0,0
275,24,1,0,0,0,0,0,0,0,0,0,1,0,0,0,0,0,0,0,0
276,24,10,1,0,0,0,0,0,0,0,0,0,0,0,0,0,0,0,0,0
277,24,1,0,0,0,0,0,0,0,0,0,1,0,0,0,0,0,0,0,0
278,24,1,0,0,0,0,0,0,0,0,0,1,0,0,0,0,0,0,0,0
279,24,1,0,0,0,0,0,0,0,0,0,1,0,0,0,0,0,0,0,0
280,25,1,0,0,0,0,0,0,0,0,0,1,0,0,0,0,0,0,0,0
281,25,10,1,0,0,0,0,0,0,0,0,0,0,0,0,0,0,0,0,0
282,25,10,1,0,0,0,0,0,0,0,0,0,0,0,0,0,0,0,0,0
283,25,1,0,0,0,0,0,0,0,0,0,1,0,0,0,0,0,0,0,0
284,25,10,1,0,0,0,0,0,0,0,0,0,0,0,0,0,0,0,0,0
285,25,1,0,0,0,0,0,0,0,0,0,1,0,0,0,0,0,0,0,0
286,25,10,1,0,0,0,0,0,0,0,0,0,0,0,0,0,0,0,0,0
287,25,1,0,0,0,0,0,0,0,0,0,1,0,0,0,0,0,0,0,0
288,25,10,1,0,0,0,0,0,0,0,0,0,0,0,0,0,0,0,0,0
289,26,3,1,0,0,0,0,0,0,0,0,0,0,0,0,0,0,0,0,0
290,26,3,1,0,0,0,0,0,0,0,0,0,0,0,0,0,0,0,0,0
291,27,1,0,0,1,0,0,0,0,0,0,0,0,0,0,0,0,0,0,0
292,27,1,0,0,0,0,0,0,0,1,0,0,0,0,0,0,0,0,0,0
293,27,8,1,0,0,0,0,0,0,0,0,0,0,0,0,0,0,0,0,0
294,27,1,0,0,0,0,0,0,0,1,0,0,0,0,0,0,0,0,0,0
295,28,6,1,0,0,0,0,0,0,0,0,0,0,0,0,0,0,0,0,0
296,28,8,0,0,0,0,0,1,0,0,0,0,0,0,0,0,0,0,0,0
297,28,1,0,0,0,0,0,1,0,1,0,0,0,0,0,0,0,0,0,0
298,28,8,1,0,0,0,0,0,0,0,0,0,0,0,0,0,0,0,0,0
299,28,1,0,0,0,0,0,0,0,1,0,0,0,0,0,0,0,0,0,0
300,28,8,1,0,0,0,0,0,0,0,0,0,0,0,0,0,0,0,0,0
301,28,1,0,0,0,0,0,0,0,1,0,0,0,0,0,0,0,0,0,0
302,28,8,1,0,0,0,0,0,0,0,0,0,0,0,0,0,0,0,0,0
303,28,1,0,0,0,0,0,0,0,1,0,0,0,0,0,0,0,0,0,0
304,28,8,1,0,0,0,0,0,0,0,0,0,0,0,0,0,0,0,0,0
305,28,1,0,0,0,0,0,1,0,0,0,0,0,0,0,0,0,0,0,0
306,29,4,1,0,0,0,0,0,0,0,0,0,0,0,0,0,0,0,0,0
307,29,1,0,0,0,1,0,0,0,0,0,0,0,0,0,0,0,0,0,0
308,29,4,1,0,0,0,0,0,0,0,0,0,0,0,0,0,0,0,0,0
309,29,1,0,0,0,1,0,0,0,0,0,0,0,0,0,0,0,0,0,0
310,29,4,1,0,0,0,0,0,0,0,0,0,0,0,0,0,0,0,0,0
311,29,1,0,0,0,1,0,0,0,0,0,0,0,0,0,0,0,0,0,0
312,30,13,0,0,0,0,0,0,0,1,0,0,0,0,0,0,0,0,0,0
313,30,8,0,0,0,0,0,0,0,0,0,0,0,0,1,0,0,0,0,0
314,30,13,0,0,0,0,0,0,0,1,0,0,0,0,0,0,0,0,0,0
315,30,8,0,0,0,0,0,0,0,0,0,0,0,0,1,0,0,0,0,0
316,30,13,0,0,0,0,0,0,0,1,0,0,0,0,0,0,0,0,0,0
317,30,8,0,0,0,0,0,0,0,0,0,0,0,0,1,0,0,0,0,0
318,30,13,0,0,0,0,0,0,0,1,0,0,0,0,0,0,0,0,0,0
319,30,8,0,0,0,0,0,0,0,0,0,0,0,0,1,0,0,0,0,0
320,30,13,0,0,0,0,0,0,0,1,0,0,0,0,0,0,0,0,0,0
321,30,8,0,0,0,0,0,0,0,0,0,0,0,0,1,0,0,0,0,0
322,30,13,0,0,0,0,0,0,0,1,0,0,0,0,0,0,0,0,0,0
323,31,3,0,0,0,0,0,0,0,1,0,0,0,0,0,0,0,0,0,0
324,31,8,0,0,1,0,0,0,0,0,0,0,0,0,0,0,0,0,0,0
325,31,1,0,0,0,1,0,0,0,0,0,0,0,0,0,0,0,0,0,0
326,31,4,1,0,0,0,0,0,0,0,0,0,0,0,0,0,0,0,0,0
327,31,1,0,0,0,1,0,0,0,0,0,0,0,0,0,0,0,0,0,0
328,32,4,0,0,0,0,0,1,0,0,0,0,0,0,0,0,0,0,0,0
329,32,6,0,0,0,1,0,0,0,0,0,0,0,0,0,0,0,0,0,0
330,33,4,1,0,0,0,0,0,0,0,0,0,0,0,0,0,0,0,0,0
331,33,1,0,0,0,1,0,0,0,0,0,0,0,0,0,0,0,0,0,0
332,33,4,1,0,0,0,0,0,0,0,0,0,0,0,0,0,0,0,0,0
333,33,1,0,0,0,1,0,0,0,0,0,0,0,0,0,0,0,0,0,0
334,33,4,1,0,0,0,0,0,0,0,0,0,0,0,0,0,0,0,0,0
335,33,1,0,0,0,1,0,0,0,0,0,0,0,0,0,0,0,0,0,0
336,33,4,1,0,0,0,0,0,0,0,0,0,0,0,0,0,0,0,0,0
337,33,1,0,0,0,1,0,0,0,0,0,0,0,0,0,0,0,0,0,0
338,33,4,1,0,0,0,0,0,0,0,0,0,0,0,0,0,0,0,0,0
339,33,1,0,0,0,1,0,0,0,0,0,0,0,0,0,0,0,0,0,0
340,33,4,1,0,0,0,0,0,0,0,0,0,0,0,0,0,0,0,0,0
341,33,1,0,0,0,1,0,0,0,0,0,0,0,0,0,0,0,0,0,0
342,33,4,1,0,0,0,0,0,0,0,0,0,0,0,0,0,0,0,0,0
343,33,1,0,0,0,1,0,0,0,0,0,0,0,0,0,0,0,0,0,0
344,33,4,1,0,0,0,0,0,0,0,0,0,0,0,0,0,0,0,0,0
345,33,1,0,0,0,1,0,0,0,0,0,0,0,0,0,0,0,0,0,0
346,33,4,1,0,0,0,0,0,0,0,0,0,0,0,0,0,0,0,0,0
347,33,1,0,0,0,1,0,0,0,0,0,0,0,0,0,0,0,0,0,0
348,33,4,1,0,0,0,0,0,0,0,0,0,0,0,0,0,0,0,0,0
349,33,1,0,0,0,1,0,0,0,0,0,0,0,0,0,0,0,0,0,0
350,33,1,0,0,0,1,0,0,0,0,0,0,0,0,0,0,0,0,0,0
351,33,4,1,0,0,0,0,0,0,0,0,0,0,0,0,0,0,0,0,0
352,33,1,0,0,0,1,0,0,0,0,0,0,0,0,0,0,0,0,0,0
353,33,4,1,0,0,0,0,0,0,0,0,0,0,0,0,0,0,0,0,0
354,33,1,0,0,0,1,0,0,0,0,0,0,0,0,0,0,0,0,0,0
355,33,4,1,0,0,0,0,0,0,0,0,0,0,0,0,0,0,0,0,0
356,33,1,0,0,0,1,0,0,0,0,0,0,0,0,0,0,0,0,0,0
357,33,4,1,0,0,0,0,0,0,0,0,0,0,0,0,0,0,0,0,0
358,33,1,0,0,0,1,0,0,0,0,0,0,0,0,0,0,0,0,0,0
359,33,4,1,0,0,0,0,0,0,0,0,0,0,0,0,0,0,0,0,0
360,33,1,0,0,0,1,0,0,0,0,0,0,0,0,0,0,0,0,0,0
361,33,4,1,0,0,0,0,0,0,0,0,0,0,0,0,0,0,0,0,0
362,34,1,0,0,0,0,0,0,0,1,0,0,0,0,0,0,0,0,0,0
363,34,8,1,0,0,0,0,0,0,0,0,0,0,0,0,0,0,0,0,0
364,34,1,0,0,0,0,0,0,0,1,0,0,0,0,0,0,0,0,0,0
365,34,8,1,0,0,0,0,0,0,0,0,0,0,0,0,0,0,0,0,0
366,34,1,0,0,0,0,0,0,0,1,0,0,0,0,0,0,0,0,0,0
367,35,1,0,0,0,0,0,0,0,1,0,0,0,0,0,0,0,0,0,0
368,35,8,1,0,0,0,0,0,0,0,0,0,0,0,0,0,0,0,0,0
369,35,1,0,0,0,0,0,0,0,1,0,0,0,0,0,0,0,0,0,0
370,35,8,1,0,0,0,0,0,0,0,0,0,0,0,0,0,0,0,0,0
371,35,1,0,0,0,0,0,0,0,1,0,0,0,0,0,0,0,0,0,0
372,35,8,1,0,0,0,0,0,0,0,0,0,0,0,0,0,0,0,0,0
373,35,1,0,0,0,0,0,0,0,1,0,0,0,0,0,0,0,0,0,0
374,35,8,1,0,0,0,0,0,0,0,0,0,0,0,0,0,0,0,0,0
375,35,1,0,0,0,0,0,0,0,1,0,0,0,0,0,0,0,0,0,0
376,35,8,1,0,0,0,0,0,0,0,0,0,0,0,0,0,0,0,0,0
377,35,1,0,0,0,0,0,0,0,1,0,0,0,0,0,0,0,0,0,0
378,35,8,1,0,0,0,0,0,0,0,0,0,0,0,0,0,0,0,0,0
379,35,1,0,0,0,0,0,0,0,1,0,0,0,0,0,0,0,0,0,0
380,35,8,1,0,0,0,0,0,0,0,0,0,0,0,0,0,0,0,0,0
381,35,1,0,0,0,0,0,0,0,1,0,0,0,0,0,0,0,0,0,0
382,35,8,1,0,0,0,0,0,0,0,0,0,0,0,0,0,0,0,0,0
383,35,1,0,0,0,0,0,0,0,1,0,0,0,0,0,0,0,0,0,0
384,35,8,1,0,0,0,0,0,0,0,0,0,0,0,0,0,0,0,0,0
385,35,1,0,0,0,0,0,0,0,1,0,0,0,0,0,0,0,0,0,0
386,35,8,1,0,0,0,0,0,0,0,0,0,0,0,0,0,0,0,0,0
387,35,1,0,0,0,0,0,0,0,1,0,0,0,0,0,0,0,0,0,0
388,35,8,1,0,0,0,0,0,0,0,0,0,0,0,0,0,0,0,0,0
389,35,1,0,0,0,0,0,0,0,1,0,0,0,0,0,0,0,0,0,0
390,35,8,1,0,0,0,0,0,0,0,0,0,0,0,0,0,0,0,0,0
391,35,1,0,0,0,0,0,0,0,1,0,0,0,0,0,0,0,0,0,0
392,35,8,1,0,0,0,0,0,0,0,0,0,0,0,0,0,0,0,0,0
393,35,1,0,0,0,0,0,0,0,1,0,0,0,0,0,0,0,0,0,0
394,35,8,1,0,0,0,0,0,0,0,0,0,0,0,0,0,0,0,0,0
395,35,1,0,0,0,0,0,0,0,1,0,0,0,0,0,0,0,0,0,0
396,35,8,1,0,0,0,0,0,0,0,0,0,0,0,0,0,0,0,0,0
397,35,1,0,0,0,0,0,0,0,1,0,0,0,0,0,0,0,0,0,0
398,35,8,1,0,0,0,0,0,0,0,0,0,0,0,0,0,0,0,0,0
399,35,1,0,0,0,0,0,0,0,1,0,0,0,0,0,0,0,0,0,0
400,35,8,1,0,0,0,0,0,0,0,0,0,0,0,0,0,0,0,0,0
401,35,1,0,0,0,0,0,0,0,1,0,0,0,0,0,0,0,0,0,0
402,35,8,1,0,0,0,0,0,0,0,0,0,0,0,0,0,0,0,0,0
403,35,1,0,0,0,0,0,0,0,1,0,0,0,0,0,0,0,0,0,0
404,35,8,1,0,0,0,0,0,0,0,0,0,0,0,0,0,0,0,0,0
405,35,1,0,0,0,0,0,0,0,1,0,0,0,0,0,0,0,0,0,0
406,35,8,1,0,0,0,0,0,0,0,0,0,0,0,0,0,0,0,0,0
407,35,1,0,0,0,0,0,0,0,1,0,0,0,0,0,0,0,0,0,0
408,35,8,1,0,0,0,0,0,0,0,0,0,0,0,0,0,0,0,0,0
409,35,1,0,0,0,0,0,0,0,1,0,0,0,0,0,0,0,0,0,0
410,35,8,1,0,0,0,0,0,0,0,0,0,0,0,0,0,0,0,0,0
411,35,1,0,0,0,0,0,0,0,1,0,0,0,0,0,0,0,0,0,0
412,35,8,1,0,0,0,0,0,0,0,0,0,0,0,0,0,0,0,0,0
413,35,1,0,0,0,0,0,0,0,1,0,0,0,0,0,0,0,0,0,0
414,36,1,0,0,1,0,0,0,0,0,0,0,0,0,0,0,0,0,0,0
415,36,3,1,0,0,0,0,0,0,0,0,0,0,0,0,0,0,0,0,0
416,36,1,0,0,1,0,0,0,0,0,0,0,0,0,0,0,0,0,0,0
417,36,3,1,0,0,0,0,0,0,0,0,0,0,0,0,0,0,0,0,0
418,36,1,0,0,1,0,0,0,0,0,0,0,0,0,0,0,0,0,0,0
419,36,3,1,0,0,0,0,0,0,0,0,0,0,0,0,0,0,0,0,0
420,36,1,0,0,1,0,0,0,0,0,0,0,0,0,0,0,0,0,0,0
421,36,3,1,0,0,0,0,0,0,0,0,0,0,0,0,0,0,0,0,0
422,36,1,0,0,1,0,0,0,0,0,0,0,0,0,0,0,0,0,0,0
423,36,3,1,0,0,0,0,0,0,0,0,0,0,0,0,0,0,0,0,0
424,36,1,0,0,1,0,0,0,0,0,0,0,0,0,0,0,0,0,0,0
425,36,3,1,0,0,0,0,0,0,0,0,0,0,0,0,0,0,0,0,0
426,36,1,0,0,1,0,0,0,0,0,0,0,0,0,0,0,0,0,0,0
427,36,3,1,0,0,0,0,0,0,0,0,0,0,0,0,0,0,0,0,0
428,36,1,0,0,1,0,0,0,0,0,0,0,0,0,0,0,0,0,0,0
429,36,3,1,0,0,0,0,0,0,0,0,0,0,0,0,0,0,0,0,0
430,36,1,0,0,1,0,0,0,0,0,0,0,0,0,0,0,0,0,0,0
431,36,3,1,0,0,0,0,0,0,0,0,0,0,0,0,0,0,0,0,0
432,36,1,0,0,1,0,0,0,0,0,0,0,0,0,0,0,0,0,0,0
433,36,3,1,0,0,0,0,0,0,0,0,0,0,0,0,0,0,0,0,0
434,36,3,1,0,0,0,0,0,0,0,0,0,0,0,0,0,0,0,0,0
435,36,1,0,0,1,0,0,0,0,0,0,0,0,0,0,0,0,0,0,0
436,36,3,1,0,0,0,0,0,0,0,0,0,0,0,0,0,0,0,0,0
437,36,1,0,0,1,0,0,0,0,0,0,0,0,0,0,0,0,0,0,0
438,37,1,0,0,0,0,0,0,1,0,0,0,0,0,0,0,0,0,0,0
439,37,7,1,0,0,0,0,0,0,0,0,0,0,0,0,0,0,0,0,0
440,37,1,0,0,0,0,0,0,1,0,0,0,0,0,0,0,0,0,0,0
441,37,7,1,0,0,0,0,0,0,0,0,0,0,0,0,0,0,0,0,0
442,37,1,0,0,0,0,0,0,1,0,0,0,0,0,0,0,0,0,0,0
443,37,7,1,0,0,0,0,0,0,0,0,0,0,0,0,0,0,0,0,0
444,37,1,0,0,0,0,0,0,1,0,0,0,0,0,0,0,0,0,0,0
445,38,8,1,0,0,0,0,0,0,0,0,0,0,0,0,0,0,0,0,0
446,38,1,0,0,0,0,0,0,0,1,0,0,0,0,0,0,0,0,0,0
447,38,8,1,0,0,0,0,0,0,0,0,0,0,0,0,0,0,0,0,0
448,38,1,0,0,0,0,0,0,0,1,0,0,0,0,0,0,0,0,0,0
449,38,8,1,0,0,0,0,0,0,0,0,0,0,0,0,0,0,0,0,0
450,38,1,0,0,0,0,0,0,0,1,0,0,0,0,0,0,0,0,0,0
451,38,1,0,0,0,0,0,0,0,1,0,0,0,0,0,0,0,0,0,0
452,39,1,0,0,0,1,0,0,0,0,0,0,0,0,0,0,0,0,0,0
453,39,1,0,0,0,1,0,0,0,0,0,0,0,0,0,0,0,0,0,0
454,39,4,1,0,0,0,0,0,0,0,0,0,0,0,0,0,0,0,0,0
455,39,1,0,0,0,1,0,0,0,0,0,0,0,0,0,0,0,0,0,0
456,39,4,1,0,0,0,0,0,0,0,0,0,0,0,0,0,0,0,0,0
457,39,1,0,0,0,1,0,0,0,0,0,0,0,0,0,0,0,0,0,0
458,39,4,1,0,0,0,0,0,0,0,0,0,0,0,0,0,0,0,0,0
459,39,1,0,0,0,1,0,0,0,0,0,0,0,0,0,0,0,0,0,0
460,39,4,1,0,0,0,0,0,0,0,0,0,0,0,0,0,0,0,0,0
461,39,1,0,0,0,1,0,0,0,0,0,0,0,0,0,0,0,0,0,0
462,39,4,1,0,0,0,0,0,0,0,0,0,0,0,0,0,0,0,0,0
463,39,1,0,0,0,1,0,0,0,0,0,0,0,0,0,0,0,0,0,0
464,39,8,1,0,0,0,0,0,0,0,0,0,0,0,0,0,0,0,0,0
465,39,1,0,0,0,0,0,0,0,1,0,0,0,0,0,0,0,0,0,0
466,39,4,1,0,0,0,0,0,0,0,0,0,0,0,0,0,0,0,0,0
467,39,1,0,0,0,1,0,0,0,1,0,0,0,0,0,0,0,0,0,0
468,39,4,1,0,0,0,0,0,0,0,0,0,0,0,0,0,0,0,0,0
469,39,1,0,0,0,1,0,0,0,1,0,0,0,0,0,0,0,0,0,0
470,39,4,1,0,0,0,0,0,0,0,0,0,0,0,0,0,0,0,0,0
471,39,1,0,0,0,1,0,0,0,0,0,0,0,0,0,0,0,0,0,0
472,39,4,1,0,0,0,0,0,0,0,0,0,0,0,0,0,0,0,0,0
473,39,1,0,0,0,1,0,0,0,0,0,0,0,0,0,0,0,0,0,0
474,39,4,1,0,0,0,0,0,0,0,0,0,0,0,0,0,0,0,0,0
475,39,1,0,0,0,1,0,0,0,0,0,0,0,0,0,0,0,0,0,0
476,39,4,1,0,0,0,0,0,0,0,0,0,0,0,0,0,0,0,0,0
477,39,1,0,0,0,1,0,0,0,0,0,0,0,0,0,0,0,0,0,0
478,40,1,0,0,0,0,0,0,1,0,0,0,0,0,0,0,0,0,0,0
479,40,7,1,0,0,0,0,0,0,0,0,0,0,0,0,0,0,0,0,0
480,40,1,0,0,0,0,0,0,1,0,0,0,0,0,0,0,0,0,0,0
481,40,7,1,0,0,0,0,0,0,0,0,0,0,0,0,0,0,0,0,0
482,40,1,0,0,0,0,0,0,1,0,0,0,0,0,0,0,0,0,0,0
483,40,7,1,0,0,0,0,0,0,0,0,0,0,0,0,0,0,0,0,0
484,40,1,0,0,0,0,0,0,1,0,0,0,0,0,0,0,0,0,0,0
485,40,7,1,0,0,0,0,0,0,0,0,0,0,0,0,0,0,0,0,0
486,40,1,0,0,0,0,0,0,1,0,0,0,0,0,0,0,0,0,0,0
487,40,7,1,0,0,0,0,0,0,0,0,0,0,0,0,0,0,0,0,0
488,40,1,0,0,0,0,0,0,1,0,0,0,0,0,0,0,0,0,0,0
489,40,7,1,0,0,0,0,0,0,0,0,0,0,0,0,0,0,0,0,0
490,40,7,1,0,0,0,0,0,0,0,0,0,0,0,0,0,0,0,0,0
491,40,1,0,0,0,0,0,0,1,0,0,0,0,0,0,0,0,0,0,0
492,40,7,1,0,0,0,0,0,0,0,0,0,0,0,0,0,0,0,0,0
493,40,1,0,0,0,0,0,0,1,0,0,0,0,0,0,0,0,0,0,0
494,40,1,0,0,0,0,0,0,1,0,0,0,0,0,0,0,0,0,0,0
495,40,7,1,0,0,0,0,0,0,0,0,0,0,0,0,0,0,0,0,0
496,40,1,0,0,0,0,0,0,1,0,0,0,0,0,0,0,0,0,0,0
497,40,7,1,0,0,0,0,0,0,0,0,0,0,0,0,0,0,0,0,0
498,40,1,0,0,0,0,0,0,1,0,0,0,0,0,0,0,0,0,0,0
499,40,1,0,0,0,0,0,0,1,0,0,0,0,0,0,0,0,0,0,0
500,40,1,0,0,0,0,0,0,1,0,0,0,0,0,0,0,0,0,0,0
501,41,1,0,0,0,0,0,0,1,0,0,0,0,0,0,0,0,0,0,0
502,41,7,1,0,0,0,0,0,0,0,0,0,0,0,0,0,0,0,0,0
503,41,1,0,0,0,0,0,0,1,0,0,0,0,0,0,0,0,0,0,0
504,41,7,1,0,0,0,0,0,0,0,0,0,0,0,0,0,0,0,0,0
505,41,1,0,0,0,0,0,0,1,0,0,0,0,0,0,0,0,0,0,0
506,41,7,1,0,0,0,0,0,0,0,0,0,0,0,0,0,0,0,0,0
507,41,7,1,0,0,0,0,0,0,0,0,0,0,0,0,0,0,0,0,0
508,41,1,0,0,0,0,0,0,1,0,0,0,0,0,0,0,0,0,0,0
509,41,7,1,0,0,0,0,0,0,0,0,0,0,0,0,0,0,0,0,0
510,41,1,0,0,0,0,0,0,1,0,0,0,0,0,0,0,0,0,0,0
511,41,7,1,0,0,0,0,0,0,0,0,0,0,0,0,0,0,0,0,0
512,41,1,0,0,0,0,0,0,1,0,0,0,0,0,0,0,0,0,0,0
513,41,7,1,0,0,0,0,0,0,0,0,0,0,0,0,0,0,0,0,0
514,42,1,0,0,0,1,0,0,0,0,0,0,0,0,0,0,0,0,0,0
515,42,4,1,0,0,0,0,0,0,0,0,0,0,0,0,0,0,0,0,0
516,42,1,0,0,0,1,0,0,0,0,0,0,0,0,0,0,0,0,0,0
517,42,4,1,0,0,0,0,0,0,0,0,0,0,0,0,0,0,0,0,0
518,42,1,0,0,0,1,0,0,0,0,0,0,0,0,0,0,0,0,0,0
519,42,4,1,0,0,0,0,0,0,0,0,0,0,0,0,0,0,0,0,0
520,42,1,0,0,0,1,0,0,0,0,0,0,0,0,0,0,0,0,0,0
521,43,13,1,0,0,0,0,0,0,0,0,0,0,0,0,0,0,0,0,0
522,43,1,0,0,0,0,0,0,0,0,0,0,0,0,1,0,0,0,0,0
523,43,13,1,0,0,0,0,0,0,0,0,0,0,0,0,0,0,0,0,0
524,43,1,0,0,0,0,0,0,0,0,0,0,0,0,1,0,0,0,0,0
525,43,13,1,0,0,0,0,0,0,0,0,0,0,0,0,0,0,0,0,0
526,43,1,0,0,0,0,0,0,0,0,0,0,0,0,1,0,0,0,0,0
527,43,13,1,0,0,0,0,0,0,0,0,0,0,0,0,0,0,0,0,0
528,43,1,0,0,0,0,0,0,0,0,0,0,0,0,1,0,0,0,0,0
529,43,1,0,0,0,0,0,0,0,1,0,0,0,0,0,0,0,0,0,0
530,43,8,1,0,0,0,0,0,0,0,0,0,0,0,0,0,0,0,0,0
531,43,1,0,0,0,0,0,0,0,1,0,0,0,0,0,0,0,0,0,0
532,43,8,1,0,0,0,0,0,0,0,0,0,0,0,0,0,0,0,0,0
533,43,1,0,0,0,0,0,0,0,1,0,0,0,0,0,0,0,0,0,0
534,43,8,1,0,0,0,0,0,0,0,0,0,0,0,0,0,0,0,0,0
535,43,1,0,0,0,0,0,0,0,1,0,0,0,0,0,0,0,0,0,0
536,43,8,1,0,0,0,0,0,0,0,0,0,0,0,0,0,0,0,0,0
537,43,1,0,0,0,0,0,0,0,1,0,0,0,0,0,0,0,0,0,0
538,43,8,1,0,0,0,0,0,0,0,0,0,0,0,0,0,0,0,0,0
539,43,1,0,0,0,0,0,0,0,1,0,0,0,0,0,0,0,0,0,0
540,43,8,1,0,0,0,0,0,0,0,0,0,0,0,0,0,0,0,0,0
541,43,1,0,0,0,0,0,0,0,1,0,0,0,0,0,0,0,0,0,0
542,43,8,1,0,0,0,0,0,0,0,0,0,0,0,0,0,0,0,0,0
543,43,1,0,0,0,0,0,0,0,1,0,0,0,0,0,0,0,0,0,0
544,43,8,1,0,0,0,0,0,0,0,0,0,0,0,0,0,0,0,0,0
545,43,1,0,0,0,0,0,0,0,1,0,0,0,0,0,0,0,0,0,0
546,43,8,1,0,0,0,0,0,0,0,0,0,0,0,0,0,0,0,0,0
547,43,1,0,0,0,0,0,0,0,1,0,0,0,0,0,0,0,0,0,0
548,43,8,1,0,0,0,0,0,0,0,0,0,0,0,0,0,0,0,0,0
549,43,1,0,0,0,0,0,0,0,1,0,0,0,0,0,0,0,0,0,0
550,43,8,1,0,0,0,0,0,0,0,0,0,0,0,0,0,0,0,0,0
551,43,1,0,0,0,0,0,0,0,1,0,0,0,0,0,0,0,0,0,0
552,43,8,1,0,0,0,0,0,0,0,0,0,0,0,0,0,0,0,0,0
553,43,1,0,0,0,0,0,0,0,1,0,0,0,0,0,0,0,0,0,0
554,43,1,0,0,0,0,0,0,0,1,0,0,0,0,0,0,0,0,0,0
555,43,8,1,0,0,0,0,0,0,0,0,0,0,0,0,0,0,0,0,0
556,44,8,1,0,0,0,0,0,0,0,0,0,0,0,0,0,0,0,0,0
557,44,1,0,0,0,0,0,0,0,1,0,0,0,0,0,0,0,0,0,0
558,44,8,1,0,0,0,0,0,0,0,0,0,0,0,0,0,0,0,0,0
559,44,1,0,0,0,0,0,0,0,1,0,0,0,0,0,0,0,0,0,0
560,44,8,1,0,0,0,0,0,0,0,0,0,0,0,0,0,0,0,0,0
561,44,1,0,0,0,0,0,0,0,1,0,0,0,0,0,0,0,0,0,0
562,44,8,1,0,0,0,0,0,0,0,0,0,0,0,0,0,0,0,0,0
563,44,1,0,0,0,0,0,0,0,1,0,0,0,0,0,0,0,0,0,0
564,44,8,1,0,0,0,0,0,0,0,0,0,0,0,0,0,0,0,0,0
565,44,1,0,0,0,0,0,0,0,1,0,0,0,0,0,0,0,0,0,0
566,44,8,1,0,0,0,0,0,0,0,0,0,0,0,0,0,0,0,0,0
567,44,8,1,0,0,0,0,0,0,0,0,0,0,0,0,0,0,0,0,0
568,44,1,0,0,0,0,0,0,0,1,0,0,0,0,0,0,0,0,0,0
569,44,8,1,0,0,0,0,0,0,0,0,0,0,0,0,0,0,0,0,0
570,45,5,1,0,0,0,0,0,0,0,0,0,0,0,0,0,0,0,0,0
571,45,1,0,0,0,0,1,0,0,0,0,0,0,0,0,0,0,0,0,0
572,45,5,1,0,0,0,0,0,0,0,0,0,0,0,0,0,0,0,0,0
573,45,1,0,0,0,0,1,0,0,0,0,0,0,0,0,0,0,0,0,0
574,45,5,1,0,0,0,0,0,0,0,0,0,0,0,0,0,0,0,0,0
575,45,1,0,0,0,0,1,0,0,0,0,0,0,0,0,0,0,0,0,0
576,45,5,1,0,0,0,0,0,0,0,0,0,0,0,0,0,0,0,0,0
577,45,1,0,0,0,0,1,0,0,0,0,0,0,0,0,0,0,0,0,0
578,45,5,1,0,0,0,0,0,0,0,0,0,0,0,0,0,0,0,0,0
579,45,1,0,0,0,0,1,0,0,0,0,0,0,0,0,0,0,0,0,0
580,45,5,1,0,0,0,0,0,0,0,0,0,0,0,0,0,0,0,0,0
581,45,1,0,0,0,0,1,0,0,0,0,0,0,0,0,0,0,0,0,0
582,45,5,1,0,0,0,0,0,0,0,0,0,0,0,0,0,0,0,0,0
583,45,1,0,0,0,0,1,0,0,0,0,0,0,0,0,0,0,0,0,0
584,45,5,1,0,0,0,0,0,0,0,0,0,0,0,0,0,0,0,0,0
585,45,1,0,0,0,0,1,0,0,0,0,0,0,0,0,0,0,0,0,0
586,45,5,1,0,0,0,0,0,0,0,0,0,0,0,0,0,0,0,0,0
587,45,1,0,0,0,0,1,0,0,0,0,0,0,0,0,0,0,0,0,0
588,46,1,0,0,0,1,0,0,0,0,0,0,0,0,0,0,0,0,0,0
589,46,4,1,0,0,0,0,0,0,0,0,0,0,0,0,0,0,0,0,0
590,46,1,0,0,0,1,0,0,0,0,0,0,0,0,0,0,0,0,0,0
591,46,4,1,0,0,0,0,0,0,0,0,0,0,0,0,0,0,0,0,0
592,46,4,1,0,0,0,0,0,0,0,0,0,0,0,0,0,0,0,0,0
593,47,15,0,0,1,0,0,0,0,0,0,0,0,0,0,0,0,0,0,0
594,47,15,0,0,1,0,0,0,0,0,0,0,0,0,0,0,0,0,0,0
595,47,3,0,0,0,0,0,0,0,0,0,0,0,0,0,0,1,0,0,0
596,47,1,0,0,1,0,0,0,0,0,0,0,0,0,0,0,0,0,0,0
597,47,3,1,0,0,0,0,0,0,0,0,0,0,0,0,0,0,0,0,0
598,47,1,0,0,1,0,0,0,0,0,0,0,0,0,0,0,0,0,0,0
599,47,3,1,0,0,0,0,0,0,0,0,0,0,0,0,0,0,0,0,0
600,47,1,0,0,1,0,0,0,0,0,0,0,0,0,0,0,0,0,0,0
601,47,3,1,0,0,0,0,0,0,0,0,0,0,0,0,0,0,0,0,0
602,47,1,0,0,1,0,0,0,0,0,0,0,0,0,0,0,0,0,0,0
603,47,3,1,0,0,0,0,0,0,0,0,0,0,0,0,0,0,0,0,0
604,47,1,0,0,1,0,0,0,0,0,0,0,0,0,0,0,0,0,0,0
605,47,3,1,0,0,0,0,0,0,0,0,0,0,0,0,0,0,0,0,0
606,47,1,0,0,1,0,0,0,0,0,0,0,0,0,0,0,0,0,0,0
607,47,3,1,0,0,0,0,0,0,0,0,0,0,0,0,0,0,0,0,0
608,47,1,0,0,1,0,0,0,0,0,0,0,0,0,0,0,0,0,0,0
609,47,3,1,0,0,0,0,0,0,0,0,0,0,0,0,0,0,0,0,0
610,47,1,0,0,1,0,0,0,0,0,0,0,0,0,0,0,0,0,0,0
611,47,3,1,0,0,0,0,0,0,0,0,0,0,0,0,0,0,0,0,0
612,47,1,0,0,1,0,0,0,0,0,0,0,0,0,0,0,0,0,0,0
613,47,3,1,0,0,0,0,0,0,0,0,0,0,0,0,0,0,0,0,0
614,47,1,0,0,1,0,0,0,0,0,0,0,0,0,0,0,0,0,0,0
615,47,3,1,0,0,0,0,0,0,0,0,0,0,0,0,0,0,0,0,0
616,47,1,0,0,1,0,0,0,0,0,0,0,0,0,0,0,0,0,0,0
617,47,7,1,0,0,0,0,0,0,0,0,0,0,0,0,0,0,0,0,0
618,47,1,0,0,0,0,0,0,1,0,0,0,0,0,0,0,0,0,0,0
619,47,1,0,0,0,0,0,0,1,0,0,0,0,0,0,0,0,0,0,0
620,47,3,1,0,0,0,0,0,0,0,0,0,0,0,0,0,0,0,0,0
621,47,1,0,0,1,0,0,0,0,0,0,0,0,0,0,0,0,0,0,0
622,47,3,1,0,0,0,0,0,0,0,0,0,0,0,0,0,0,0,0,0
623,47,1,0,0,1,0,0,0,0,0,0,0,0,0,0,0,0,0,0,0
624,47,3,1,0,0,0,0,0,0,0,0,0,0,0,0,0,0,0,0,0
625,47,1,0,0,1,0,0,0,0,0,0,0,0,0,0,0,0,0,0,0
626,47,15,0,0,1,0,0,0,0,0,0,0,0,0,0,0,0,0,0,0
627,47,3,0,0,0,0,0,0,0,0,0,0,0,0,0,0,1,0,0,0
628,47,15,0,0,1,0,0,0,0,0,0,0,0,0,0,0,0,0,0,0
629,47,7,1,0,0,0,0,0,0,0,0,0,0,0,0,0,0,0,0,0
630,47,1,0,0,0,0,0,0,1,0,0,0,0,0,0,0,0,0,0,0
631,47,3,1,0,0,0,0,0,0,0,0,0,0,0,0,0,0,0,0,0
632,47,1,0,0,1,0,0,0,0,0,0,0,0,0,0,0,0,0,0,0
633,47,3,1,0,0,0,0,0,0,0,0,0,0,0,0,0,0,0,0,0
634,47,1,0,0,1,0,0,0,0,0,0,0,0,0,0,0,0,0,0,0
635,47,3,1,0,0,0,0,0,0,0,0,0,0,0,0,0,0,0,0,0
636,47,1,0,0,1,0,0,0,0,0,0,0,0,0,0,0,0,0,0,0
637,48,1,0,0,0,0,0,0,1,0,0,0,0,0,0,0,0,0,0,0
638,48,7,1,0,0,0,0,0,0,0,0,0,0,0,0,0,0,0,0,0
639,48,1,0,0,0,0,0,0,1,0,0,0,0,0,0,0,0,0,0,0
640,48,7,1,0,0,0,0,0,0,0,0,0,0,0,0,0,0,0,0,0
641,48,8,1,0,0,0,0,0,0,0,0,0,0,0,0,0,0,0,0,0
642,48,1,0,0,0,0,0,0,0,1,0,0,0,0,0,0,0,0,0,0
643,48,8,1,0,0,0,0,0,0,0,0,0,0,0,0,0,0,0,0,0
644,49,12,0,0,0,1,0,0,0,0,0,0,0,0,0,0,0,0,0,0
645,49,4,0,0,0,0,0,0,0,0,0,0,0,1,0,0,0,0,0,0
646,49,12,0,0,0,1,0,0,0,0,0,0,0,0,0,0,0,0,0,0
647,49,4,0,0,0,0,0,0,0,0,0,0,0,1,0,0,0,0,0,0
648,49,12,0,0,0,1,0,0,0,0,0,0,0,0,0,0,0,0,0,0
649,50,12,0,0,0,1,0,0,0,0,0,0,0,0,0,0,0,0,0,0
650,50,4,0,0,0,0,0,0,0,0,0,0,0,1,0,0,0,0,0,0
651,50,12,0,0,0,1,0,0,0,0,0,0,0,0,0,0,0,0,0,0
652,50,4,0,0,0,0,0,0,0,0,0,0,0,1,0,0,0,0,0,0
653,51,1,0,0,0,0,0,0,0,1,0,0,0,0,0,0,0,0,0,0
654,51,8,1,0,0,0,0,0,0,0,0,0,0,0,0,0,0,0,0,0
655,51,1,0,0,0,0,0,0,0,1,0,0,0,0,0,0,0,0,0,0
656,51,8,1,0,0,0,0,0,0,0,0,0,0,0,0,0,0,0,0,0
657,51,1,0,0,0,0,0,0,0,1,0,0,0,0,0,0,0,0,0,0
658,51,8,1,0,0,0,0,0,0,0,0,0,0,0,0,0,0,0,0,0
659,51,1,0,0,0,0,0,0,0,1,0,0,0,0,0,0,0,0,0,0
660,51,8,1,0,0,0,0,0,0,0,0,0,0,0,0,0,0,0,0,0
661,51,1,0,0,0,0,0,0,0,1,0,0,0,0,0,0,0,0,0,0
662,51,8,1,0,0,0,0,0,0,0,0,0,0,0,0,0,0,0,0,0
663,52,4,0,0,0,0,0,0,0,1,0,0,0,0,0,0,0,0,0,0
664,52,4,0,0,0,0,0,0,0,1,0,0,0,0,0,0,0,0,0,0
665,52,4,0,0,0,0,0,0,0,1,0,0,0,0,0,0,0,0,0,0
666,52,4,0,0,0,0,0,0,0,1,0,0,0,0,0,0,0,0,0,0
667,52,8,0,0,0,1,0,0,0,0,0,0,0,0,0,0,0,0,0,0
668,52,4,0,0,0,0,0,0,0,1,0,0,0,0,0,0,0,0,0,0
669,52,8,0,0,0,1,0,0,0,0,0,0,0,0,0,0,0,0,0,0
670,52,4,0,0,0,0,0,0,0,1,0,0,0,0,0,0,0,0,0,0
671,52,8,0,0,0,1,0,0,0,0,0,0,0,0,0,0,0,0,0,0
672,52,4,0,0,0,0,0,0,0,1,0,0,0,0,0,0,0,0,0,0
673,52,8,0,0,0,1,0,0,0,0,0,0,0,0,0,0,0,0,0,0
674,52,4,0,0,0,0,0,0,0,1,0,0,0,0,0,0,0,0,0,0
675,52,8,0,0,0,1,0,0,0,0,0,0,0,0,0,0,0,0,0,0
676,52,4,0,0,0,0,0,0,0,1,0,0,0,0,0,0,0,0,0,0
677,53,13,0,0,0,0,0,0,0,1,0,0,0,0,0,0,0,0,0,0
678,53,8,0,0,0,0,0,0,0,0,0,0,0,0,1,0,0,0,0,0
679,53,13,0,0,0,0,0,0,0,1,0,0,0,0,0,0,0,0,0,0
680,53,8,0,0,0,0,0,0,0,0,0,0,0,0,1,0,0,0,0,0
681,53,13,0,0,0,0,0,0,0,1,0,0,0,0,0,0,0,0,0,0
682,53,8,0,0,0,0,0,0,0,0,0,0,0,0,1,0,0,0,0,0
683,54,16,0,0,0,1,0,0,0,0,0,0,0,0,0,0,0,0,0,0
684,54,4,0,0,0,0,0,0,0,0,0,0,0,0,0,0,0,1,0,0
685,54,16,0,0,0,1,0,0,0,0,0,0,0,0,0,0,0,0,0,0
686,54,4,0,0,0,0,0,0,0,0,0,0,0,0,0,0,0,1,0,0
687,54,16,0,0,0,1,0,0,0,0,0,0,0,0,0,0,0,0,0,0
688,54,4,0,0,0,0,0,0,0,0,0,0,0,0,0,0,0,1,0,0
689,54,16,0,0,0,1,0,0,0,0,0,0,0,0,0,0,0,0,0,0
690,55,8,1,0,0,0,0,0,0,0,0,0,0,0,0,0,0,0,0,0
691,55,4,1,0,0,0,0,0,0,0,0,0,0,0,0,0,0,0,0,0
692,55,4,1,0,0,0,0,0,0,0,0,0,0,0,0,0,0,0,0,0
693,55,4,1,0,0,0,0,0,0,0,0,0,0,0,0,0,0,0,0,0
694,55,4,1,0,0,0,0,0,0,0,0,0,0,0,0,0,0,0,0,0
695,56,3,0,0,0,0,0,0,0,1,0,0,0,0,0,0,0,0,0,0
696,56,3,0,0,0,0,0,0,0,1,0,0,0,0,0,0,0,0,0,0
697,56,3,0,0,0,0,0,0,0,1,0,0,0,0,0,0,0,0,0,0
698,56,8,0,0,1,0,0,0,0,0,0,0,0,0,0,0,0,0,0,0
699,56,8,0,0,0,0,0,0,0,0,0,0,0,0,1,0,0,0,0,0
700,57,3,1,0,0,0,0,0,0,0,0,0,0,0,0,0,0,0,0,0
701,57,3,1,0,0,0,0,0,0,0,0,0,0,0,0,0,0,0,0,0
702,57,1,0,0,1,0,0,0,0,0,0,0,0,0,0,0,0,0,0,0
703,57,3,1,0,0,0,0,0,0,0,0,0,0,0,0,0,0,0,0,0
704,57,1,0,0,1,0,0,0,0,0,0,0,0,0,0,0,0,0,0,0
705,58,8,0,0,0,0,0,0,0,0,0,0,0,0,1,0,0,0,0,0
706,58,8,0,0,0,0,0,0,0,0,0,0,0,0,1,0,0,0,0,0
707,58,8,0,0,0,0,0,0,0,0,0,0,0,0,1,0,0,0,0,0
708,58,13,0,0,0,0,0,0,0,1,0,0,0,0,0,0,0,0,0,0
709,59,3,1,0,0,0,0,0,0,0,0,0,0,0,0,0,0,0,0,0
710,59,1,0,0,1,0,0,0,0,0,0,0,0,0,0,0,0,0,0,0
711,59,3,1,0,0,0,0,0,0,0,0,0,0,0,0,0,0,0,0,0
712,59,1,0,0,1,0,0,0,0,0,0,0,0,0,0,0,0,0,0,0
713,60,13,0,0,0,0,0,0,0,1,0,0,0,0,0,0,0,0,0,0
714,60,8,0,0,0,0,0,0,0,0,0,0,0,0,1,0,0,0,0,0
715,61,1,0,0,0,0,0,0,1,0,0,0,0,0,0,0,0,0,0,0
716,61,7,1,0,0,0,0,0,0,0,0,0,0,0,0,0,0,0,0,0
717,61,1,0,0,0,0,0,0,0,1,0,0,0,0,0,0,0,0,0,0
718,61,8,1,0,0,0,0,0,0,0,0,0,0,0,0,0,0,0,0,0
719,61,1,0,0,0,0,0,0,0,1,0,0,0,0,0,0,0,0,0,0
720,61,8,1,0,0,0,0,0,0,0,0,0,0,0,0,0,0,0,0,0
721,61,1,0,0,0,0,0,0,0,1,0,0,0,0,0,0,0,0,0,0
722,61,4,0,0,0,0,0,0,0,1,0,0,0,0,0,0,0,0,0,0
723,61,4,0,0,0,0,0,0,0,1,0,0,0,0,0,0,0,0,0,0
724,61,4,1,0,0,0,0,0,0,0,0,0,0,0,0,0,0,0,0,0
725,61,1,0,0,0,1,0,0,0,0,0,0,0,0,0,0,0,0,0,0
726,61,4,1,0,0,0,0,0,0,0,0,0,0,0,0,0,0,0,0,0
727,61,1,0,0,0,0,0,0,1,0,0,0,0,0,0,0,0,0,0,0
728,61,7,1,0,0,0,0,0,0,0,0,0,0,0,0,0,0,0,0,0
729,61,4,1,0,0,0,0,0,0,0,0,0,0,0,0,0,0,0,0,0
730,61,4,1,0,0,0,0,0,0,0,0,0,0,0,0,0,0,0,0,0
731,61,4,1,0,0,0,0,0,0,0,0,0,0,0,0,0,0,0,0,0
732,61,7,1,0,0,0,0,0,0,0,0,0,0,0,0,0,0,0,0,0
733,61,1,0,0,0,0,0,0,1,0,0,0,0,0,0,0,0,0,0,0
734,61,7,1,0,0,0,0,0,0,0,0,0,0,0,0,0,0,0,0,0
735,61,1,0,0,0,0,0,0,1,0,0,0,0,0,0,0,0,0,0,0
736,61,7,1,0,0,0,0,0,0,0,0,0,0,0,0,0,0,0,0,0
737,61,1,0,0,0,0,0,0,1,0,0,0,0,0,0,0,0,0,0,0
738,61,7,1,0,0,0,0,0,0,0,0,0,0,0,0,0,0,0,0,0
739,61,1,0,0,0,0,0,0,1,0,0,0,0,0,0,0,0,0,0,0
740,61,7,1,0,0,0,0,0,0,0,0,0,0,0,0,0,0,0,0,0
741,61,1,0,0,0,0,0,0,1,0,0,0,0,0,0,0,0,0,0,0
742,61,4,1,0,0,0,0,0,0,0,0,0,0,0,0,0,0,0,0,0
743,61,1,0,0,0,1,0,0,0,0,0,0,0,0,0,0,0,0,0,0
744,61,4,1,0,0,0,0,0,0,0,0,0,0,0,0,0,0,0,0,0
745,61,1,0,0,0,1,0,0,0,0,0,0,0,0,0,0,0,0,0,0
746,61,7,1,0,0,0,0,0,0,0,0,0,0,0,0,0,0,0,0,0
747,61,7,1,0,0,0,0,0,0,0,0,0,0,0,0,0,0,0,0,0
748,61,1,0,0,0,0,0,0,0,1,0,0,0,0,0,0,0,0,0,0
749,61,8,1,0,0,0,0,0,0,0,0,0,0,0,0,0,0,0,0,0
750,61,1,0,0,0,0,0,0,0,1,0,0,0,0,0,0,0,0,0,0
751,61,4,1,0,0,0,0,0,0,0,0,0,0,0,0,0,0,0,0,0
752,61,1,0,0,0,0,0,0,1,0,0,0,0,0,0,0,0,0,0,0
753,61,7,1,0,0,0,0,0,0,0,0,0,0,0,0,0,0,0,0,0
754,61,1,0,0,0,0,0,0,1,0,0,0,0,0,0,0,0,0,0,0
755,61,4,1,0,0,0,0,0,0,0,0,0,0,0,0,0,0,0,0,0
756,61,1,0,0,0,0,0,0,0,1,0,0,0,0,0,0,0,0,0,0
757,61,8,1,0,0,0,0,0,0,0,0,0,0,0,0,0,0,0,0,0
758,61,1,0,0,0,0,0,0,0,1,0,0,0,0,0,0,0,0,0,0
759,61,8,1,0,0,0,0,0,0,0,0,0,0,0,0,0,0,0,0,0
760,61,1,0,0,0,0,0,0,0,1,0,0,0,0,0,0,0,0,0,0
761,61,8,1,0,0,0,0,0,0,0,0,0,0,0,0,0,0,0,0,0
762,61,1,0,0,0,0,0,0,0,1,0,0,0,0,0,0,0,0,0,0
763,61,1,0,0,0,1,0,0,0,0,0,0,0,0,0,0,0,0,0,0
764,61,4,1,0,0,0,0,0,0,0,0,0,0,0,0,0,0,0,0,0
765,61,4,1,0,0,0,0,0,0,0,0,0,0,0,0,0,0,0,0,0
766,61,8,1,0,0,0,0,0,0,0,0,0,0,0,0,0,0,0,0,0
767,61,8,1,0,0,0,0,0,0,0,0,0,0,0,0,0,0,0,0,0
768,61,4,1,0,0,0,0,0,0,0,0,0,0,0,0,0,0,0,0,0
769,61,1,0,0,0,0,0,0,0,1,0,0,0,0,0,0,0,0,0,0
770,61,4,1,0,0,0,0,0,0,0,0,0,0,0,0,0,0,0,0,0
771,61,4,1,0,0,0,0,0,0,0,0,0,0,0,0,0,0,0,0,0
772,61,1,0,0,0,0,0,0,0,1,0,0,0,0,0,0,0,0,0,0
773,61,8,1,0,0,0,0,0,0,0,0,0,0,0,0,0,0,0,0,0
774,61,4,1,0,0,0,0,0,0,0,0,0,0,0,0,0,0,0,0,0
775,61,1,0,0,0,0,0,0,0,1,0,0,0,0,0,0,0,0,0,0
776,61,8,1,0,0,0,0,0,0,0,0,0,0,0,0,0,0,0,0,0
777,61,1,0,0,0,0,0,0,0,1,0,0,0,0,0,0,0,0,0,0
778,62,1,0,0,0,0,0,0,0,1,0,0,0,0,0,0,0,0,0,0
779,62,13,1,0,0,0,0,0,0,0,0,0,0,0,0,0,0,0,0,0
780,62,1,0,0,0,0,0,0,0,0,0,0,0,0,1,0,0,0,0,0
781,62,13,1,0,0,0,0,0,0,0,0,0,0,0,0,0,0,0,0,0
782,62,1,0,0,0,0,0,0,0,0,0,0,0,0,1,0,0,0,0,0
783,62,13,1,0,0,0,0,0,0,0,0,0,0,0,0,0,0,0,0,0
784,62,1,0,0,0,0,0,0,0,0,0,0,0,0,1,0,0,0,0,0
785,62,13,1,0,0,0,0,0,0,0,0,0,0,0,0,0,0,0,0,0
786,62,1,0,0,0,0,0,0,0,0,0,0,0,0,1,0,0,0,0,0
787,62,13,1,0,0,0,0,0,0,0,0,0,0,0,0,0,0,0,0,0
788,62,1,0,0,0,0,0,0,0,0,0,0,0,0,1,0,0,0,0,0
789,62,13,1,0,0,0,0,0,0,0,0,0,0,0,0,0,0,0,0,0
790,62,1,0,0,0,0,0,0,0,0,0,0,0,0,1,0,0,0,0,0
791,62,13,1,0,0,0,0,0,0,0,0,0,0,0,0,0,0,0,0,0
792,62,8,0,0,0,0,0,0,0,0,0,0,0,0,1,0,0,0,0,0
793,62,13,0,0,0,0,0,0,0,1,0,0,0,0,0,0,0,0,0,0
794,62,8,0,0,0,0,0,0,0,0,0,0,0,0,1,0,0,0,0,0
795,62,13,0,0,0,0,0,0,0,1,0,0,0,0,0,0,0,0,0,0
796,62,8,1,0,0,0,0,0,0,0,0,0,0,0,0,0,0,0,0,0
797,62,1,0,0,0,0,0,0,0,1,0,0,0,0,0,0,0,0,0,0
798,62,8,1,0,0,0,0,0,0,0,0,0,0,0,0,0,0,0,0,0
799,62,1,0,0,0,0,0,0,0,1,0,0,0,0,0,0,0,0,0,0
800,62,8,1,0,0,0,0,0,0,0,0,0,0,0,0,0,0,0,0,0
801,62,1,0,0,0,0,0,0,0,1,0,0,0,0,0,0,0,0,0,0
802,62,8,1,0,0,0,0,0,0,0,0,0,0,0,0,0,0,0,0,0
803,62,1,0,0,0,0,0,0,0,1,0,0,0,0,0,0,0,0,0,0
804,62,8,1,0,0,0,0,0,0,0,0,0,0,0,0,0,0,0,0,0
805,62,1,0,0,0,0,0,0,0,1,0,0,0,0,0,0,0,0,0,0
806,62,8,1,0,0,0,0,0,0,0,0,0,0,0,0,0,0,0,0,0
807,62,8,1,0,0,0,0,0,0,0,0,0,0,0,0,0,0,0,0,0
808,62,1,0,0,0,0,0,0,0,1,0,0,0,0,0,0,0,0,0,0
809,63,5,1,0,0,0,0,0,0,0,0,0,0,0,0,0,0,0,0,0
810,63,1,0,0,0,0,1,0,0,0,0,0,0,0,0,0,0,0,0,0
811,63,5,1,0,0,0,0,0,0,0,0,0,0,0,0,0,0,0,0,0
812,63,1,0,0,0,0,1,0,0,0,0,0,0,0,0,0,0,0,0,0
813,63,3,1,0,0,0,0,0,0,0,0,0,0,0,0,0,0,0,0,0
814,64,1,0,0,0,0,0,0,1,0,0,0,0,0,0,0,0,0,0,0
815,64,7,1,0,0,0,0,0,0,0,0,0,0,0,0,0,0,0,0,0
816,64,18,1,0,0,0,0,0,0,0,0,0,0,0,0,0,0,0,0,0
817,64,1,0,0,0,0,0,0,0,0,0,0,0,0,0,0,0,0,0,1
818,64,18,1,0,0,0,0,0,0,0,0,0,0,0,0,0,0,0,0,0
819,64,1,0,0,0,0,0,0,0,0,0,0,0,0,0,0,0,0,0,1
820,64,18,1,0,0,0,0,0,0,0,0,0,0,0,0,0,0,0,0,0
