eventID,sceneID,speakerID,Algrim (1),Malekith (2),Frigga (3),Loki (4),Odin (5),Sif (6),Thor (7),Fandral (8),Hogun (9),Heimdall (10),Richard (11),Jane Foster (12),Darcy Lewis (13),Ian Boothby (14),Maddie (15),Navid (16),Eir (17),Volstagg (18),Erik Selvig (19),Carina (20),The Collector (21)
1,1,1,0,1,0,0,0,0,0,0,0,0,0,0,0,0,0,0,0,0,0,0,0
2,1,2,1,0,0,0,0,0,0,0,0,0,0,0,0,0,0,0,0,0,0,0,0
3,1,2,1,0,0,0,0,0,0,0,0,0,0,0,0,0,0,0,0,0,0,0,0
4,2,3,0,0,0,1,0,0,0,0,0,0,0,0,0,0,0,0,0,0,0,0,0
5,2,4,0,0,1,0,0,0,0,0,0,0,0,0,0,0,0,0,0,0,0,0,0
6,2,3,0,0,0,1,0,0,0,0,0,0,0,0,0,0,0,0,0,0,0,0,0
7,2,4,0,0,1,0,0,0,0,0,0,0,0,0,0,0,0,0,0,0,0,0,0
8,2,5,0,0,1,1,0,0,0,0,0,0,0,0,0,0,0,0,0,0,0,0,0
9,2,4,0,0,0,0,1,0,0,0,0,0,0,0,0,0,0,0,0,0,0,0,0
10,2,5,0,0,0,1,0,0,0,0,0,0,0,0,0,0,0,0,0,0,0,0,0
11,2,4,0,0,0,0,1,0,0,0,0,0,0,0,0,0,0,0,0,0,0,0,0
12,2,5,0,0,0,1,0,0,0,0,0,0,0,0,0,0,0,0,0,0,0,0,0
13,2,4,0,0,0,0,1,0,0,0,0,0,0,0,0,0,0,0,0,0,0,0,0
14,2,5,0,0,0,1,0,0,0,0,0,0,0,0,0,0,0,0,0,0,0,0,0
15,2,4,0,0,0,0,1,0,0,0,0,0,0,0,0,0,0,0,0,0,0,0,0
16,2,5,0,0,0,1,0,0,0,0,0,0,0,0,0,0,0,0,0,0,0,0,0
17,2,4,0,0,0,0,1,0,0,0,0,0,0,0,0,0,0,0,0,0,0,0,0
18,2,5,0,0,0,1,0,0,0,0,0,0,0,0,0,0,0,0,0,0,0,0,0
19,2,4,0,0,0,0,1,0,0,0,0,0,0,0,0,0,0,0,0,0,0,0,0
20,2,5,0,0,0,1,0,0,0,0,0,0,0,0,0,0,0,0,0,0,0,0,0
21,3,6,0,0,0,0,0,0,1,0,0,0,0,0,0,0,0,0,0,0,0,0,0
22,3,7,0,0,0,0,0,1,0,0,0,0,0,0,0,0,0,0,0,0,0,0,0
23,3,6,0,0,0,0,0,0,1,0,0,0,0,0,0,0,0,0,0,0,0,0,0
24,3,6,0,0,0,0,0,0,1,0,0,0,0,0,0,0,0,0,0,0,0,0,0
25,3,8,0,0,0,0,0,0,1,0,0,0,0,0,0,0,0,0,0,0,0,0,0
26,4,9,0,0,0,0,0,0,1,0,0,0,0,0,0,0,0,0,0,0,0,0,0
27,4,7,0,0,0,0,0,0,0,0,1,0,0,0,0,0,0,0,0,0,0,0,0
28,4,9,0,0,0,0,0,0,1,0,0,0,0,0,0,0,0,0,0,0,0,0,0
29,4,7,0,0,0,0,0,0,0,0,1,0,0,0,0,0,0,0,0,0,0,0,0
30,4,7,0,0,0,0,0,0,0,0,0,1,0,0,0,0,0,0,0,0,0,0,0
31,5,5,0,0,0,0,0,0,1,0,0,0,0,0,0,0,0,0,0,0,0,0,0
32,5,7,0,0,0,0,1,0,0,0,0,0,0,0,0,0,0,0,0,0,0,0,0
33,5,5,0,0,0,0,0,0,1,0,0,0,0,0,0,0,0,0,0,0,0,0,0
34,5,7,0,0,0,0,1,0,0,0,0,0,0,0,0,0,0,0,0,0,0,0,0
35,5,5,0,0,0,0,0,0,1,0,0,0,0,0,0,0,0,0,0,0,0,0,0
36,5,7,0,0,0,0,1,0,0,0,0,0,0,0,0,0,0,0,0,0,0,0,0
37,5,5,0,0,0,0,0,0,1,0,0,0,0,0,0,0,0,0,0,0,0,0,0
38,5,7,0,0,0,0,1,0,0,0,0,0,0,0,0,0,0,0,0,0,0,0,0
39,5,5,0,0,0,0,0,0,1,0,0,0,0,0,0,0,0,0,0,0,0,0,0
40,6,6,0,0,0,0,0,0,1,0,0,0,0,0,0,0,0,0,0,0,0,0,0
41,6,7,0,0,0,0,0,1,0,0,0,0,0,0,0,0,0,0,0,0,0,0,0
42,6,6,0,0,0,0,0,0,1,0,0,0,0,0,0,0,0,0,0,0,0,0,0
43,6,6,0,0,0,0,0,0,1,0,0,0,0,0,0,0,0,0,0,0,0,0,0
44,6,7,0,0,0,0,0,1,0,0,0,0,0,0,0,0,0,0,0,0,0,0,0
45,6,6,0,0,0,0,0,0,1,0,0,0,0,0,0,0,0,0,0,0,0,0,0
46,6,7,0,0,0,0,0,1,0,0,0,0,0,0,0,0,0,0,0,0,0,0,0
47,7,11,0,0,0,0,0,0,0,0,0,0,0,1,0,0,0,0,0,0,0,0,0
48,7,12,0,0,0,0,0,0,0,0,0,0,1,0,0,0,0,0,0,0,0,0,0
49,7,11,0,0,0,0,0,0,0,0,0,0,0,1,0,0,0,0,0,0,0,0,0
50,7,12,0,0,0,0,0,0,0,0,0,0,1,0,0,0,0,0,0,0,0,0,0
51,7,11,0,0,0,0,0,0,0,0,0,0,0,1,0,0,0,0,0,0,0,0,0
52,7,12,0,0,0,0,0,0,0,0,0,0,1,0,0,0,0,0,0,0,0,0,0
53,7,11,0,0,0,0,0,0,0,0,0,0,0,1,0,0,0,0,0,0,0,0,0
54,7,12,0,0,0,0,0,0,0,0,0,0,1,0,0,0,0,0,0,0,0,0,0
55,7,11,0,0,0,0,0,0,0,0,0,0,0,1,0,0,0,0,0,0,0,0,0
56,7,12,0,0,0,0,0,0,0,0,0,0,1,0,0,0,0,0,0,0,0,0,0
57,7,11,0,0,0,0,0,0,0,0,0,0,0,1,0,0,0,0,0,0,0,0,0
58,7,11,0,0,0,0,0,0,0,0,0,0,0,0,1,0,0,0,0,0,0,0,0
59,7,13,0,0,0,0,0,0,0,0,0,0,1,0,0,0,0,0,0,0,0,0,0
60,7,12,0,0,0,0,0,0,0,0,0,0,1,0,0,0,0,0,0,0,0,0,0
61,7,12,0,0,0,0,0,0,0,0,0,0,0,0,1,0,0,0,0,0,0,0,0
62,7,11,0,0,0,0,0,0,0,0,0,0,0,0,1,0,0,0,0,0,0,0,0
63,7,13,0,0,0,0,0,0,0,0,0,0,1,0,0,0,0,0,0,0,0,0,0
64,7,13,0,0,0,0,0,0,0,0,0,0,0,1,0,0,0,0,0,0,0,0,0
65,7,12,0,0,0,0,0,0,0,0,0,0,0,0,1,0,0,0,0,0,0,0,0
66,7,13,0,0,0,0,0,0,0,0,0,0,0,1,0,0,0,0,0,0,0,0,0
67,7,12,0,0,0,0,0,0,0,0,0,0,0,0,1,0,0,0,0,0,0,0,0
68,7,13,0,0,0,0,0,0,0,0,0,0,0,1,0,0,0,0,0,0,0,0,0
69,7,12,0,0,0,0,0,0,0,0,0,0,1,0,0,0,0,0,0,0,0,0,0
70,7,11,0,0,0,0,0,0,0,0,0,0,0,1,0,0,0,0,0,0,0,0,0
71,7,13,0,0,0,0,0,0,0,0,0,0,0,1,0,0,0,0,0,0,0,0,0
72,7,13,0,0,0,0,0,0,0,0,0,0,1,0,0,0,0,0,0,0,0,0,0
73,7,12,0,0,0,0,0,0,0,0,0,0,0,0,1,0,0,0,0,0,0,0,0
74,7,11,0,0,0,0,0,0,0,0,0,0,0,1,0,0,0,0,0,0,0,0,0
75,7,12,0,0,0,0,0,0,0,0,0,0,0,0,1,0,0,0,0,0,0,0,0
76,7,13,0,0,0,0,0,0,0,0,0,0,0,1,0,0,0,0,0,0,0,0,0
77,7,11,0,0,0,0,0,0,0,0,0,0,0,1,0,0,0,0,0,0,0,0,0
78,7,12,0,0,0,0,0,0,0,0,0,0,1,0,0,0,0,0,0,0,0,0,0
79,7,11,0,0,0,0,0,0,0,0,0,0,0,1,0,0,0,0,0,0,0,0,0
80,7,12,0,0,0,0,0,0,0,0,0,0,1,0,0,0,0,0,0,0,0,0,0
81,7,11,0,0,0,0,0,0,0,0,0,0,0,1,0,0,0,0,0,0,0,0,0
82,7,12,0,0,0,0,0,0,0,0,0,0,1,0,0,0,0,0,0,0,0,0,0
83,7,11,0,0,0,0,0,0,0,0,0,0,0,1,0,0,0,0,0,0,0,0,0
84,8,12,0,0,0,0,0,0,0,0,0,0,0,0,1,0,0,0,0,0,0,0,0
85,8,13,0,0,0,0,0,0,0,0,0,0,0,1,0,0,0,0,0,0,0,0,0
86,8,12,0,0,0,0,0,0,0,0,0,0,0,0,1,0,0,0,0,0,0,0,0
87,9,14,0,0,0,0,0,0,0,0,0,0,0,0,1,0,0,0,0,0,0,0,0
88,9,12,0,0,0,0,0,0,0,0,0,0,0,0,1,0,0,0,0,0,0,0,0
89,9,13,0,0,0,0,0,0,0,0,0,0,0,1,0,0,0,0,0,0,0,0,0
90,9,12,0,0,0,0,0,0,0,0,0,0,0,0,1,0,0,0,0,0,0,0,0
91,9,13,0,0,0,0,0,0,0,0,0,0,0,1,0,0,0,0,0,0,0,0,0
92,9,14,0,0,0,0,0,0,0,0,0,0,0,1,0,0,0,0,0,0,0,0,0
93,9,12,0,0,0,0,0,0,0,0,0,0,0,0,0,1,0,0,0,0,0,0,0
94,9,12,0,0,0,0,0,0,0,0,0,0,0,0,1,0,0,0,0,0,0,0,0
95,9,14,0,0,0,0,0,0,0,0,0,0,0,0,1,0,0,0,0,0,0,0,0
96,9,14,0,0,0,0,0,0,0,0,0,0,0,0,1,0,0,0,0,0,0,0,0
97,9,13,0,0,0,0,0,0,0,0,0,0,0,1,0,1,0,0,0,0,0,0,0
98,9,13,0,0,0,0,0,0,0,0,0,0,0,1,0,0,0,0,0,0,0,0,0
99,9,14,0,0,0,0,0,0,0,0,0,0,0,0,1,0,0,0,0,0,0,0,0
100,9,13,0,0,0,0,0,0,0,0,0,0,0,1,0,0,0,0,0,0,0,0,0
101,9,12,0,0,0,0,0,0,0,0,0,0,0,0,1,0,0,0,0,0,0,0,0
102,9,13,0,0,0,0,0,0,0,0,0,0,0,0,0,1,0,0,0,0,0,0,0
103,9,14,0,0,0,0,0,0,0,0,0,0,0,0,1,0,0,0,0,0,0,0,0
104,9,12,0,0,0,0,0,0,0,0,0,0,0,0,1,0,0,0,0,0,0,0,0
105,9,13,0,0,0,0,0,0,0,0,0,0,0,1,0,0,0,0,0,0,0,0,0
106,9,12,0,0,0,0,0,0,0,0,0,0,0,0,1,0,0,0,0,0,0,0,0
107,9,13,0,0,0,0,0,0,0,0,0,0,0,1,0,0,0,0,0,0,0,0,0
108,9,14,0,0,0,0,0,0,0,0,0,0,0,0,1,0,0,0,0,0,0,0,0
109,10,13,0,0,0,0,0,0,0,0,0,0,0,1,0,0,0,0,0,0,0,0,0
110,10,12,0,0,0,0,0,0,0,0,0,0,0,0,1,0,0,0,0,0,0,0,0
111,10,12,0,0,0,0,0,0,0,0,0,0,0,0,1,0,0,0,0,0,0,0,0
112,10,15,0,0,0,0,0,0,0,0,0,0,0,1,0,0,0,0,0,0,0,0,0
113,10,12,0,0,0,0,0,0,0,0,0,0,0,0,0,0,1,0,0,0,0,0,0
114,10,13,0,0,0,0,0,0,0,0,0,0,0,1,0,0,0,0,0,0,0,0,0
115,10,16,0,0,0,0,0,0,0,0,0,0,0,1,0,0,0,0,0,0,0,0,0
116,10,12,0,0,0,0,0,0,0,0,0,0,0,0,0,0,1,1,0,0,0,0,0
117,11,13,0,0,0,0,0,0,0,0,0,0,0,1,0,0,0,0,0,0,0,0,0
118,12,12,0,0,0,0,0,0,0,0,0,0,0,0,0,0,1,1,0,0,0,0,0
119,12,12,0,0,0,0,0,0,0,0,0,0,0,0,0,0,1,1,0,0,0,0,0
120,12,12,0,0,0,0,0,0,0,0,0,0,0,0,0,0,1,1,0,0,0,0,0
121,12,15,0,0,0,0,0,0,0,0,0,0,0,1,0,0,0,0,0,0,0,0,0
122,12,13,0,0,0,0,0,0,0,0,0,0,0,1,0,0,0,0,0,0,0,0,0
123,12,12,0,0,0,0,0,0,0,0,0,0,0,0,1,0,0,0,0,0,0,0,0
124,12,13,0,0,0,0,0,0,0,0,0,0,0,1,0,0,0,0,0,0,0,0,0
125,12,12,0,0,0,0,0,0,0,0,0,0,0,0,1,0,0,0,0,0,0,0,0
126,12,13,0,0,0,0,0,0,0,0,0,0,0,0,0,1,0,0,0,0,0,0,0
127,13,13,0,0,0,0,0,0,0,0,0,0,0,0,0,1,0,0,0,0,0,0,0
128,14,10,0,0,0,0,0,0,1,0,0,0,0,0,0,0,0,0,0,0,0,0,0
129,14,7,0,0,0,0,0,0,0,0,0,1,0,0,0,0,0,0,0,0,0,0,0
130,14,10,0,0,0,0,0,0,1,0,0,0,0,0,0,0,0,0,0,0,0,0,0
131,14,7,0,0,0,0,0,0,0,0,0,1,0,0,0,0,0,0,0,0,0,0,0
132,14,10,0,0,0,0,0,0,1,0,0,0,0,0,0,0,0,0,0,0,0,0,0
133,14,10,0,0,0,0,0,0,1,0,0,0,0,0,0,0,0,0,0,0,0,0,0
134,14,7,0,0,0,0,0,0,0,0,0,1,0,0,0,0,0,0,0,0,0,0,0
135,14,10,0,0,0,0,0,0,1,0,0,0,0,0,0,0,0,0,0,0,0,0,0
136,14,7,0,0,0,0,0,0,0,0,0,1,0,0,0,0,0,0,0,0,0,0,0
137,14,10,0,0,0,0,0,0,1,0,0,0,0,0,0,0,0,0,0,0,0,0,0
138,14,7,0,0,0,0,0,0,0,0,0,1,0,0,0,0,0,0,0,0,0,0,0
139,14,10,0,0,0,0,0,0,1,0,0,0,0,0,0,0,0,0,0,0,0,0,0
140,14,7,0,0,0,0,0,0,0,0,0,1,0,0,0,0,0,0,0,0,0,0,0
141,14,10,0,0,0,0,0,0,1,0,0,0,0,0,0,0,0,0,0,0,0,0,0
142,15,13,0,0,0,0,0,0,0,0,0,0,0,1,0,0,0,0,0,0,0,0,0
143,15,12,0,0,0,0,0,0,0,0,0,0,0,0,1,0,0,0,0,0,0,0,0
144,15,13,0,0,0,0,0,0,0,0,0,0,0,1,0,0,0,0,0,0,0,0,0
145,15,12,0,0,0,0,0,0,0,0,0,0,0,0,1,0,0,0,0,0,0,0,0
146,15,13,0,0,0,0,0,0,0,0,0,0,0,1,0,0,0,0,0,0,0,0,0
147,15,12,0,0,0,0,0,0,0,0,0,0,0,0,1,0,0,0,0,0,0,0,0
148,15,13,0,0,0,0,0,0,0,0,0,0,0,1,0,0,0,0,0,0,0,0,0
149,15,12,0,0,0,0,0,0,0,0,0,0,0,0,1,0,0,0,0,0,0,0,0
150,15,13,0,0,0,0,0,0,0,0,0,0,0,1,0,0,0,0,0,0,0,0,0
151,15,12,0,0,0,0,0,0,0,0,0,0,0,0,1,0,0,0,0,0,0,0,0
152,15,13,0,0,0,0,0,0,0,0,0,0,0,1,0,0,0,0,0,0,0,0,0
153,15,7,0,0,0,0,0,0,0,0,0,0,0,1,0,0,0,0,0,0,0,0,0
154,15,12,0,0,0,0,0,0,1,0,0,0,0,0,0,0,0,0,0,0,0,0,0
155,15,7,0,0,0,0,0,0,0,0,0,0,0,1,0,0,0,0,0,0,0,0,0
156,15,12,0,0,0,0,0,0,1,0,0,0,0,0,0,0,0,0,0,0,0,0,0
157,15,7,0,0,0,0,0,0,0,0,0,0,0,1,0,0,0,0,0,0,0,0,0
158,15,12,0,0,0,0,0,0,1,0,0,0,0,0,0,0,0,0,0,0,0,0,0
159,15,7,0,0,0,0,0,0,0,0,0,0,0,1,0,0,0,0,0,0,0,0,0
160,15,12,0,0,0,0,0,0,1,0,0,0,0,0,0,0,0,0,0,0,0,0,0
161,15,7,0,0,0,0,0,0,0,0,0,0,0,1,0,0,0,0,0,0,0,0,0
162,15,12,0,0,0,0,0,0,1,0,0,0,0,0,0,0,0,0,0,0,0,0,0
163,15,7,0,0,0,0,0,0,0,0,0,0,0,1,0,0,0,0,0,0,0,0,0
164,15,12,0,0,0,0,0,0,1,0,0,0,0,0,0,0,0,0,0,0,0,0,0
165,15,7,0,0,0,0,0,0,0,0,0,0,0,1,0,0,0,0,0,0,0,0,0
166,15,13,0,0,0,0,0,0,1,0,0,0,0,0,0,0,0,0,0,0,0,0,0
167,15,12,0,0,0,0,0,0,0,0,0,0,0,0,1,0,0,0,0,0,0,0,0
168,15,13,0,0,0,0,0,0,0,0,0,0,0,1,0,0,0,0,0,0,0,0,0
169,15,12,0,0,0,0,0,0,1,0,0,0,0,0,0,0,0,0,0,0,0,0,0
170,15,13,0,0,0,0,0,0,1,0,0,0,0,0,0,0,0,0,0,0,0,0,0
171,15,7,0,0,0,0,0,0,0,0,0,0,0,0,1,0,0,0,0,0,0,0,0
172,15,7,0,0,0,0,0,0,0,0,0,0,0,1,0,0,0,0,0,0,0,0,0
173,15,12,0,0,0,0,0,0,1,0,0,0,0,0,0,0,0,0,0,0,0,0,0
174,15,7,0,0,0,0,0,0,0,0,0,0,0,1,0,0,0,0,0,0,0,0,0
175,15,12,0,0,0,0,0,0,1,0,0,0,0,0,0,0,0,0,0,0,0,0,0
176,15,7,0,0,0,0,0,0,0,0,0,0,0,1,0,0,0,0,0,0,0,0,0
177,15,12,0,0,0,0,0,0,1,0,0,0,0,0,0,0,0,0,0,0,0,0,0
178,16,12,0,0,0,0,0,0,1,0,0,0,0,0,0,0,0,0,0,0,0,0,0
179,16,12,0,0,0,0,0,0,0,0,0,1,0,0,0,0,0,0,0,0,0,0,0
180,16,10,0,0,0,0,0,0,0,0,0,0,0,1,0,0,0,0,0,0,0,0,0
181,17,2,1,0,0,0,0,0,0,0,0,0,0,0,0,0,0,0,0,0,0,0,0
182,17,1,0,1,0,0,0,0,0,0,0,0,0,0,0,0,0,0,0,0,0,0,0
183,17,2,1,0,0,0,0,0,0,0,0,0,0,0,0,0,0,0,0,0,0,0,0
184,18,12,0,0,0,0,0,0,0,0,0,0,0,0,0,0,0,0,1,0,0,0,0
185,18,17,0,0,0,0,0,0,0,0,0,0,0,1,0,0,0,0,0,0,0,0,0
186,18,12,0,0,0,0,0,0,0,0,0,0,0,0,0,0,0,0,1,0,0,0,0
187,18,17,0,0,0,0,0,0,0,0,0,0,0,1,0,0,0,0,0,0,0,0,0
188,18,12,0,0,0,0,0,0,0,0,0,0,0,0,0,0,0,0,1,0,0,0,0
189,18,17,0,0,0,0,0,0,0,0,0,0,0,1,0,0,0,0,0,0,0,0,0
190,18,12,0,0,0,0,0,0,1,0,0,0,0,0,0,0,0,0,0,0,0,0,0
191,18,5,0,0,0,0,0,0,1,0,0,0,0,0,0,0,0,0,0,0,0,0,0
192,18,7,0,0,0,0,1,0,0,0,0,0,0,0,0,0,0,0,0,0,0,0,0
193,18,5,0,0,0,0,0,0,1,0,0,0,0,0,0,0,0,0,0,0,0,0,0
194,18,7,0,0,0,0,1,0,0,0,0,0,0,0,0,0,0,0,0,0,0,0,0
195,18,5,0,0,0,0,0,0,1,0,0,0,0,0,0,0,0,0,0,0,0,0,0
196,18,12,0,0,0,0,1,0,1,0,0,0,0,0,0,0,0,0,0,0,0,0,0
197,18,5,0,0,0,0,0,0,0,0,0,0,0,1,0,0,0,0,0,0,0,0,0
198,18,12,0,0,0,0,1,0,0,0,0,0,0,0,0,0,0,0,0,0,0,0,0
199,18,5,0,0,0,0,0,0,0,0,0,0,0,1,0,0,0,0,0,0,0,0,0
200,18,12,0,0,0,0,0,0,1,0,0,0,0,0,0,0,0,0,0,0,0,0,0
201,18,7,0,0,0,0,1,0,0,0,0,0,0,0,0,0,0,0,0,0,0,0,0
202,18,5,0,0,0,0,0,0,1,0,0,0,0,0,0,0,0,0,0,0,0,0,0
203,18,7,0,0,0,0,0,0,0,0,0,0,0,1,0,0,0,0,0,0,0,0,0
204,18,12,0,0,0,0,0,0,1,0,0,0,0,0,0,0,0,0,0,0,0,0,0
205,18,5,0,0,0,0,0,0,1,0,0,0,0,1,0,0,0,0,1,0,0,0,0
206,18,17,0,0,0,0,1,0,0,0,0,0,0,0,0,0,0,0,0,0,0,0,0
207,18,7,0,0,0,0,0,0,0,0,0,0,0,0,0,0,0,0,1,0,0,0,0
208,18,5,0,0,0,0,0,0,1,0,0,0,0,1,0,0,0,0,0,0,0,0,0
209,19,5,0,0,0,0,0,0,1,0,0,0,0,0,0,0,0,0,0,0,0,0,0
210,19,7,0,0,0,0,1,0,0,0,0,0,0,0,0,0,0,0,0,0,0,0,0
211,19,5,0,0,0,0,0,0,1,0,0,0,0,1,0,0,0,0,0,0,0,0,0
212,19,12,0,0,0,0,1,0,0,0,0,0,0,0,0,0,0,0,0,0,0,0,0
213,19,5,0,0,0,0,0,0,0,0,0,0,0,1,0,0,0,0,0,0,0,0,0
214,19,7,0,0,0,0,1,0,0,0,0,0,0,0,0,0,0,0,0,0,0,0,0
215,19,5,0,0,0,0,0,0,1,0,0,0,0,0,0,0,0,0,0,0,0,0,0
216,19,12,0,0,0,0,1,0,0,0,0,0,0,0,0,0,0,0,0,0,0,0,0
217,19,5,0,0,0,0,0,0,0,0,0,0,0,1,0,0,0,0,0,0,0,0,0
218,20,2,1,0,0,0,0,0,0,0,0,0,0,0,0,0,0,0,0,0,0,0,0
219,20,2,1,0,0,0,0,0,0,0,0,0,0,0,0,0,0,0,0,0,0,0,0
220,20,1,0,1,0,0,0,0,0,0,0,0,0,0,0,0,0,0,0,0,0,0,0
221,20,2,1,0,0,0,0,0,0,0,0,0,0,0,0,0,0,0,0,0,0,0,0
222,20,1,0,1,0,0,0,0,0,0,0,0,0,0,0,0,0,0,0,0,0,0,0
223,21,18,0,0,0,0,0,0,0,1,0,0,0,0,0,0,0,0,0,0,0,0,0
224,21,8,0,0,0,0,0,0,0,0,0,0,0,0,0,0,0,0,0,1,0,0,0
225,22,4,0,0,1,0,0,0,0,0,0,0,0,0,0,0,0,0,0,0,0,0,0
226,22,3,0,0,0,1,0,0,0,0,0,0,0,0,0,0,0,0,0,0,0,0,0
227,22,4,0,0,1,0,0,0,0,0,0,0,0,0,0,0,0,0,0,0,0,0,0
228,22,3,0,0,0,1,0,0,0,0,0,0,0,0,0,0,0,0,0,0,0,0,0
229,22,4,0,0,1,0,0,0,0,0,0,0,0,0,0,0,0,0,0,0,0,0,0
230,22,3,0,0,0,1,0,0,0,0,0,0,0,0,0,0,0,0,0,0,0,0,0
231,22,4,0,0,1,0,0,0,0,0,0,0,0,0,0,0,0,0,0,0,0,0,0
232,22,3,0,0,0,1,0,0,0,0,0,0,0,0,0,0,0,0,0,0,0,0,0
233,22,4,0,0,1,0,0,0,0,0,0,0,0,0,0,0,0,0,0,0,0,0,0
234,22,3,0,0,0,1,0,0,0,0,0,0,0,0,0,0,0,0,0,0,0,0,0
235,22,4,0,0,1,0,0,0,0,0,0,0,0,0,0,0,0,0,0,0,0,0,0
236,22,3,0,0,0,1,0,0,0,0,0,0,0,0,0,0,0,0,0,0,0,0,0
237,22,4,0,0,1,0,0,0,0,0,0,0,0,0,0,0,0,0,0,0,0,0,0
238,22,3,0,0,0,1,0,0,0,0,0,0,0,0,0,0,0,0,0,0,0,0,0
239,23,12,0,0,0,0,0,0,1,0,0,0,0,0,0,0,0,0,0,0,0,0,0
240,23,7,0,0,0,0,0,0,0,0,0,0,0,1,0,0,0,0,0,0,0,0,0
241,23,12,0,0,0,0,0,0,1,0,0,0,0,0,0,0,0,0,0,0,0,0,0
242,23,7,0,0,0,0,0,0,0,0,0,0,0,1,0,0,0,0,0,0,0,0,0
243,23,12,0,0,0,0,0,0,1,0,0,0,0,0,0,0,0,0,0,0,0,0,0
244,23,7,0,0,0,0,0,0,0,0,0,0,0,1,0,0,0,0,0,0,0,0,0
245,23,12,0,0,0,0,0,0,1,0,0,0,0,0,0,0,0,0,0,0,0,0,0
246,23,7,0,0,0,0,0,0,0,0,0,0,0,1,0,0,0,0,0,0,0,0,0
247,23,3,0,0,0,0,0,0,1,0,0,0,0,0,0,0,0,0,0,0,0,0,0
248,23,7,0,0,0,0,0,0,0,0,0,0,0,1,0,0,0,0,0,0,0,0,0
249,23,12,0,0,1,0,0,0,0,0,0,0,0,0,0,0,0,0,0,0,0,0,0
250,24,4,1,0,0,0,0,0,0,0,0,0,0,0,0,0,0,0,0,0,0,0,0
251,25,3,0,0,0,0,0,0,1,0,0,0,0,0,0,0,0,0,0,0,0,0,0
252,25,7,0,0,1,0,0,0,0,0,0,0,0,0,0,0,0,0,0,0,0,0,0
253,25,3,0,0,0,0,0,0,1,0,0,0,0,0,0,0,0,0,0,0,0,0,0
254,26,8,0,0,0,0,0,0,0,0,0,0,0,0,0,0,0,0,0,1,0,0,0
255,26,18,0,0,0,0,0,0,0,1,0,0,0,0,0,0,0,0,0,0,0,0,0
256,27,3,0,0,0,0,1,0,0,0,0,0,0,0,0,0,0,0,0,0,0,0,0
257,27,5,0,0,1,0,0,0,0,0,0,0,0,0,0,0,0,0,0,0,0,0,0
258,27,3,0,0,0,0,1,0,0,0,0,0,0,0,0,0,0,0,0,0,0,0,0
259,27,5,0,0,1,0,0,0,0,0,0,0,0,0,0,0,0,0,0,0,0,0,0
260,27,3,0,0,0,0,1,0,0,0,0,0,0,0,0,0,0,0,0,0,0,0,0
261,27,5,0,0,1,0,0,0,0,0,0,0,0,0,0,0,0,0,0,0,0,0,0
262,27,3,0,0,0,0,1,0,0,0,0,0,0,0,0,0,0,0,0,0,0,0,0
263,27,3,0,0,0,0,0,0,0,0,0,0,0,1,0,0,0,0,0,0,0,0,0
264,27,12,0,0,1,0,0,0,0,0,0,0,0,0,0,0,0,0,0,0,0,0,0
265,28,3,0,1,0,0,0,0,0,0,0,0,0,0,0,0,0,0,0,0,0,0,0
266,28,2,0,0,1,0,0,0,0,0,0,0,0,0,0,0,0,0,0,0,0,0,0
267,28,3,0,1,0,0,0,0,0,0,0,0,0,0,0,0,0,0,0,0,0,0,0
268,28,2,0,0,1,0,0,0,0,0,0,0,0,0,0,0,0,0,0,0,0,0,0
269,28,2,0,0,0,0,0,0,0,0,0,0,0,1,0,0,0,0,0,0,0,0,0
270,28,2,0,0,1,0,0,0,0,0,0,0,0,0,0,0,0,0,0,0,0,0,0
271,28,2,0,0,1,0,0,0,0,0,0,0,0,0,0,0,0,0,0,0,0,0,0
272,28,3,0,1,0,0,0,0,0,0,0,0,0,0,0,0,0,0,0,0,0,0,0
273,28,2,0,0,1,0,0,0,0,0,0,0,0,0,0,0,0,0,0,0,0,0,0
274,29,8,0,0,0,0,1,0,0,0,0,0,0,0,0,0,0,0,0,0,0,0,0
275,29,7,0,0,0,0,1,0,0,0,0,0,0,0,0,0,0,0,0,0,0,0,0
276,29,7,0,0,0,0,0,0,0,1,0,0,0,0,0,0,0,0,0,1,0,0,0
277,29,5,0,0,0,0,0,0,1,0,0,0,0,0,0,0,0,0,0,0,0,0,0
278,29,7,0,0,0,0,1,0,0,0,0,0,0,0,0,0,0,0,0,0,0,0,0
279,29,5,0,0,0,0,0,0,1,0,0,0,0,0,0,0,0,0,0,0,0,0,0
280,29,7,0,0,0,0,1,0,0,0,0,0,0,0,0,0,0,0,0,0,0,0,0
281,29,5,0,0,0,0,0,0,1,0,0,0,0,0,0,0,0,0,0,0,0,0,0
282,29,7,0,0,0,0,1,0,0,0,0,0,0,0,0,0,0,0,0,0,0,0,0
283,29,5,0,0,0,0,0,0,1,0,0,0,0,0,0,0,0,0,0,0,0,0,0
284,29,7,0,0,0,0,1,0,0,0,0,0,0,0,0,0,0,0,0,0,0,0,0
285,29,5,0,0,0,0,0,0,1,0,0,0,0,0,0,0,0,0,0,0,0,0,0
286,29,7,0,0,0,0,1,0,0,0,0,0,0,0,0,0,0,0,0,0,0,0,0
287,29,5,0,0,0,0,0,0,1,0,0,0,0,0,0,0,0,0,0,0,0,0,0
288,29,5,0,0,0,0,0,0,1,0,0,0,0,0,0,0,0,0,0,0,0,0,0
289,29,7,0,0,0,0,1,0,0,0,0,0,0,0,0,0,0,0,0,0,0,0,0
290,29,5,0,0,0,0,0,0,1,0,0,0,0,0,0,0,0,0,0,0,0,0,0
291,30,13,0,0,0,0,0,0,0,0,0,0,0,0,0,1,0,0,0,0,0,0,0
292,30,14,0,0,0,0,0,0,0,0,0,0,0,0,1,0,0,0,0,0,0,0,0
293,30,13,0,0,0,0,0,0,0,0,0,0,0,0,0,1,0,0,0,0,0,0,0
294,30,14,0,0,0,0,0,0,0,0,0,0,0,0,1,0,0,0,0,0,0,0,0
295,31,7,0,0,0,0,0,0,0,0,0,1,0,0,0,0,0,0,0,0,0,0,0
296,31,10,0,0,0,0,0,0,1,0,0,0,0,0,0,0,0,0,0,0,0,0,0
297,31,7,0,0,0,0,0,0,0,0,0,1,0,0,0,0,0,0,0,0,0,0,0
298,31,10,0,0,0,0,0,0,1,0,0,0,0,0,0,0,0,0,0,0,0,0,0
299,31,7,0,0,0,0,0,0,0,0,0,1,0,0,0,0,0,0,0,0,0,0,0
300,31,10,0,0,0,0,0,0,1,0,0,0,0,0,0,0,0,0,0,0,0,0,0
301,31,7,0,0,0,0,0,0,0,0,0,1,0,0,0,0,0,0,0,0,0,0,0
302,31,10,0,0,0,0,0,0,1,0,0,0,0,0,0,0,0,0,0,0,0,0,0
303,31,7,0,0,0,0,0,0,0,0,0,1,0,0,0,0,0,0,0,0,0,0,0
304,31,10,0,0,0,0,0,0,1,0,0,0,0,0,0,0,0,0,0,0,0,0,0
305,32,7,0,0,0,0,0,1,0,1,0,1,0,0,0,0,0,0,0,1,0,0,0
306,32,6,0,0,0,0,0,0,1,0,0,0,0,0,0,0,0,0,0,0,0,0,0
307,32,10,0,0,0,0,0,1,0,1,0,0,0,0,0,0,0,0,0,1,0,0,0
308,32,7,0,0,0,0,0,1,0,1,0,1,0,0,0,0,0,0,0,1,0,0,0
309,32,18,0,0,0,0,0,0,1,0,0,0,0,0,0,0,0,0,0,0,0,0,0
310,33,4,0,0,0,0,0,0,1,0,0,0,0,0,0,0,0,0,0,0,0,0,0
311,33,7,0,0,0,1,0,0,0,0,0,0,0,0,0,0,0,0,0,0,0,0,0
312,33,4,0,0,0,0,0,0,1,0,0,0,0,0,0,0,0,0,0,0,0,0,0
313,33,7,0,0,0,1,0,0,0,0,0,0,0,0,0,0,0,0,0,0,0,0,0
314,33,4,0,0,0,0,0,0,1,0,0,0,0,0,0,0,0,0,0,0,0,0,0
315,33,7,0,0,0,1,0,0,0,0,0,0,0,0,0,0,0,0,0,0,0,0,0
316,33,4,0,0,0,0,0,0,1,0,0,0,0,0,0,0,0,0,0,0,0,0,0
317,33,7,0,0,0,1,0,0,0,0,0,0,0,0,0,0,0,0,0,0,0,0,0
318,33,4,0,0,0,0,0,0,1,0,0,0,0,0,0,0,0,0,0,0,0,0,0
319,34,8,0,0,0,0,0,0,1,0,0,0,0,0,0,0,0,0,0,0,0,0,0
320,34,7,0,0,0,0,0,0,0,1,0,0,0,0,0,0,0,0,0,0,0,0,0
321,35,4,0,0,0,0,0,0,1,0,0,0,0,0,0,0,0,0,0,0,0,0,0
322,35,7,0,0,0,1,0,0,0,0,0,0,0,0,0,0,0,0,0,0,0,0,0
323,35,4,0,0,0,0,0,0,1,0,0,0,0,0,0,0,0,0,0,0,0,0,0
324,35,7,0,0,0,1,0,0,0,0,0,0,0,0,0,0,0,0,0,0,0,0,0
325,35,4,0,0,0,0,0,0,1,0,0,0,0,0,0,0,0,0,0,0,0,0,0
326,35,7,0,0,0,1,0,0,0,0,0,0,0,0,0,0,0,0,0,0,0,0,0
327,35,4,0,0,0,0,0,0,1,0,0,0,0,0,0,0,0,0,0,0,0,0,0
328,35,4,0,0,0,0,0,0,1,0,0,0,0,0,0,0,0,0,0,0,0,0,0
329,35,4,0,0,0,0,0,0,1,0,0,0,0,0,0,0,0,0,0,0,0,0,0
330,35,4,0,0,0,0,0,0,1,0,0,0,0,0,0,0,0,0,0,0,0,0,0
331,35,7,0,0,0,1,0,0,0,0,0,0,0,0,0,0,0,0,0,0,0,0,0
332,36,8,0,0,0,0,0,0,1,0,0,0,0,0,0,0,0,0,0,0,0,0,0
333,36,7,0,0,0,0,0,0,0,1,0,0,0,0,0,0,0,0,0,0,0,0,0
334,37,6,0,0,0,0,0,0,0,0,0,0,0,1,0,0,0,0,0,0,0,0,0
335,38,12,0,0,0,1,0,0,0,0,0,0,0,0,0,0,0,0,0,0,0,0,0
336,38,4,0,0,0,0,0,0,0,0,0,0,0,1,0,0,0,0,0,0,0,0,0
337,38,12,0,0,0,1,0,0,0,0,0,0,0,0,0,0,0,0,0,0,0,0,0
338,38,4,0,0,0,0,0,0,1,0,0,0,0,0,0,0,0,0,0,0,0,0,0
339,39,6,0,0,0,0,0,0,1,0,0,0,0,0,0,0,0,0,0,0,0,0,0
340,39,10,0,0,0,0,0,1,0,0,0,0,0,0,0,0,0,0,0,0,0,0,0
341,40,5,0,0,0,0,0,0,0,0,0,1,0,0,0,0,0,0,0,0,0,0,0
342,40,10,0,0,0,0,1,0,0,0,0,0,0,0,0,0,0,0,0,0,0,0,0
343,40,5,0,0,0,0,0,0,0,0,0,1,0,0,0,0,0,0,0,0,0,0,0
344,40,10,0,0,0,0,1,0,0,0,0,0,0,0,0,0,0,0,0,0,0,0,0
345,41,6,0,0,0,0,0,0,1,0,0,0,0,0,0,0,0,0,0,0,0,0,0
346,41,7,0,0,0,0,0,1,0,0,0,0,0,0,0,0,0,0,0,0,0,0,0
347,41,6,0,0,0,1,0,0,0,0,0,0,0,0,0,0,0,0,0,0,0,0,0
348,41,4,0,0,0,0,0,1,0,0,0,0,0,0,0,0,0,0,0,0,0,0,0
349,42,18,0,0,0,0,0,0,1,0,0,0,0,0,0,0,0,0,0,0,0,0,0
350,42,7,0,0,0,0,0,0,0,0,0,0,0,0,0,0,0,0,0,1,0,0,0
351,43,18,0,0,0,0,0,0,1,0,0,0,0,0,0,0,0,0,0,0,0,0,0
352,43,7,0,0,0,0,0,0,0,0,0,0,0,0,0,0,0,0,0,1,0,0,0
353,43,18,0,0,0,1,0,0,0,0,0,0,0,0,0,0,0,0,0,0,0,0,0
354,43,4,0,0,0,0,0,0,0,0,0,0,0,0,0,0,0,0,0,1,0,0,0
355,44,4,0,0,0,0,0,0,1,0,0,0,0,0,0,0,0,0,0,0,0,0,0
356,44,7,0,0,0,1,0,0,0,0,0,0,0,0,0,0,0,0,0,0,0,0,0
357,44,4,0,0,0,0,0,0,1,0,0,0,0,0,0,0,0,0,0,0,0,0,0
358,44,7,0,0,0,1,0,0,0,0,0,0,0,0,0,0,0,0,0,0,0,0,0
359,44,4,0,0,0,0,0,0,1,0,0,0,0,0,0,0,0,0,0,0,0,0,0
360,44,7,0,0,0,1,0,0,0,0,0,0,0,0,0,0,0,0,0,0,0,0,0
361,44,4,0,0,0,0,0,0,1,0,0,0,0,0,0,0,0,0,0,0,0,0,0
362,44,7,0,0,0,1,0,0,0,0,0,0,0,0,0,0,0,0,0,0,0,0,0
363,44,4,0,0,0,0,0,0,1,0,0,0,0,0,0,0,0,0,0,0,0,0,0
364,44,7,0,0,0,1,0,0,0,0,0,0,0,0,0,0,0,0,0,0,0,0,0
365,44,4,0,0,0,0,0,0,1,0,0,0,0,0,0,0,0,0,0,0,0,0,0
366,44,7,0,0,0,1,0,0,0,0,0,0,0,0,0,0,0,0,0,0,0,0,0
367,44,4,0,0,0,0,0,0,1,0,0,0,0,0,0,0,0,0,0,0,0,0,0
368,44,7,0,0,0,0,0,0,0,0,0,0,0,1,0,0,0,0,0,0,0,0,0
369,44,12,0,0,0,0,0,0,1,0,0,0,0,0,0,0,0,0,0,0,0,0,0
370,44,7,0,0,0,1,0,0,0,0,0,0,0,0,0,0,0,0,0,0,0,0,0
371,44,4,0,0,0,0,0,0,1,0,0,0,0,0,0,0,0,0,0,0,0,0,0
372,44,4,0,0,0,0,0,0,1,0,0,0,0,0,0,0,0,0,0,0,0,0,0
373,44,7,0,0,0,1,0,0,0,0,0,0,0,0,0,0,0,0,0,0,0,0,0
374,44,4,0,0,0,0,0,0,1,0,0,0,0,0,0,0,0,0,0,0,0,0,0
375,44,4,0,0,0,0,0,0,1,0,0,0,0,0,0,0,0,0,0,0,0,0,0
376,44,8,0,0,0,1,0,0,0,0,0,0,0,0,0,0,0,0,0,0,0,0,0
377,44,4,0,0,0,0,0,0,1,0,0,0,0,0,0,0,0,0,0,0,0,0,0
378,44,7,0,0,0,1,0,0,0,0,0,0,0,0,0,0,0,0,0,0,0,0,0
379,44,7,0,0,0,0,0,0,0,1,0,0,0,0,0,0,0,0,0,0,0,0,0
380,44,8,0,0,0,0,0,0,1,0,0,0,0,0,0,0,0,0,0,0,0,0,0
381,44,7,0,0,0,1,0,0,0,0,0,0,0,0,0,0,0,0,0,0,0,0,0
382,44,4,0,0,0,0,0,0,1,0,0,0,0,0,0,0,0,0,0,0,0,0,0
383,44,7,0,0,0,1,0,0,0,0,0,0,0,0,0,0,0,0,0,0,0,0,0
384,44,4,0,0,0,0,0,0,1,0,0,0,0,0,0,0,0,0,0,0,0,0,0
385,45,4,0,0,0,0,0,0,1,0,0,0,0,0,0,0,0,0,0,0,0,0,0
386,46,1,0,1,0,0,0,0,0,0,0,0,0,0,0,0,0,0,0,0,0,0,0
387,46,2,1,0,0,0,0,0,0,0,0,0,0,0,0,0,0,0,0,0,0,0,0
388,47,4,0,0,0,0,0,0,1,0,0,0,0,0,0,0,0,0,0,0,0,0,0
389,47,7,0,0,0,1,0,0,0,0,0,0,0,0,0,0,0,0,0,0,0,0,0
390,47,4,0,0,0,0,0,0,1,0,0,0,0,0,0,0,0,0,0,0,0,0,0
391,47,7,0,0,0,1,0,0,0,0,0,0,0,0,0,0,0,0,0,0,0,0,0
392,47,4,0,0,0,0,0,0,1,0,0,0,0,0,0,0,0,0,0,0,0,0,0
393,47,7,0,0,0,1,0,0,0,0,0,0,0,0,0,0,0,0,0,0,0,0,0
394,47,4,0,0,0,0,0,0,1,0,0,0,0,0,0,0,0,0,0,0,0,0,0
395,47,7,0,0,0,1,0,0,0,0,0,0,0,0,0,0,0,0,0,0,0,0,0
396,47,4,0,0,0,0,0,0,1,0,0,0,0,0,0,0,0,0,0,0,0,0,0
397,47,7,0,0,0,1,0,0,0,0,0,0,0,0,0,0,0,0,0,0,0,0,0
398,47,4,0,0,0,0,0,0,1,0,0,0,0,0,0,0,0,0,0,0,0,0,0
399,47,7,0,0,0,1,0,0,0,0,0,0,0,0,0,0,0,0,0,0,0,0,0
400,47,4,0,0,0,0,0,0,1,0,0,0,0,0,0,0,0,0,0,0,0,0,0
401,47,7,0,0,0,1,0,0,0,0,0,0,0,0,0,0,0,0,0,0,0,0,0
402,47,4,0,0,0,0,0,0,1,0,0,0,0,0,0,0,0,0,0,0,0,0,0
403,47,7,0,0,0,1,0,0,0,0,0,0,0,0,0,0,0,0,0,0,0,0,0
404,47,7,0,0,0,1,0,0,0,0,0,0,0,0,0,0,0,0,0,0,0,0,0
405,47,4,0,0,0,0,0,0,1,0,0,0,0,0,0,0,0,0,0,0,0,0,0
406,47,7,0,0,0,1,0,0,0,0,0,0,0,0,0,0,0,0,0,0,0,0,0
407,47,4,0,0,0,0,0,0,1,0,0,0,0,0,0,0,0,0,0,0,0,0,0
408,48,13,0,0,0,0,0,0,0,0,0,0,0,0,0,0,0,0,0,0,1,0,0
409,48,13,0,0,0,0,0,0,0,0,0,0,0,0,0,0,0,0,0,0,1,0,0
410,48,19,0,0,0,0,0,0,0,0,0,0,0,0,1,0,0,0,0,0,0,0,0
411,48,13,0,0,0,0,0,0,0,0,0,0,0,0,0,0,0,0,0,0,1,0,0
412,48,19,0,0,0,0,0,0,0,0,0,0,0,0,1,0,0,0,0,0,0,0,0
413,48,13,0,0,0,0,0,0,0,0,0,0,0,0,0,0,0,0,0,0,1,0,0
414,48,19,0,0,0,0,0,0,0,0,0,0,0,0,1,0,0,0,0,0,0,0,0
415,48,14,0,0,0,0,0,0,0,0,0,0,0,0,0,0,0,0,0,0,1,0,0
416,48,13,0,0,0,0,0,0,0,0,0,0,0,0,0,0,0,0,0,0,1,0,0
417,49,13,0,0,0,0,0,0,0,0,0,0,0,0,0,1,0,0,0,0,1,0,0
418,49,14,0,0,0,0,0,0,0,0,0,0,0,0,0,0,0,0,0,0,1,0,0
419,49,19,0,0,0,0,0,0,0,0,0,0,0,0,0,1,0,0,0,0,0,0,0
420,49,14,0,0,0,0,0,0,0,0,0,0,0,0,0,0,0,0,0,0,1,0,0
421,49,19,0,0,0,0,0,0,0,0,0,0,0,0,1,1,0,0,0,0,0,0,0
422,49,13,0,0,0,0,0,0,0,0,0,0,0,0,0,0,0,0,0,0,1,0,0
423,49,14,0,0,0,0,0,0,0,0,0,0,0,0,1,0,0,0,0,0,0,0,0
424,49,13,0,0,0,0,0,0,0,0,0,0,0,0,0,1,0,0,0,0,0,0,0
425,49,19,0,0,0,0,0,0,0,0,0,0,0,0,1,1,0,0,0,0,0,0,0
426,49,13,0,0,0,0,0,0,0,0,0,0,0,0,0,1,0,0,0,0,1,0,0
427,49,13,0,0,0,0,0,0,0,0,0,0,0,0,0,0,0,0,0,0,1,0,0
428,49,19,0,0,0,0,0,0,0,0,0,0,0,0,1,0,0,0,0,0,0,0,0
429,49,19,0,0,0,0,0,0,0,0,0,0,0,0,1,0,0,0,0,0,0,0,0
430,50,7,0,0,0,0,0,0,0,0,0,0,0,1,0,0,0,0,0,0,0,0,0
431,50,12,0,0,0,0,0,0,1,0,0,0,0,0,0,0,0,0,0,0,0,0,0
432,51,7,0,0,0,0,0,0,0,0,0,0,0,1,0,0,0,0,0,0,0,0,0
433,51,4,0,0,0,0,0,0,1,0,0,0,0,0,0,0,0,0,0,0,0,0,0
434,51,4,0,0,0,0,0,0,1,0,0,0,0,0,0,0,0,0,0,0,0,0,0
435,51,7,0,0,0,1,0,0,0,0,0,0,0,0,0,0,0,0,0,0,0,0,0
436,51,4,0,0,0,0,0,0,1,0,0,0,0,0,0,0,0,0,0,0,0,0,0
437,51,7,0,0,0,1,0,0,0,0,0,0,0,0,0,0,0,0,0,0,0,0,0
438,51,4,0,0,0,0,0,0,1,0,0,0,0,0,0,0,0,0,0,0,0,0,0
439,51,12,0,0,0,0,0,0,1,0,0,0,0,0,0,0,0,0,0,0,0,0,0
440,51,4,0,0,0,0,0,0,1,0,0,0,0,0,0,0,0,0,0,0,0,0,0
441,51,4,0,1,0,0,0,0,0,0,0,0,0,0,0,0,0,0,0,0,0,0,0
442,51,1,0,1,0,0,0,0,0,0,0,0,0,0,0,0,0,0,0,0,0,0,0
443,51,2,0,0,0,0,0,0,1,0,0,0,0,0,0,0,0,0,0,0,0,0,0
444,51,7,0,0,0,1,0,0,0,0,0,0,0,0,0,0,0,0,0,0,0,0,0
445,51,4,1,0,0,0,0,0,0,0,0,0,0,0,0,0,0,0,0,0,0,0,0
446,51,7,0,0,0,1,0,0,0,0,0,0,0,0,0,0,0,0,0,0,0,0,0
447,51,4,0,0,0,0,0,0,1,0,0,0,0,0,0,0,0,0,0,0,0,0,0
448,51,7,0,0,0,1,0,0,0,0,0,0,0,0,0,0,0,0,0,0,0,0,0
449,51,4,0,0,0,0,0,0,1,0,0,0,0,0,0,0,0,0,0,0,0,0,0
450,51,7,0,0,0,1,0,0,0,0,0,0,0,0,0,0,0,0,0,0,0,0,0
451,51,4,0,0,0,0,0,0,1,0,0,0,0,0,0,0,0,0,0,0,0,0,0
452,52,12,0,0,0,0,0,0,1,0,0,0,0,0,0,0,0,0,0,0,0,0,0
453,52,7,0,0,0,0,0,0,0,0,0,0,0,1,0,0,0,0,0,0,0,0,0
454,52,12,0,0,0,0,0,0,1,0,0,0,0,0,0,0,0,0,0,0,0,0,0
455,52,7,0,0,0,0,0,0,0,0,0,0,0,1,0,0,0,0,0,0,0,0,0
456,52,12,0,0,0,0,0,0,1,0,0,0,0,0,0,0,0,0,0,0,0,0,0
457,52,7,0,0,0,0,0,0,0,0,0,0,0,1,0,0,0,0,0,0,0,0,0
458,52,12,0,0,0,0,0,0,1,0,0,0,0,0,0,0,0,0,0,0,0,0,0
459,52,7,0,0,0,0,0,0,0,0,0,0,0,1,0,0,0,0,0,0,0,0,0
460,52,12,0,0,0,0,0,0,1,0,0,0,0,0,0,0,0,0,0,0,0,0,0
461,52,7,0,0,0,0,0,0,0,0,0,0,0,1,0,0,0,0,0,0,0,0,0
462,52,12,0,0,0,0,0,0,0,0,0,0,1,0,0,0,0,0,0,0,0,0,0
463,52,11,0,0,0,0,0,0,0,0,0,0,0,1,0,0,0,0,0,0,0,0,0
464,52,12,0,0,0,0,0,0,0,0,0,0,1,0,0,0,0,0,0,0,0,0,0
465,52,11,0,0,0,0,0,0,0,0,0,0,0,1,0,0,0,0,0,0,0,0,0
466,52,12,0,0,0,0,0,0,0,0,0,0,1,0,0,0,0,0,0,0,0,0,0
467,52,11,0,0,0,0,0,0,0,0,0,0,0,1,0,0,0,0,0,0,0,0,0
468,52,12,0,0,0,0,0,0,0,0,0,0,1,0,0,0,0,0,0,0,0,0,0
469,52,11,0,0,0,0,0,0,0,0,0,0,0,1,0,0,0,0,0,0,0,0,0
470,52,12,0,0,0,0,0,0,0,0,0,0,1,0,0,0,0,0,0,0,0,0,0
471,52,11,0,0,0,0,0,0,0,0,0,0,0,1,0,0,0,0,0,0,0,0,0
472,52,12,0,0,0,0,0,0,0,0,0,0,1,0,0,0,0,0,0,0,0,0,0
473,52,11,0,0,0,0,0,0,0,0,0,0,0,1,0,0,0,0,0,0,0,0,0
474,52,11,0,0,0,0,0,0,0,0,0,0,0,1,0,0,0,0,0,0,0,0,0
475,52,12,0,0,0,0,0,0,0,0,0,0,1,0,0,0,0,0,0,0,0,0,0
476,52,12,0,0,0,0,0,0,1,0,0,0,0,0,0,0,0,0,0,0,0,0,0
477,52,11,0,0,0,0,0,0,0,0,0,0,0,1,0,0,0,0,0,0,0,0,0
478,52,7,0,0,0,0,0,0,0,0,0,0,0,1,0,0,0,0,0,0,0,0,0
479,52,11,0,0,0,0,0,0,0,0,0,0,0,1,0,0,0,0,0,0,0,0,0
480,52,7,0,0,0,0,0,0,0,0,0,0,0,1,0,0,0,0,0,0,0,0,0
481,53,7,0,0,0,0,0,0,0,0,0,0,0,1,0,0,0,0,0,0,0,0,0
482,53,12,0,0,0,0,0,0,1,0,0,0,0,0,0,0,0,0,0,0,0,0,0
483,54,13,0,0,0,0,0,0,0,0,0,0,0,1,0,0,0,0,0,0,0,0,0
484,54,12,0,0,0,0,0,0,0,0,0,0,0,0,1,0,0,0,0,0,0,0,0
485,54,13,0,0,0,0,0,0,0,0,0,0,0,1,0,0,0,0,0,0,0,0,0
486,54,13,0,0,0,0,0,0,0,0,0,0,0,1,0,0,0,0,0,0,0,0,0
487,54,12,0,0,0,0,0,0,0,0,0,0,0,0,0,0,0,0,0,0,1,0,0
488,54,19,0,0,0,0,0,0,0,0,0,0,0,1,0,0,0,0,0,0,0,0,0
489,54,12,0,0,0,0,0,0,0,0,0,0,0,0,0,0,0,0,0,0,1,0,0
490,54,14,0,0,0,0,0,0,0,0,0,0,0,1,0,0,0,0,0,0,0,0,0
491,54,12,0,0,0,0,0,0,0,0,0,0,0,0,0,0,0,0,0,0,1,0,0
492,54,19,0,0,0,0,0,0,0,0,0,0,0,1,0,0,0,0,0,0,0,0,0
493,54,7,0,0,0,0,0,0,0,0,0,0,0,0,0,0,0,0,0,0,1,0,0
494,54,19,0,0,0,0,0,0,1,0,0,0,0,0,0,0,0,0,0,0,0,0,0
495,54,7,0,0,0,0,0,0,0,0,0,0,0,0,0,0,0,0,0,0,1,0,0
496,54,19,0,0,0,0,0,0,1,0,0,0,0,0,0,0,0,0,0,0,0,0,0
497,54,7,0,0,0,0,0,0,0,0,0,0,0,0,0,0,0,0,0,0,1,0,0
498,55,12,0,0,0,0,0,0,1,0,0,0,0,0,1,1,0,0,0,0,1,0,0
499,55,19,0,0,0,0,0,0,1,0,0,0,0,1,1,1,0,0,0,0,0,0,0
500,55,7,0,0,0,0,0,0,0,0,0,0,0,1,1,1,0,0,0,0,1,0,0
501,55,13,0,0,0,0,0,0,1,0,0,0,0,1,0,1,0,0,0,0,1,0,0
502,55,19,0,0,0,0,0,0,1,0,0,0,0,1,1,1,0,0,0,0,0,0,0
503,55,19,0,0,0,0,0,0,1,0,0,0,0,1,1,1,0,0,0,0,0,0,0
504,55,14,0,0,0,0,0,0,1,0,0,0,0,1,1,0,0,0,0,0,1,0,0
505,55,12,0,0,0,0,0,0,1,0,0,0,0,0,1,1,0,0,0,0,1,0,0
506,55,19,0,0,0,0,0,0,1,0,0,0,0,1,1,1,0,0,0,0,0,0,0
507,56,13,0,0,0,0,0,0,0,0,0,0,0,0,0,1,0,0,0,0,0,0,0
508,56,14,0,0,0,0,0,0,0,0,0,0,0,0,1,0,0,0,0,0,0,0,0
509,56,13,0,0,0,0,0,0,0,0,0,0,0,0,0,1,0,0,0,0,0,0,0
510,56,14,0,0,0,0,0,0,0,0,0,0,0,0,1,0,0,0,0,0,0,0,0
511,56,13,0,0,0,0,0,0,0,0,0,0,0,0,0,1,0,0,0,0,0,0,0
512,57,13,0,0,0,0,0,0,0,0,0,0,0,0,0,1,0,0,0,0,0,0,0
513,57,14,0,0,0,0,0,0,0,0,0,0,0,0,1,0,0,0,0,0,0,0,0
514,57,13,0,0,0,0,0,0,0,0,0,0,0,0,0,1,0,0,0,0,0,0,0
515,58,2,0,0,0,0,0,0,1,0,0,0,0,0,0,0,0,0,0,0,0,0,0
516,58,7,0,1,0,0,0,0,0,0,0,0,0,0,0,0,0,0,0,0,0,0,0
517,58,2,0,0,0,0,0,0,1,0,0,0,0,0,0,0,0,0,0,0,0,0,0
518,59,19,0,0,0,0,0,0,0,0,0,0,0,1,0,0,0,0,0,0,0,0,0
519,59,12,0,0,0,0,0,0,0,0,0,0,0,0,0,0,0,0,0,0,1,0,0
520,59,19,0,0,0,0,0,0,0,0,0,0,0,1,0,0,0,0,0,0,0,0,0
521,60,7,0,1,0,0,0,0,0,0,0,0,0,0,0,0,0,0,0,0,0,0,0
522,61,14,0,0,0,0,0,0,0,0,0,0,0,0,1,0,0,0,0,0,0,0,0
523,62,19,0,0,0,0,0,0,0,0,0,0,0,1,0,0,0,0,0,0,0,0,0
524,62,12,0,0,0,0,0,0,0,0,0,0,0,0,0,0,0,0,0,0,1,0,0
525,62,12,0,0,0,0,0,0,0,0,0,0,0,0,0,0,0,0,0,0,1,0,0
526,62,13,0,0,0,0,0,0,0,0,0,0,0,1,0,0,0,0,0,0,0,0,0
527,62,12,0,0,0,0,0,0,0,0,0,0,0,0,1,0,0,0,0,0,0,0,0
528,62,13,0,0,0,0,0,0,0,0,0,0,0,1,0,0,0,0,0,0,0,0,0
529,62,19,0,0,0,0,0,0,0,0,0,0,0,1,0,0,0,0,0,0,0,0,0
530,63,13,0,0,0,0,0,0,0,0,0,0,0,0,0,1,0,0,0,0,0,0,0
531,63,13,0,0,0,0,0,0,0,0,0,0,0,0,0,1,0,0,0,0,0,0,0
532,64,19,0,0,0,0,0,0,0,0,0,0,0,1,0,0,0,0,0,0,0,0,0
533,64,12,0,0,0,0,0,0,0,0,0,0,0,0,0,0,0,0,0,0,1,0,0
534,64,19,0,0,0,0,0,0,0,0,0,0,0,1,0,0,0,0,0,0,0,0,0
535,65,14,0,0,0,0,0,0,0,0,0,0,0,0,1,0,0,0,0,0,0,0,0
536,65,13,0,0,0,0,0,0,0,0,0,0,0,0,0,1,0,0,0,0,0,0,0
537,65,14,0,0,0,0,0,0,0,0,0,0,0,0,1,0,0,0,0,0,0,0,0
538,66,12,0,0,0,0,0,0,0,0,0,0,0,0,1,0,0,0,0,0,0,0,0
539,66,13,0,0,0,0,0,0,0,0,0,0,0,1,0,0,0,0,0,0,0,0,0
540,66,19,0,0,0,0,0,0,0,0,0,0,0,0,0,1,0,0,0,0,0,0,0
541,66,14,0,0,0,0,0,0,0,0,0,0,0,0,0,0,0,0,0,0,1,0,0
542,67,12,0,0,0,0,0,0,0,0,0,0,0,0,0,0,0,0,0,0,1,0,0
543,67,19,0,0,0,0,0,0,0,0,0,0,0,1,0,0,0,0,0,0,0,0,0
544,67,19,0,0,0,0,0,0,0,0,0,0,0,1,0,0,0,0,0,0,0,0,0
545,68,12,0,0,0,0,0,0,1,0,0,0,0,0,0,0,0,0,0,0,0,0,0
546,68,19,0,0,0,0,0,0,1,0,0,0,0,1,0,0,0,0,0,0,0,0,0
547,68,7,0,0,0,0,0,0,0,0,0,0,0,0,0,0,0,0,0,0,1,0,0
548,68,19,0,0,0,0,0,0,1,0,0,0,0,0,0,0,0,0,0,0,0,0,0
549,68,12,0,0,0,0,0,0,1,0,0,0,0,0,0,0,0,0,0,0,0,0,0
550,68,7,0,0,0,0,0,0,0,0,0,0,0,1,0,0,0,0,0,0,1,0,0
551,69,7,0,1,0,0,0,0,0,0,0,0,0,0,0,0,0,0,0,0,0,0,0
552,69,2,0,0,0,0,0,0,1,0,0,0,0,0,0,0,0,0,0,0,0,0,0
553,69,7,0,1,0,0,0,0,0,0,0,0,0,0,0,0,0,0,0,0,0,0,0
554,69,2,0,0,0,0,0,0,1,0,0,0,0,0,0,0,0,0,0,0,0,0,0
555,69,7,0,1,0,0,0,0,0,0,0,0,0,0,0,0,0,0,0,0,0,0,0
556,70,12,0,0,0,0,0,0,1,0,0,0,0,0,0,0,0,0,0,0,0,0,0
557,70,19,0,0,0,0,0,0,0,0,0,0,0,1,0,0,0,0,0,0,0,0,0
558,70,19,0,0,0,0,0,0,1,0,0,0,0,1,1,1,0,0,0,0,0,0,0
559,71,13,0,0,0,0,0,0,0,0,0,0,0,1,0,0,0,0,0,0,0,0,0
560,71,13,0,0,0,0,0,0,0,0,0,0,0,1,0,0,0,0,0,0,0,0,0
561,71,12,0,0,0,0,0,0,0,0,0,0,0,0,1,0,0,0,0,0,0,0,0
562,71,19,0,0,0,0,0,0,0,0,0,0,0,1,0,0,0,0,0,0,0,0,0
563,71,12,0,0,0,0,0,0,0,0,0,0,0,0,0,0,0,0,0,0,1,0,0
564,72,5,0,0,0,0,0,0,1,0,0,0,0,0,0,0,0,0,0,0,0,0,0
565,72,7,0,0,0,0,1,0,0,0,0,0,0,0,0,0,0,0,0,0,0,0,0
566,72,5,0,0,0,0,0,0,1,0,0,0,0,0,0,0,0,0,0,0,0,0,0
567,72,7,0,0,0,0,1,0,0,0,0,0,0,0,0,0,0,0,0,0,0,0,0
568,72,7,0,0,0,0,1,0,0,0,0,0,0,0,0,0,0,0,0,0,0,0,0
569,72,5,0,0,0,0,0,0,1,0,0,0,0,0,0,0,0,0,0,0,0,0,0
570,72,7,0,0,0,0,1,0,0,0,0,0,0,0,0,0,0,0,0,0,0,0,0
571,72,5,0,0,0,0,0,0,1,0,0,0,0,0,0,0,0,0,0,0,0,0,0
572,72,7,0,0,0,0,1,0,0,0,0,0,0,0,0,0,0,0,0,0,0,0,0
573,72,5,0,0,0,0,0,0,1,0,0,0,0,0,0,0,0,0,0,0,0,0,0
574,72,7,0,0,0,0,1,0,0,0,0,0,0,0,0,0,0,0,0,0,0,0,0
575,72,5,0,0,0,0,0,0,1,0,0,0,0,0,0,0,0,0,0,0,0,0,0
576,72,7,0,0,0,0,1,0,0,0,0,0,0,0,0,0,0,0,0,0,0,0,0
577,72,4,0,0,0,0,0,0,1,0,0,0,0,0,0,0,0,0,0,0,0,0,0
578,73,20,0,0,0,0,0,1,0,0,0,0,0,0,0,0,0,0,0,1,0,0,0
579,73,21,0,0,0,0,0,1,0,0,0,0,0,0,0,0,0,0,0,1,0,0,0
580,73,6,0,0,0,0,0,0,0,0,0,0,0,0,0,0,0,0,0,0,0,0,1
581,73,21,0,0,0,0,0,1,0,0,0,0,0,0,0,0,0,0,0,1,0,0,0
582,73,18,0,0,0,0,0,0,0,0,0,0,0,0,0,0,0,0,0,0,0,0,1
583,73,21,0,0,0,0,0,1,0,0,0,0,0,0,0,0,0,0,0,1,0,0,0
584,73,21,0,0,0,0,0,1,0,0,0,0,0,0,0,0,0,0,0,1,0,0,0
585,73,6,0,0,0,0,0,0,0,0,0,0,0,0,0,0,0,0,0,0,0,0,1
586,73,21,0,0,0,0,0,0,0,0,0,0,0,0,0,0,0,0,0,0,0,1,0
