eventID,sceneID,speakerID,Katniss Everdeen (1),Finnick Odair (2),Boggs (3),Plutarch Heavensbee (4),President Coin (5),Beetee (6),Gale Hawthorne (7),President Snow (8),Egeria (9),Prim Everdeen (10),Caesar Flickmerman (11),Peeta Mellark (12),Effie Trinket (13),Haymitch Abernathy (14),Cressida (15),Messala (16),Castor (17),Commander Paylor (18),Antonius (19),Annie Cresta (20),Eddy (21)
1,1,1,0,1,0,0,0,0,0,0,0,0,0,0,0,0,0,0,0,0,0,0,0
2,1,2,1,0,0,0,0,0,0,0,0,0,0,0,0,0,0,0,0,0,0,0,0
3,1,2,1,0,0,0,0,0,0,0,0,0,0,0,0,0,0,0,0,0,0,0,0
4,2,3,1,0,0,0,0,0,0,0,0,0,0,0,0,0,0,0,0,0,0,0,0
5,2,1,0,0,1,0,0,0,0,0,0,0,0,0,0,0,0,0,0,0,0,0,0
6,2,3,1,0,0,0,0,0,0,0,0,0,0,0,0,0,0,0,0,0,0,0,0
7,3,1,0,0,1,0,0,0,0,0,0,0,0,0,0,0,0,0,0,0,0,0,0
8,3,3,1,0,0,0,0,0,0,0,0,0,0,0,0,0,0,0,0,0,0,0,0
9,4,4,1,0,0,0,1,0,0,0,0,0,0,0,0,0,0,0,0,0,0,0,0
10,4,5,1,0,0,0,0,0,0,0,0,0,0,0,0,0,0,0,0,0,0,0,0
11,4,4,1,0,0,0,0,0,0,0,0,0,0,0,0,0,0,0,0,0,0,0,0
12,4,5,1,0,0,0,0,0,0,0,0,0,0,0,0,0,0,0,0,0,0,0,0
13,4,4,1,0,0,0,1,0,0,0,0,0,0,0,0,0,0,0,0,0,0,0,0
14,4,5,1,0,0,0,0,0,0,0,0,0,0,0,0,0,0,0,0,0,0,0,0
15,4,5,1,0,0,0,0,0,0,0,0,0,0,0,0,0,0,0,0,0,0,0,0
16,4,1,0,0,0,1,1,0,0,0,0,0,0,0,0,0,0,0,0,0,0,0,0
17,4,4,1,0,0,0,0,0,0,0,0,0,0,0,0,0,0,0,0,0,0,0,0
18,4,6,1,0,0,0,0,0,0,0,0,0,0,0,0,0,0,0,0,0,0,0,0
19,4,4,1,0,0,0,0,0,0,0,0,0,0,0,0,0,0,0,0,0,0,0,0
20,4,1,0,0,0,1,0,0,0,0,0,0,0,0,0,0,0,0,0,0,0,0,0
21,4,4,1,0,0,0,0,0,0,0,0,0,0,0,0,0,0,0,0,0,0,0,0
22,4,1,0,0,0,1,0,0,0,0,0,0,0,0,0,0,0,0,0,0,0,0,0
23,4,5,1,0,0,0,0,0,0,0,0,0,0,0,0,0,0,0,0,0,0,0,0
24,4,1,0,0,0,0,1,0,0,0,0,0,0,0,0,0,0,0,0,0,0,0,0
25,4,5,0,0,0,1,0,0,0,0,0,0,0,0,0,0,0,0,0,0,0,0,0
26,4,4,0,0,0,0,1,0,0,0,0,0,0,0,0,0,0,0,0,0,0,0,0
27,4,5,0,0,0,1,0,0,0,0,0,0,0,0,0,0,0,0,0,0,0,0,0
28,4,4,0,0,0,0,1,0,0,0,0,0,0,0,0,0,0,0,0,0,0,0,0
29,4,5,0,0,0,1,0,0,0,0,0,0,0,0,0,0,0,0,0,0,0,0,0
30,4,4,0,0,0,0,1,0,0,0,0,0,0,0,0,0,0,0,0,0,0,0,0
31,4,5,0,0,0,1,0,0,0,0,0,0,0,0,0,0,0,0,0,0,0,0,0
32,4,4,0,0,0,0,1,0,0,0,0,0,0,0,0,0,0,0,0,0,0,0,0
33,4,5,0,0,0,1,0,0,0,0,0,0,0,0,0,0,0,0,0,0,0,0,0
34,5,7,1,0,0,0,0,0,0,0,0,0,0,0,0,0,0,0,0,0,0,0,0
35,5,1,0,0,0,0,0,0,1,0,0,0,0,0,0,0,0,0,0,0,0,0,0
36,5,3,1,0,0,0,0,0,0,0,0,0,0,0,0,0,0,0,0,0,0,0,0
37,6,7,1,0,0,0,0,0,0,0,0,0,0,0,0,0,0,0,0,0,0,0,0
38,6,1,0,0,0,0,0,0,1,0,0,0,0,0,0,0,0,0,0,0,0,0,0
39,6,7,1,0,0,0,0,0,0,0,0,0,0,0,0,0,0,0,0,0,0,0,0
40,7,8,0,0,0,0,0,0,0,0,1,0,0,0,0,0,0,0,0,0,0,0,0
41,7,9,0,0,0,0,0,0,0,1,0,0,0,0,0,0,0,0,0,0,0,0,0
42,7,8,0,0,0,0,0,0,0,0,1,0,0,0,0,0,0,0,0,0,0,0,0
43,8,1,0,0,0,0,0,0,0,0,0,1,0,0,0,0,0,0,0,0,0,0,0
44,9,7,1,0,0,0,0,0,0,0,0,0,0,0,0,0,0,0,0,0,0,0,0
45,9,11,0,0,0,0,0,0,0,0,0,0,0,1,0,0,0,0,0,0,0,0,0
46,9,12,0,0,0,0,0,0,0,0,0,0,1,0,0,0,0,0,0,0,0,0,0
47,9,11,0,0,0,0,0,0,0,0,0,0,0,1,0,0,0,0,0,0,0,0,0
48,9,12,0,0,0,0,0,0,0,0,0,0,1,0,0,0,0,0,0,0,0,0,0
49,9,11,0,0,0,0,0,0,0,0,0,0,0,1,0,0,0,0,0,0,0,0,0
50,9,12,0,0,0,0,0,0,0,0,0,0,1,0,0,0,0,0,0,0,0,0,0
51,9,11,0,0,0,0,0,0,0,0,0,0,0,1,0,0,0,0,0,0,0,0,0
52,9,12,0,0,0,0,0,0,0,0,0,0,1,0,0,0,0,0,0,0,0,0,0
53,9,11,0,0,0,0,0,0,0,0,0,0,0,1,0,0,0,0,0,0,0,0,0
54,9,12,0,0,0,0,0,0,0,0,0,0,1,0,0,0,0,0,0,0,0,0,0
55,9,11,0,0,0,0,0,0,0,0,0,0,0,1,0,0,0,0,0,0,0,0,0
56,9,12,0,0,0,0,0,0,0,0,0,0,1,0,0,0,0,0,0,0,0,0,0
57,9,11,0,0,0,0,0,0,0,0,0,0,0,1,0,0,0,0,0,0,0,0,0
58,9,12,0,0,0,0,0,0,0,0,0,0,1,0,0,0,0,0,0,0,0,0,0
59,9,11,0,0,0,0,0,0,0,0,0,0,0,1,0,0,0,0,0,0,0,0,0
60,9,12,0,0,0,0,0,0,0,0,0,0,1,0,0,0,0,0,0,0,0,0,0
61,9,11,0,0,0,0,0,0,0,0,0,0,0,1,0,0,0,0,0,0,0,0,0
62,9,12,0,0,0,0,0,0,0,0,0,0,1,0,0,0,0,0,0,0,0,0,0
63,9,11,0,0,0,0,0,0,0,0,0,0,0,1,0,0,0,0,0,0,0,0,0
64,9,12,0,0,0,0,0,0,0,0,0,0,1,0,0,0,0,0,0,0,0,0,0
65,9,11,0,0,0,0,0,0,0,0,0,0,0,1,0,0,0,0,0,0,0,0,0
66,9,12,0,0,0,0,0,0,0,0,0,0,1,0,0,0,0,0,0,0,0,0,0
67,9,11,0,0,0,0,0,0,0,0,0,0,0,1,0,0,0,0,0,0,0,0,0
68,9,12,0,0,0,0,0,0,0,0,0,0,1,0,0,0,0,0,0,0,0,0,0
69,9,11,0,0,0,0,0,0,0,0,0,0,0,1,0,0,0,0,0,0,0,0,0
70,9,12,0,0,0,0,0,0,0,0,0,0,1,0,0,0,0,0,0,0,0,0,0
71,9,11,0,0,0,0,0,0,0,0,0,0,0,1,0,0,0,0,0,0,0,0,0
72,9,12,0,0,0,0,0,0,0,0,0,0,1,0,0,0,0,0,0,0,0,0,0
73,9,11,0,0,0,0,0,0,0,0,0,0,0,1,0,0,0,0,0,0,0,0,0
74,9,12,0,0,0,0,0,0,0,0,0,0,1,0,0,0,0,0,0,0,0,0,0
75,9,11,0,0,0,0,0,0,0,0,0,0,0,1,0,0,0,0,0,0,0,0,0
76,9,12,0,0,0,0,0,0,0,0,0,0,1,0,0,0,0,0,0,0,0,0,0
77,9,11,0,0,0,0,0,0,0,0,0,0,0,1,0,0,0,0,0,0,0,0,0
78,9,12,0,0,0,0,0,0,0,0,0,0,1,0,0,0,0,0,0,0,0,0,0
79,10,1,0,0,0,0,0,0,1,0,0,0,0,0,0,0,0,0,0,0,0,0,0
80,10,7,1,0,0,0,0,0,0,0,0,0,0,0,0,0,0,0,0,0,0,0,0
81,10,1,0,0,0,0,0,0,1,0,0,0,0,0,0,0,0,0,0,0,0,0,0
82,10,7,1,0,0,0,0,0,0,0,0,0,0,0,0,0,0,0,0,0,0,0,0
83,10,1,0,0,0,0,0,0,1,0,0,0,0,0,0,0,0,0,0,0,0,0,0
84,11,10,1,0,0,0,0,0,0,0,0,0,0,0,0,0,0,0,0,0,0,0,0
85,11,10,1,0,0,0,0,0,0,0,0,0,0,0,0,0,0,0,0,0,0,0,0
86,11,1,0,0,0,0,0,0,0,0,0,1,0,0,0,0,0,0,0,0,0,0,0
87,11,10,1,0,0,0,0,0,0,0,0,0,0,0,0,0,0,0,0,0,0,0,0
88,11,1,0,0,0,0,0,0,0,0,0,1,0,0,0,0,0,0,0,0,0,0,0
89,11,10,1,0,0,0,0,0,0,0,0,0,0,0,0,0,0,0,0,0,0,0,0
90,11,1,0,0,0,0,0,0,0,0,0,1,0,0,0,0,0,0,0,0,0,0,0
91,12,1,0,0,0,1,1,0,0,0,0,0,0,0,0,0,0,0,0,0,0,0,0
92,12,1,0,0,0,1,1,0,0,0,0,0,0,0,0,0,0,0,0,0,0,0,0
93,12,5,1,0,0,0,0,0,0,0,0,0,0,0,0,0,0,0,0,0,0,0,0
94,12,1,0,0,0,0,1,0,0,0,0,0,0,0,0,0,0,0,0,0,0,0,0
95,12,5,1,0,0,0,0,0,0,0,0,0,0,0,0,0,0,0,0,0,0,0,0
96,12,1,0,0,0,0,1,0,0,0,0,0,0,0,0,0,0,0,0,0,0,0,0
97,12,4,0,0,0,0,1,0,0,0,0,0,0,0,0,0,0,0,0,0,0,0,0
98,12,5,1,0,0,0,0,0,0,0,0,0,0,0,0,0,0,0,0,0,0,0,0
99,12,1,0,0,0,0,1,0,0,0,0,0,0,0,0,0,0,0,0,0,0,0,0
100,13,13,0,0,0,1,0,0,0,0,0,0,0,0,0,0,0,0,0,0,0,0,0
101,13,13,0,0,0,1,0,0,0,0,0,0,0,0,0,0,0,0,0,0,0,0,0
102,13,4,0,0,0,0,0,0,0,0,0,0,0,0,1,0,0,0,0,0,0,0,0
103,13,13,0,0,0,1,0,0,0,0,0,0,0,0,0,0,0,0,0,0,0,0,0
104,13,4,0,0,0,0,0,0,0,0,0,0,0,0,1,0,0,0,0,0,0,0,0
105,13,13,0,0,0,1,0,0,0,0,0,0,0,0,0,0,0,0,0,0,0,0,0
106,13,4,0,0,0,0,0,0,0,0,0,0,0,0,1,0,0,0,0,0,0,0,0
107,13,13,0,0,0,1,0,0,0,0,0,0,0,0,0,0,0,0,0,0,0,0,0
108,13,4,0,0,0,0,0,0,0,0,0,0,0,0,1,0,0,0,0,0,0,0,0
109,13,13,0,0,0,1,0,0,0,0,0,0,0,0,0,0,0,0,0,0,0,0,0
110,13,4,0,0,0,0,0,0,0,0,0,0,0,0,1,0,0,0,0,0,0,0,0
111,13,13,0,0,0,1,0,0,0,0,0,0,0,0,0,0,0,0,0,0,0,0,0
112,13,4,0,0,0,0,0,0,0,0,0,0,0,0,1,0,0,0,0,0,0,0,0
113,13,13,0,0,0,1,0,0,0,0,0,0,0,0,0,0,0,0,0,0,0,0,0
114,14,1,0,0,0,0,0,0,0,0,0,1,0,0,0,0,0,0,0,0,0,0,0
115,14,10,1,0,0,0,0,0,0,0,0,0,0,0,0,0,0,0,0,0,0,0,0
116,14,1,0,1,0,0,0,0,0,0,0,0,0,0,0,0,0,0,0,0,0,0,0
117,14,2,1,0,0,0,0,0,0,0,0,0,0,0,0,0,0,0,0,0,0,0,0
118,14,4,0,0,0,0,1,0,0,0,0,0,0,0,0,0,0,0,0,0,0,0,0
119,14,13,0,0,0,0,1,0,0,0,0,0,0,0,0,0,0,0,0,0,0,0,0
120,14,5,0,0,0,0,0,0,0,0,0,0,0,0,1,0,0,0,0,0,0,0,0
121,14,4,0,0,0,0,1,0,0,0,0,0,0,0,0,0,0,0,0,0,0,0,0
122,14,5,0,0,0,1,0,0,0,0,0,0,0,0,0,0,0,0,0,0,0,0,0
123,14,4,0,0,0,0,1,0,0,0,0,0,0,0,0,0,0,0,0,0,0,0,0
124,14,5,0,0,0,1,0,0,0,0,0,0,0,0,0,0,0,0,0,0,0,0,0
125,14,4,0,0,0,0,1,0,0,0,0,0,0,0,0,0,0,0,0,0,0,0,0
126,14,13,0,0,0,1,1,0,0,0,0,0,0,0,0,0,0,0,0,0,0,0,0
127,14,4,0,0,0,0,1,0,0,0,0,0,0,0,0,0,0,0,0,0,0,0,0
128,14,5,0,0,0,1,0,0,0,0,0,0,0,0,1,0,0,0,0,0,0,0,0
129,14,13,0,0,0,1,0,0,0,0,0,0,0,0,0,0,0,0,0,0,0,0,0
130,15,1,0,0,0,0,0,0,0,0,0,0,0,0,1,0,0,0,0,0,0,0,0
131,15,1,0,0,0,0,0,0,0,0,0,0,0,0,1,0,0,0,0,0,0,0,0
132,15,13,1,0,0,0,0,0,0,0,0,0,0,0,0,0,0,0,0,0,0,0,0
133,15,1,0,0,0,0,0,0,0,0,0,0,0,0,1,0,0,0,0,0,0,0,0
134,15,13,1,0,0,0,0,0,0,0,0,0,0,0,0,0,0,0,0,0,0,0,0
135,15,13,0,0,0,0,0,0,1,0,0,0,0,0,0,0,0,0,0,0,0,0,0
136,15,13,1,0,0,0,0,0,1,0,0,0,0,0,0,0,0,0,0,0,0,0,0
137,15,1,0,0,0,0,0,0,0,0,0,0,0,0,1,0,0,0,0,0,0,0,0
138,15,13,1,0,0,0,0,0,0,0,0,0,0,0,0,0,0,0,0,0,0,0,0
139,15,1,0,0,0,0,0,0,0,0,0,0,0,0,1,0,0,0,0,0,0,0,0
140,15,13,1,0,0,0,0,0,0,0,0,0,0,0,0,0,0,0,0,0,0,0,0
141,16,13,1,0,0,0,0,0,0,0,0,0,0,0,0,0,0,0,0,0,0,0,0
142,16,13,1,0,0,0,0,0,0,0,0,0,0,0,0,0,0,0,0,0,0,0,0
143,16,4,1,0,0,0,0,0,0,0,0,0,0,0,1,0,0,0,0,0,0,0,0
144,16,4,1,0,0,0,0,0,0,0,0,0,0,0,0,0,0,0,0,0,0,0,0
145,16,1,0,0,0,1,0,0,0,0,0,0,0,0,0,0,0,0,0,0,0,0,0
146,16,4,1,0,0,0,0,0,0,0,0,0,0,0,0,0,0,0,0,0,0,0,0
147,16,4,1,0,0,0,0,0,0,0,0,0,0,0,0,0,0,0,0,0,0,0,0
148,16,1,0,0,0,1,0,0,0,0,0,0,0,0,0,0,0,0,0,0,0,0,0
149,16,4,1,0,0,0,0,0,0,0,0,0,0,0,0,0,0,0,0,0,0,0,0
150,16,13,0,0,0,1,0,0,0,0,0,0,0,0,0,0,0,0,0,0,0,0,0
151,16,4,1,0,0,0,0,0,0,0,0,0,0,0,0,0,0,0,0,0,0,0,0
152,16,4,1,0,0,0,0,0,0,0,0,0,0,0,0,0,0,0,0,0,0,0,0
153,16,14,1,0,0,1,0,0,0,0,0,0,0,0,1,0,0,0,0,0,0,0,0
154,16,14,1,0,0,0,0,0,0,0,0,0,0,0,0,0,0,0,0,0,0,0,0
155,16,1,0,0,0,0,0,0,0,0,0,0,0,0,0,1,0,0,0,0,0,0,0
156,16,14,1,0,0,0,0,0,0,0,0,0,0,0,0,0,0,0,0,0,0,0,0
157,17,14,1,0,1,1,1,1,1,0,0,0,0,0,1,0,0,0,0,0,0,0,0
158,17,13,0,0,0,0,0,0,0,0,0,0,0,0,0,1,0,0,0,0,0,0,0
159,17,14,0,0,0,0,0,0,0,0,0,0,0,0,1,0,0,0,0,0,0,0,0
160,17,13,0,0,0,0,0,0,0,0,0,0,0,0,0,1,0,0,0,0,0,0,0
161,17,14,0,0,0,0,0,0,0,0,0,0,0,0,1,0,0,0,0,0,0,0,0
162,17,13,0,0,0,0,0,0,0,0,0,0,0,0,0,1,0,0,0,0,0,0,0
163,17,6,0,0,0,0,0,0,0,0,0,0,0,0,0,1,0,0,0,0,0,0,0
164,17,13,0,0,0,0,0,1,0,0,0,0,0,0,0,1,0,0,0,0,0,0,0
165,17,14,1,0,1,1,1,1,1,0,0,0,0,0,1,0,0,0,0,0,0,0,0
166,17,7,0,0,0,0,0,0,0,0,0,0,0,0,0,1,0,0,0,0,0,0,0
167,17,6,0,0,0,0,0,0,0,0,0,0,0,0,0,1,0,0,0,0,0,0,0
168,17,3,0,0,0,0,0,0,0,0,0,0,0,0,0,1,0,0,0,0,0,0,0
169,17,4,0,0,0,0,0,0,0,0,0,0,0,0,0,1,0,0,0,0,0,0,0
170,17,5,0,0,0,0,0,0,0,0,0,0,0,0,0,1,0,0,0,0,0,0,0
171,17,14,0,0,0,0,1,0,0,0,0,0,0,0,0,0,0,0,0,0,0,0,0
172,17,5,0,0,0,0,0,0,0,0,0,0,0,0,0,1,0,0,0,0,0,0,0
173,17,14,0,0,0,0,1,0,0,0,0,0,0,0,0,0,0,0,0,0,0,0,0
174,17,4,1,0,1,0,1,1,1,0,0,0,0,0,1,1,0,0,0,0,0,0,0
175,17,6,1,0,1,1,1,0,1,0,0,0,0,0,0,1,0,0,0,0,0,0,0
176,17,5,0,0,1,1,0,1,1,0,0,0,0,0,1,1,0,0,0,0,0,0,0
177,17,1,0,0,0,0,1,0,0,0,0,0,0,0,0,0,0,0,0,0,0,0,0
178,17,5,1,0,0,0,0,0,0,0,0,0,0,0,0,0,0,0,0,0,0,0,0
179,17,1,0,0,0,0,1,0,0,0,0,0,0,0,0,0,0,0,0,0,0,0,0
180,18,6,1,0,0,0,0,0,1,0,0,0,0,0,0,0,0,0,0,0,0,0,0
181,18,6,0,0,0,0,0,0,1,0,0,0,0,0,0,0,0,0,0,0,0,0,0
182,18,6,1,0,0,0,0,0,0,0,0,0,0,0,0,0,0,0,0,0,0,0,0
183,18,1,0,0,0,0,0,1,0,0,0,0,0,0,0,0,0,0,0,0,0,0,0
184,18,6,1,0,0,0,0,0,0,0,0,0,0,0,0,0,0,0,0,0,0,0,0
185,18,6,1,0,0,0,0,0,0,0,0,0,0,0,0,0,0,0,0,0,0,0,0
186,19,1,0,0,1,0,0,0,0,0,0,0,0,0,0,0,0,0,0,0,0,0,0
187,19,3,1,0,0,0,0,0,0,0,0,0,0,0,0,0,0,0,0,0,0,0,0
188,19,1,0,0,1,0,0,0,0,0,0,0,0,0,0,0,0,0,0,0,0,0,0
189,19,3,1,0,0,0,0,0,0,0,0,0,0,0,0,0,0,0,0,0,0,0,0
190,19,13,0,0,0,0,0,0,1,0,0,0,0,0,0,0,0,0,0,0,0,0,0
191,19,13,1,0,0,0,0,0,0,0,0,0,0,0,0,0,0,0,0,0,0,0,0
192,19,3,1,0,0,0,0,0,1,0,0,0,0,0,0,0,0,0,0,0,0,0,0
193,19,13,1,0,1,0,0,0,1,0,0,0,0,0,0,0,0,0,0,0,0,0,0
194,19,4,1,0,0,0,0,0,0,0,0,0,0,0,0,0,0,0,0,0,0,0,0
195,19,15,0,0,0,1,0,0,0,0,0,0,0,0,0,0,0,0,0,0,0,0,0
196,19,15,1,0,0,0,0,0,0,0,0,0,0,0,0,0,0,0,0,0,0,0,0
197,19,1,0,0,0,0,0,0,0,0,0,0,0,0,0,0,1,0,0,0,0,0,0
198,19,4,1,0,0,0,0,0,0,0,0,0,0,0,0,0,0,0,0,0,0,0,0
199,19,15,1,0,0,0,0,0,0,0,0,0,0,0,0,0,0,0,0,0,0,0,0
200,19,16,1,0,0,0,0,0,0,0,0,0,0,0,0,0,0,0,0,0,0,0,0
201,19,15,1,0,0,0,0,0,0,0,0,0,0,0,0,0,0,0,0,0,0,0,0
202,19,17,1,0,0,0,0,0,0,0,0,0,0,0,0,0,0,0,0,0,0,0,0
203,19,15,1,0,0,0,0,0,0,0,0,0,0,0,0,0,0,0,0,0,0,0,0
204,19,3,1,0,0,0,0,0,1,0,0,0,0,0,0,0,1,1,1,0,0,0,0
205,19,15,1,0,0,0,0,0,0,0,0,0,0,0,0,0,0,0,0,0,0,0,0
206,20,3,1,0,0,0,0,0,1,0,0,0,0,0,0,0,1,1,1,0,0,0,0
207,20,18,1,0,0,0,0,0,0,0,0,0,0,0,0,0,0,0,0,0,0,0,0
208,20,3,1,0,0,0,0,0,0,0,0,0,0,0,0,0,0,0,0,0,0,0,0
209,20,3,0,0,0,0,0,0,0,0,0,0,0,0,0,0,0,0,0,1,0,0,0
210,20,18,1,0,0,0,0,0,0,0,0,0,0,0,0,0,0,0,0,0,0,0,0
211,21,18,1,0,0,0,0,0,0,0,0,0,0,0,0,0,0,0,0,0,0,0,0
212,21,7,0,0,0,0,0,0,0,0,0,0,0,0,0,0,0,0,0,1,0,0,0
213,21,18,0,0,0,0,0,0,1,0,0,0,0,0,0,0,0,0,0,0,0,0,0
214,21,7,0,0,0,0,0,0,0,0,0,0,0,0,0,0,0,0,0,1,0,0,0
215,21,18,0,0,0,0,0,0,1,0,0,0,0,0,0,0,0,0,0,0,0,0,0
216,21,18,1,0,0,0,0,0,0,0,0,0,0,0,0,0,0,0,0,0,0,0,0
217,21,1,0,0,0,0,0,0,0,0,0,0,0,0,0,0,1,0,0,0,0,0,0
218,21,15,1,0,0,0,0,0,0,0,0,0,0,0,0,0,0,0,0,0,0,0,0
219,21,21,1,0,0,0,0,0,0,0,0,0,0,0,0,0,0,0,0,0,0,0,0
220,21,1,0,0,0,0,0,0,0,0,0,0,0,0,0,0,0,0,0,0,0,0,1
221,22,19,0,0,0,0,0,0,0,1,0,0,0,0,0,0,0,0,0,0,0,0,0
222,22,8,0,0,0,0,0,0,0,0,0,0,0,0,0,0,0,0,0,0,1,0,0
223,22,19,0,0,0,0,0,0,0,1,0,0,0,0,0,0,0,0,0,0,0,0,0
224,22,19,0,0,0,0,0,0,0,1,0,0,0,0,0,0,0,0,0,0,0,0,0
225,22,8,0,0,0,0,0,0,0,0,0,0,0,0,0,0,0,0,0,0,1,0,0
226,22,9,0,0,0,0,0,0,0,1,0,0,0,0,0,0,0,0,0,0,0,0,0
227,22,8,0,0,0,0,0,0,0,0,1,0,0,0,0,0,0,0,0,0,1,0,0
228,23,7,1,0,0,0,0,0,0,0,0,0,0,0,0,0,0,0,0,0,0,0,0
229,23,15,1,0,0,0,0,0,0,0,0,0,0,0,0,0,0,0,0,0,0,0,0
230,23,3,1,0,0,0,0,0,1,0,0,0,0,0,0,0,1,1,1,1,0,0,0
231,23,7,0,0,1,0,0,0,0,0,0,0,0,0,0,0,0,0,0,0,0,0,0
232,23,3,1,0,0,0,0,0,1,0,0,0,0,0,0,0,1,1,1,1,0,0,0
233,23,18,0,0,1,0,0,0,0,0,0,0,0,0,0,0,0,0,0,0,0,0,0
234,23,18,1,0,1,0,0,0,1,0,0,0,0,0,0,0,1,1,1,0,0,0,0
235,23,7,1,0,0,0,0,0,0,0,0,0,0,0,0,0,0,0,0,0,0,0,0
236,23,7,1,0,0,0,0,0,0,0,0,0,0,0,0,0,0,0,0,0,0,0,0
237,23,3,1,0,0,0,0,0,0,0,0,0,0,0,0,0,0,0,0,0,0,0,0
238,23,3,1,0,0,0,0,0,0,0,0,0,0,0,0,0,0,0,0,0,0,0,0
239,23,3,1,0,0,0,0,0,0,0,0,0,0,0,0,0,0,0,0,0,0,0,0
240,23,7,1,0,0,0,0,0,0,0,0,0,0,0,0,0,0,0,0,0,0,0,0
241,23,1,0,0,0,0,0,0,1,0,0,0,0,0,0,0,0,0,0,0,0,0,0
242,23,1,0,0,0,0,0,0,1,0,0,0,0,0,0,0,0,0,0,0,0,0,0
243,23,1,0,0,0,0,0,0,1,0,0,0,0,0,0,0,0,0,0,0,0,0,0
244,23,1,0,0,1,0,0,0,0,0,0,0,0,0,0,0,1,0,0,1,0,0,0
245,23,15,1,0,0,0,0,0,0,0,0,0,0,0,0,0,0,0,0,0,0,0,0
246,23,15,1,0,0,0,0,0,0,0,0,0,0,0,0,0,0,0,0,0,0,0,0
247,24,5,1,0,0,0,0,0,0,0,0,0,0,0,0,0,0,0,0,0,0,0,0
248,24,1,0,0,0,0,1,0,0,0,0,0,0,0,0,0,0,0,0,0,0,0,0
249,24,5,1,0,0,0,0,0,0,0,0,0,0,0,0,0,0,0,0,0,0,0,0
250,24,2,1,0,0,0,0,0,0,0,0,0,0,0,0,0,0,0,0,0,0,0,0
251,24,1,0,1,0,0,0,0,0,0,0,0,0,0,0,0,0,0,0,0,0,0,0
252,25,7,1,0,0,0,0,0,0,0,0,0,0,0,0,0,0,0,0,0,0,0,0
253,25,1,0,0,0,0,0,0,1,0,0,0,0,0,0,0,0,0,0,0,0,0,0
254,25,7,1,0,0,0,0,0,0,0,0,0,0,0,0,0,0,0,0,0,0,0,0
255,26,1,0,0,0,0,0,0,1,0,0,0,0,0,0,0,0,0,0,0,0,0,0
256,26,7,1,0,0,0,0,0,0,0,0,0,0,0,0,0,0,0,0,0,0,0,0
257,27,7,1,0,0,0,0,0,0,0,0,0,0,0,0,0,0,0,0,0,0,0,0
258,28,7,1,0,0,0,0,0,0,0,0,0,0,0,0,0,0,0,0,0,0,0,0
259,28,1,0,0,0,0,0,0,1,0,0,0,0,0,0,0,0,0,0,0,0,0,0
260,28,11,0,0,0,0,0,0,0,0,0,0,0,1,0,0,0,0,0,0,0,0,0
261,28,12,0,0,0,0,0,0,0,0,0,0,1,0,0,0,0,0,0,0,0,0,0
262,28,11,0,0,0,0,0,0,0,0,0,0,0,1,0,0,0,0,0,0,0,0,0
263,28,12,0,0,0,0,0,0,0,0,0,0,1,0,0,0,0,0,0,0,0,0,0
264,28,11,0,0,0,0,0,0,0,0,0,0,0,1,0,0,0,0,0,0,0,0,0
265,28,12,0,0,0,0,0,0,0,0,0,0,1,0,0,0,0,0,0,0,0,0,0
266,28,7,1,0,0,0,0,0,0,0,0,0,0,0,0,0,0,0,0,0,0,0,0
267,28,11,0,0,0,0,0,0,0,0,0,0,0,1,0,0,0,0,0,0,0,0,0
268,28,1,0,0,0,0,0,0,1,0,0,0,0,0,0,0,0,0,0,0,0,0,0
269,28,7,1,0,0,0,0,0,0,0,0,0,0,0,0,0,0,0,0,0,0,0,0
270,28,1,0,0,0,0,0,0,1,0,0,0,0,0,0,0,0,0,0,0,0,0,0
271,28,7,1,0,0,0,0,0,0,0,0,0,0,0,0,0,0,0,0,0,0,0,0
272,28,1,0,0,0,0,0,0,1,0,0,0,0,0,0,0,0,0,0,0,0,0,0
273,28,7,1,0,0,0,0,0,0,0,0,0,0,0,0,0,0,0,0,0,0,0,0
274,28,1,0,0,0,0,0,0,1,0,0,0,0,0,0,0,0,0,0,0,0,0,0
275,28,7,1,0,0,0,0,0,0,0,0,0,0,0,0,0,0,0,0,0,0,0,0
276,28,1,0,0,0,0,0,0,1,0,0,0,0,0,0,0,0,0,0,0,0,0,0
277,29,15,1,0,0,0,0,0,0,0,0,0,0,0,0,0,0,0,0,0,0,0,0
278,29,15,1,0,0,0,0,0,0,0,0,0,0,0,0,0,0,1,1,0,0,0,0
279,29,15,1,0,0,0,0,0,0,0,0,0,0,0,0,0,0,0,0,0,0,0,0
280,29,7,1,0,0,0,0,0,0,0,0,0,0,0,0,0,0,0,0,0,0,0,0
281,29,7,1,0,0,0,0,0,0,0,0,0,0,0,0,0,1,0,0,0,0,0,0
282,29,15,0,0,0,0,0,0,1,0,0,0,0,0,0,0,0,0,0,0,0,0,0
283,30,7,1,0,0,0,0,0,0,0,0,0,0,0,0,0,0,0,0,0,0,0,0
284,30,1,0,0,0,0,0,0,1,0,0,0,0,0,0,0,0,0,0,0,0,0,0
285,30,7,1,0,0,0,0,0,0,0,0,0,0,0,0,0,0,0,0,0,0,0,0
286,30,7,1,0,0,0,0,0,0,0,0,0,0,0,0,0,0,0,0,0,0,0,0
287,30,1,0,0,0,0,0,0,1,0,0,0,0,0,0,0,0,0,0,0,0,0,0
288,30,7,1,0,0,0,0,0,0,0,0,0,0,0,0,0,0,0,0,0,0,0,0
289,30,7,1,0,0,0,0,0,0,0,0,0,0,0,0,0,0,0,0,0,0,0,0
290,31,15,0,0,0,0,0,0,0,0,0,0,0,0,0,0,0,1,0,0,0,0,0
291,31,7,0,0,0,0,0,0,0,0,0,0,0,0,0,0,1,1,1,0,0,0,0
292,32,4,0,0,0,0,1,1,0,0,0,0,0,0,0,1,0,0,0,0,0,0,0
293,32,14,0,0,0,1,0,0,0,0,0,0,0,0,0,0,0,0,0,0,0,0,0
294,32,4,0,0,0,0,1,1,0,0,0,0,0,0,0,1,0,0,0,0,0,0,0
295,32,5,0,0,0,0,0,1,0,0,0,0,0,0,0,0,0,0,0,0,0,0,0
296,32,6,0,0,0,0,1,0,0,0,0,0,0,0,0,0,0,0,0,0,0,0,0
297,33,8,0,0,0,0,0,0,0,0,1,0,0,0,0,0,0,0,0,0,0,0,0
298,34,3,1,0,0,0,0,0,0,0,0,0,0,0,0,0,0,0,0,0,0,0,0
299,35,5,0,0,0,1,0,0,0,0,0,0,0,0,0,0,0,0,0,0,0,0,0
300,35,4,0,0,0,0,1,0,0,0,0,0,0,0,0,0,0,0,0,0,0,0,0
301,35,5,0,0,0,1,0,0,0,0,0,0,0,0,0,0,0,0,0,0,0,0,0
302,35,11,0,0,0,0,0,0,0,0,0,0,0,1,0,0,0,0,0,0,0,0,0
303,35,12,0,0,0,0,0,0,0,0,0,0,1,0,0,0,0,0,0,0,0,0,0
304,35,14,1,0,1,1,1,1,1,0,0,0,0,0,0,0,0,0,0,0,0,0,0
305,35,3,1,0,0,1,1,1,1,0,0,0,0,0,0,1,0,0,0,0,0,0,0
306,35,1,0,0,1,1,1,1,1,0,0,0,0,0,0,1,0,0,0,0,0,0,0
307,35,5,0,0,0,1,0,0,0,0,0,0,0,0,0,0,0,0,0,0,0,0,0
308,35,4,0,0,0,0,1,0,0,0,0,0,0,0,0,0,0,0,0,0,0,0,0
309,36,1,0,0,0,0,0,0,0,0,0,1,0,0,0,0,0,0,0,0,0,0,0
310,36,10,1,0,0,0,0,0,0,0,0,0,0,0,0,0,0,0,0,0,0,0,0
311,36,1,0,0,0,0,0,0,0,0,0,1,0,0,0,0,0,0,0,0,0,0,0
312,37,1,0,0,0,0,0,0,0,0,0,1,0,0,0,0,0,0,0,0,0,0,0
313,37,10,1,0,0,0,0,0,0,0,0,0,0,0,0,0,0,0,0,0,0,0,0
314,37,1,0,0,0,0,0,0,0,0,0,1,0,0,0,0,0,0,0,0,0,0,0
315,37,1,0,0,0,0,0,0,0,0,0,1,0,0,0,0,0,0,0,0,0,0,0
316,38,5,0,0,1,0,0,0,0,0,0,0,0,0,0,0,0,0,0,0,0,0,0
317,38,3,0,0,0,0,1,0,0,0,0,0,0,0,0,0,0,0,0,0,0,0,0
318,38,5,0,0,1,0,0,0,0,0,0,0,0,0,0,0,0,0,0,0,0,0,0
319,38,3,0,0,0,0,1,0,0,0,0,0,0,0,0,0,0,0,0,0,0,0,0
320,38,4,0,0,0,0,1,0,0,0,0,0,0,0,0,0,0,0,0,0,0,0,0
321,38,5,0,0,0,1,0,0,0,0,0,0,0,0,0,0,0,0,0,0,0,0,0
322,38,4,0,0,0,0,1,0,0,0,0,0,0,0,0,0,0,0,0,0,0,0,0
323,38,5,0,0,0,1,0,0,0,0,0,0,0,0,0,0,0,0,0,0,0,0,0
324,38,5,0,0,0,1,0,0,0,0,0,0,0,0,0,0,0,0,0,0,0,0,0
325,39,1,0,0,0,0,0,0,0,0,0,1,0,0,0,0,0,0,0,0,0,0,0
326,39,10,1,0,0,0,0,0,0,0,0,0,0,0,0,0,0,0,0,0,0,0,0
327,39,1,0,0,0,0,0,0,0,0,0,1,0,0,0,0,0,0,0,0,0,0,0
328,40,1,0,1,0,0,0,0,0,0,0,0,0,0,0,0,0,0,0,0,0,0,0
329,40,2,1,0,0,0,0,0,0,0,0,0,0,0,0,0,0,0,0,0,0,0,0
330,40,1,0,1,0,0,0,0,0,0,0,0,0,0,0,0,0,0,0,0,0,0,0
331,40,2,1,0,0,0,0,0,0,0,0,0,0,0,0,0,0,0,0,0,0,0,0
332,40,1,0,1,0,0,0,0,0,0,0,0,0,0,0,0,0,0,0,0,0,0,0
333,40,2,1,0,0,0,0,0,0,0,0,0,0,0,0,0,0,0,0,0,0,0,0
334,41,3,1,0,0,0,0,0,0,0,0,0,0,0,0,0,0,0,0,0,0,0,0
335,41,5,1,0,0,0,0,0,0,0,0,0,0,0,0,0,0,0,0,0,0,0,0
336,41,1,0,0,0,0,1,0,0,0,0,0,0,0,0,0,0,0,0,0,0,0,0
337,41,5,1,0,0,0,0,0,0,0,0,0,0,0,0,0,0,0,0,0,0,0,0
338,41,1,0,0,0,0,1,0,0,0,0,0,0,0,0,0,0,0,0,0,0,0,0
339,41,5,1,0,0,0,0,0,0,0,0,0,0,0,0,0,0,0,0,0,0,0,0
340,41,1,0,0,0,0,1,0,0,0,0,0,0,0,0,0,0,0,0,0,0,0,0
341,41,5,1,0,0,0,0,0,0,0,0,0,0,0,0,0,0,0,0,0,0,0,0
342,41,1,0,0,0,0,1,0,0,0,0,0,0,0,0,0,0,0,0,0,0,0,0
343,42,13,1,0,0,0,0,0,0,0,0,0,0,0,0,0,0,0,0,0,0,0,0
344,42,13,1,0,0,0,0,0,0,0,0,0,0,0,0,0,0,0,0,0,0,0,0
345,42,13,1,0,0,0,0,0,0,0,0,0,0,0,0,0,0,0,0,0,0,0,0
346,42,7,1,0,0,0,0,0,0,0,0,0,0,0,0,0,0,0,0,0,0,0,0
347,42,1,0,0,0,0,0,0,1,0,0,0,0,0,0,0,0,0,0,0,0,0,0
348,42,15,1,0,0,0,0,0,0,0,0,0,0,0,0,0,0,0,0,0,0,0,0
349,42,15,1,0,0,0,0,0,0,0,0,0,0,0,0,0,0,0,0,0,0,0,0
350,42,1,0,0,0,0,0,0,0,0,0,0,0,0,0,0,1,0,0,0,0,0,0
351,42,15,1,0,0,0,0,0,0,0,0,0,0,0,0,0,0,0,0,0,0,0,0
352,42,1,0,0,0,0,0,0,0,0,0,0,0,0,0,0,1,0,0,0,0,0,0
353,42,15,1,0,0,0,0,0,0,0,0,0,0,0,0,0,0,0,0,0,0,0,0
354,42,7,1,0,0,0,0,0,0,0,0,0,0,0,0,0,0,0,0,0,0,0,0
355,42,1,0,0,0,0,0,0,1,0,0,0,0,0,0,0,1,0,0,0,0,0,0
356,42,15,1,0,0,0,0,0,0,0,0,0,0,0,0,0,0,0,0,0,0,0,0
357,42,1,0,0,0,0,0,0,0,0,0,0,0,0,0,0,1,0,0,0,0,0,0
358,42,14,1,0,0,0,0,0,0,0,0,0,0,0,0,0,0,0,0,0,0,0,0
359,42,1,0,0,0,0,0,0,0,0,0,0,0,0,0,1,0,0,0,0,0,0,0
360,42,15,1,0,0,0,0,0,0,0,0,0,0,0,0,0,0,0,0,0,0,0,0
361,42,1,0,0,0,0,0,0,0,0,0,0,0,0,0,0,1,0,0,0,0,0,0
362,42,3,0,0,0,0,0,0,0,0,0,0,0,0,0,0,1,0,0,0,0,0,0
363,43,14,1,0,0,0,0,0,0,0,0,0,0,0,0,0,0,0,0,0,0,0,0
364,43,1,0,0,0,0,0,0,0,0,0,0,0,0,0,1,0,0,0,0,0,0,0
365,43,14,1,0,0,0,0,0,0,0,0,0,0,0,0,0,0,0,0,0,0,0,0
366,43,1,0,0,0,0,0,0,0,0,0,0,0,0,0,1,0,0,0,0,0,0,0
367,43,14,1,0,0,0,0,0,0,0,0,0,0,0,0,0,0,0,0,0,0,0,0
368,43,1,0,0,0,0,0,0,0,0,0,0,0,0,0,1,0,0,0,0,0,0,0
369,43,14,1,0,0,0,0,0,0,0,0,0,0,0,0,0,0,0,0,0,0,0,0
370,43,1,0,0,0,0,0,0,0,0,0,0,0,0,0,1,0,0,0,0,0,0,0
371,43,14,1,0,0,0,0,0,0,0,0,0,0,0,0,0,0,0,0,0,0,0,0
372,43,1,0,0,0,0,0,0,0,0,0,0,0,0,0,1,0,0,0,0,0,0,0
373,43,14,1,0,0,0,0,0,0,0,0,0,0,0,0,0,0,0,0,0,0,0,0
374,43,1,0,0,0,0,0,0,0,0,0,0,0,0,0,1,0,0,0,0,0,0,0
375,44,15,0,1,0,0,0,0,0,0,0,0,0,0,0,0,0,0,0,0,0,0,0
376,44,2,0,0,0,0,0,0,0,0,0,0,0,0,0,0,1,0,0,0,0,0,0
377,44,15,0,1,0,0,0,0,0,0,0,0,0,0,0,0,0,0,0,0,0,0,0
378,44,15,0,0,0,0,0,0,0,0,0,0,0,0,0,0,0,0,1,0,0,0,0
379,44,15,0,1,0,0,0,0,0,0,0,0,0,0,0,0,0,0,0,0,0,0,0
380,44,2,0,0,0,0,0,0,0,0,0,0,0,0,0,0,1,0,0,0,0,0,0
381,44,15,0,1,0,0,0,0,0,0,0,0,0,0,0,0,0,0,0,0,0,0,0
382,45,1,0,0,0,0,0,0,0,0,0,0,0,0,0,1,0,0,0,0,0,0,0
383,45,14,1,0,0,0,0,0,0,0,0,0,0,0,0,0,0,0,0,0,0,0,0
384,45,5,1,0,0,0,0,0,0,0,0,0,0,0,0,0,0,0,0,0,0,0,0
385,45,6,1,0,0,0,0,0,0,0,0,0,0,0,0,0,0,0,0,0,0,0,0
386,45,4,1,0,0,0,0,0,0,0,0,0,0,0,0,0,0,0,0,0,0,0,0
387,45,6,1,0,0,0,0,0,0,0,0,0,0,0,0,0,0,0,0,0,0,0,0
388,46,3,0,0,0,0,0,0,1,0,0,0,0,0,0,0,0,0,0,0,0,0,0
389,47,3,0,0,0,0,0,0,1,0,0,0,0,0,0,0,0,0,0,0,0,0,0
390,48,6,0,0,0,0,1,0,0,0,0,0,0,0,0,0,0,0,0,0,0,0,0
391,48,1,0,0,0,1,1,1,0,0,0,0,0,0,0,0,0,0,0,0,0,0,0
392,48,4,0,0,0,0,1,1,0,0,0,0,0,0,0,0,0,0,0,0,0,0,0
393,48,5,0,0,0,0,0,1,0,0,0,0,0,0,0,0,0,0,0,0,0,0,0
394,48,14,0,0,0,1,1,1,0,0,0,0,0,0,0,0,0,0,0,0,0,0,0
395,48,6,1,0,0,0,0,0,0,0,0,0,0,0,0,0,0,0,0,0,0,0,0
396,48,14,1,0,0,0,0,0,0,0,0,0,0,0,0,0,0,0,0,0,0,0,0
397,48,5,0,0,0,1,0,0,0,0,0,0,0,0,0,0,0,0,0,0,0,0,0
398,48,4,0,0,0,0,1,0,0,0,0,0,0,0,0,0,0,0,0,0,0,0,0
399,48,1,0,0,0,0,0,0,0,1,0,0,0,0,0,0,0,0,0,0,0,0,0
400,48,8,1,0,0,0,0,0,0,0,0,0,0,0,0,0,0,0,0,0,0,0,0
401,48,1,0,0,0,0,0,0,0,1,0,0,0,0,0,0,0,0,0,0,0,0,0
402,48,8,1,0,0,0,0,0,0,0,0,0,0,0,0,0,0,0,0,0,0,0,0
403,48,6,0,0,1,0,0,0,0,0,0,0,0,0,0,0,0,0,0,0,0,0,0
404,48,3,0,0,0,0,0,0,1,0,0,0,0,0,0,0,0,0,0,0,0,0,0
405,48,1,0,0,0,0,0,0,0,1,0,0,0,0,0,0,0,0,0,0,0,0,0
406,48,8,1,0,0,0,0,0,0,0,0,0,0,0,0,0,0,0,0,0,0,0,0
407,48,1,0,0,0,0,0,0,0,1,0,0,0,0,0,0,0,0,0,0,0,0,0
408,48,8,1,0,0,0,0,0,0,0,0,0,0,0,0,0,0,0,0,0,0,0,0
409,48,1,0,0,0,0,0,0,0,1,0,0,0,0,0,0,0,0,0,0,0,0,0
410,48,8,1,0,0,0,0,0,0,0,0,0,0,0,0,0,0,0,0,0,0,0,0
411,48,1,0,0,0,0,0,0,0,0,0,0,0,0,0,1,0,0,0,0,0,0,0
412,48,14,1,0,0,0,0,0,0,0,0,0,0,0,0,0,0,0,0,0,0,0,0
413,48,1,0,0,0,0,0,0,0,0,0,0,0,0,0,1,0,0,0,0,0,0,0
414,48,4,1,0,0,0,0,0,0,0,0,0,0,0,0,0,0,0,0,0,0,0,0
415,48,1,0,0,0,0,0,0,0,0,0,0,0,0,0,1,0,0,0,0,0,0,0
416,48,14,1,0,0,0,0,0,0,0,0,0,0,0,0,0,0,0,0,0,0,0,0
417,48,1,0,0,0,0,0,0,0,0,0,0,0,0,0,1,0,0,0,0,0,0,0
418,48,14,1,0,0,0,0,0,0,0,0,0,0,0,0,0,0,0,0,0,0,0,0
419,48,1,0,0,0,0,0,0,0,0,0,0,0,0,0,1,0,0,0,0,0,0,0
420,49,5,1,0,0,0,0,0,0,0,0,0,0,0,0,0,0,0,0,0,0,0,0
421,49,5,1,0,0,0,0,0,0,0,0,0,0,0,0,0,0,0,0,0,0,0,0
422,49,5,1,0,0,0,0,0,0,0,0,0,0,0,0,0,0,0,0,0,0,0,0
423,50,14,1,1,0,0,0,0,0,0,0,0,0,0,0,0,0,0,0,0,0,0,0
424,51,20,0,1,0,0,0,0,0,0,0,0,0,0,0,0,0,0,0,0,0,0,0
425,51,2,0,0,0,0,0,0,0,0,0,0,0,0,0,0,0,0,0,0,0,1,0
426,51,1,0,0,0,0,0,0,1,0,0,0,0,0,0,0,0,0,0,0,0,0,0
427,51,1,0,0,0,0,0,0,1,0,0,0,0,0,0,0,0,0,0,0,0,0,0
428,51,7,1,0,0,0,0,0,0,0,0,0,0,0,0,0,0,0,0,0,0,0,0
429,51,7,1,0,0,0,0,0,0,0,0,0,0,0,0,0,0,0,0,0,0,0,0
430,51,1,0,0,0,0,0,0,1,0,0,0,0,0,0,0,0,0,0,0,0,0,0
431,51,1,0,0,1,0,0,0,0,0,0,0,0,0,0,0,0,0,0,0,0,0,0
432,52,1,0,0,0,0,0,0,0,0,0,0,0,1,0,0,0,0,0,0,0,0,0
433,52,14,0,0,0,0,0,0,0,0,0,0,0,1,0,0,0,0,0,0,0,0,0
434,53,3,1,0,0,0,0,0,0,0,0,0,0,0,0,0,0,0,0,0,0,0,0
435,53,3,1,0,0,0,0,0,0,0,0,0,0,0,0,0,0,0,0,0,0,0,0
436,54,4,1,0,0,0,0,0,0,0,0,0,0,0,0,0,0,0,0,0,0,0,0
437,54,6,1,0,0,0,0,0,0,0,0,0,0,0,0,0,0,0,0,0,0,0,0
438,54,10,0,0,0,0,0,1,0,0,0,0,0,0,0,0,0,0,0,0,0,0,0
439,54,6,0,0,0,0,0,0,0,0,0,1,0,0,0,0,0,0,0,0,0,0,0
440,54,14,1,0,0,0,0,0,0,0,0,0,0,0,0,0,0,0,0,0,0,0,0
441,54,10,0,0,0,0,0,1,0,0,0,0,0,0,0,0,0,0,0,0,0,0,0
442,54,6,1,0,0,0,0,0,0,0,0,1,0,0,0,0,0,0,0,0,0,0,0
443,54,4,1,0,0,0,0,0,0,0,0,0,0,0,0,0,0,0,0,0,0,0,0
