eventID,sceneID,speakerID,Diana (1),Hippolyta (2),Antiope (3),Menalippe (4),Steve Trevor (5),Artemis (6),Venelia (7),Philippus (8),Isabel Maru (9),General Ludendorff (10),Senator Acantha (11),Epione (12),Etta Candy (13),Sir Patrick (14),Col. Darnell (15),Field Marshall Haig (16),Sameer (17),Charlie (18),Von Hindenberg (19),The Chief (20)
1,1,1,0,1,0,0,0,0,0,0,0,0,0,0,0,0,0,0,0,0,0,0
2,2,2,1,0,0,0,0,0,0,0,0,0,0,0,0,0,0,0,0,0,0,0
3,2,1,0,1,0,0,0,0,0,0,0,0,0,0,0,0,0,0,0,0,0,0
4,2,2,1,0,0,0,0,0,0,0,0,0,0,0,0,0,0,0,0,0,0,0
5,2,3,0,1,0,0,0,0,0,0,0,0,0,0,0,0,0,0,0,0,0,0
6,2,3,0,1,0,0,0,0,0,0,0,0,0,0,0,0,0,0,0,0,0,0
7,2,2,0,0,1,0,0,0,0,0,0,0,0,0,0,0,0,0,0,0,0,0
8,2,3,0,1,0,0,0,0,0,0,0,0,0,0,0,0,0,0,0,0,0,0
9,2,2,0,0,1,0,0,0,0,0,0,0,0,0,0,0,0,0,0,0,0,0
10,2,3,0,1,0,0,0,0,0,0,0,0,0,0,0,0,0,0,0,0,0,0
11,2,2,0,0,1,0,0,0,0,0,0,0,0,0,0,0,0,0,0,0,0,0
12,2,1,0,1,0,0,0,0,0,0,0,0,0,0,0,0,0,0,0,0,0,0
13,2,2,1,0,0,0,0,0,0,0,0,0,0,0,0,0,0,0,0,0,0,0
14,3,1,0,1,0,0,0,0,0,0,0,0,0,0,0,0,0,0,0,0,0,0
15,3,2,1,0,0,0,0,0,0,0,0,0,0,0,0,0,0,0,0,0,0,0
16,3,1,0,1,0,0,0,0,0,0,0,0,0,0,0,0,0,0,0,0,0,0
17,3,2,1,0,0,0,0,0,0,0,0,0,0,0,0,0,0,0,0,0,0,0
18,3,1,0,1,0,0,0,0,0,0,0,0,0,0,0,0,0,0,0,0,0,0
19,3,2,1,0,0,0,0,0,0,0,0,0,0,0,0,0,0,0,0,0,0,0
20,3,1,0,1,0,0,0,0,0,0,0,0,0,0,0,0,0,0,0,0,0,0
21,3,2,1,0,0,0,0,0,0,0,0,0,0,0,0,0,0,0,0,0,0,0
22,3,1,0,1,0,0,0,0,0,0,0,0,0,0,0,0,0,0,0,0,0,0
23,3,2,1,0,0,0,0,0,0,0,0,0,0,0,0,0,0,0,0,0,0,0
24,3,2,1,0,0,0,0,0,0,0,0,0,0,0,0,0,0,0,0,0,0,0
25,4,3,1,0,0,0,0,0,0,0,0,0,0,0,0,0,0,0,0,0,0,0
26,5,2,1,0,0,0,0,0,0,0,0,0,0,0,0,0,0,0,0,0,0,0
27,5,1,0,1,0,0,0,0,0,0,0,0,0,0,0,0,0,0,0,0,0,0
28,5,2,1,0,0,0,0,0,0,0,0,0,0,0,0,0,0,0,0,0,0,0
29,6,2,1,0,0,0,0,0,0,0,0,0,0,0,0,0,0,0,0,0,0,0
30,7,1,0,1,0,0,0,0,0,0,0,0,0,0,0,0,0,0,0,0,0,0
31,7,2,1,0,0,0,0,0,0,0,0,0,0,0,0,0,0,0,0,0,0,0
32,8,3,1,0,0,0,0,0,0,0,0,0,0,0,0,0,0,0,0,0,0,0
33,8,1,0,0,1,0,0,0,0,0,0,0,0,0,0,0,0,0,0,0,0,0
34,8,3,1,0,0,0,0,0,0,0,0,0,0,0,0,0,0,0,0,0,0,0
35,8,1,0,0,1,0,0,0,0,0,0,0,0,0,0,0,0,0,0,0,0,0
36,8,3,1,0,0,0,0,0,0,0,0,0,0,0,0,0,0,0,0,0,0,0
37,8,2,1,0,0,0,0,0,0,0,0,0,0,0,0,0,0,0,0,0,0,0
38,8,2,1,0,0,0,0,0,0,0,0,0,0,0,0,0,0,0,0,0,0,0
39,8,1,0,1,0,0,0,0,0,0,0,0,0,0,0,0,0,0,0,0,0,0
40,8,2,1,0,0,0,0,0,0,0,0,0,0,0,0,0,0,0,0,0,0,0
41,8,2,0,0,1,0,0,0,0,0,0,0,0,0,0,0,0,0,0,0,0,0
42,8,1,0,1,0,0,0,0,0,0,0,0,0,0,0,0,0,0,0,0,0,0
43,8,2,1,0,0,0,0,0,0,0,0,0,0,0,0,0,0,0,0,0,0,0
44,8,3,0,1,0,0,0,0,0,0,0,0,0,0,0,0,0,0,0,0,0,0
45,8,2,0,0,1,0,0,0,0,0,0,0,0,0,0,0,0,0,0,0,0,0
46,8,3,0,1,0,0,0,0,0,0,0,0,0,0,0,0,0,0,0,0,0,0
47,8,2,0,0,1,0,0,0,0,0,0,0,0,0,0,0,0,0,0,0,0,0
48,8,3,0,1,0,0,0,0,0,0,0,0,0,0,0,0,0,0,0,0,0,0
49,8,2,0,0,1,0,0,0,0,0,0,0,0,0,0,0,0,0,0,0,0,0
50,9,3,1,0,0,0,0,0,0,0,0,0,0,0,0,0,0,0,0,0,0,0
51,9,3,1,0,0,0,0,0,0,0,0,0,0,0,0,0,0,0,0,0,0,0
52,9,4,0,0,1,0,0,0,0,0,0,0,0,0,0,0,0,0,0,0,0,0
53,9,1,0,0,1,0,0,0,0,0,0,0,0,0,0,0,0,0,0,0,0,0
54,9,3,1,0,0,0,0,0,0,0,0,0,0,0,0,0,0,0,0,0,0,0
55,9,1,0,0,1,0,0,0,0,0,0,0,0,0,0,0,0,0,0,0,0,0
56,10,5,1,0,0,0,0,0,0,0,0,0,0,0,0,0,0,0,0,0,0,0
57,10,1,0,0,0,0,1,0,0,0,0,0,0,0,0,0,0,0,0,0,0,0
58,10,5,1,0,0,0,0,0,0,0,0,0,0,0,0,0,0,0,0,0,0,0
59,10,5,1,0,0,0,0,0,0,0,0,0,0,0,0,0,0,0,0,0,0,0
60,10,1,0,0,0,0,1,0,0,0,0,0,0,0,0,0,0,0,0,0,0,0
61,10,5,1,0,0,0,0,0,0,0,0,0,0,0,0,0,0,0,0,0,0,0
62,10,1,0,0,0,0,1,0,0,0,0,0,0,0,0,0,0,0,0,0,0,0
63,10,5,1,0,0,0,0,0,0,0,0,0,0,0,0,0,0,0,0,0,0,0
64,10,1,0,0,0,0,1,0,0,0,0,0,0,0,0,0,0,0,0,0,0,0
65,10,5,1,0,0,0,0,0,0,0,0,0,0,0,0,0,0,0,0,0,0,0
66,10,1,0,0,0,0,1,0,0,0,0,0,0,0,0,0,0,0,0,0,0,0
67,10,2,1,0,0,0,0,0,0,0,0,0,0,0,0,0,0,0,0,0,0,0
68,10,2,0,0,0,0,1,0,0,0,0,0,0,0,0,0,0,0,0,0,0,0
69,10,2,0,0,1,1,0,1,1,1,0,0,1,1,0,0,0,0,0,0,0,0
70,10,5,1,0,0,0,0,0,0,0,0,0,0,0,0,0,0,0,0,0,0,0
71,10,2,0,0,1,1,0,1,1,1,0,0,1,1,0,0,0,0,0,0,0,0
72,10,5,1,0,0,0,0,0,0,0,0,0,0,0,0,0,0,0,0,0,0,0
73,10,5,1,0,0,0,0,0,0,0,0,0,0,0,0,0,0,0,0,0,0,0
74,10,1,0,0,1,0,0,0,0,0,0,0,0,0,0,0,0,0,0,0,0,0
75,10,3,1,0,0,0,0,0,0,0,0,0,0,0,0,0,0,0,0,0,0,0
76,10,1,0,0,1,0,0,0,0,0,0,0,0,0,0,0,0,0,0,0,0,0
77,10,3,1,0,0,0,0,0,0,0,0,0,0,0,0,0,0,0,0,0,0,0
78,10,1,0,0,1,0,0,0,0,0,0,0,0,0,0,0,0,0,0,0,0,0
79,10,3,1,0,0,0,0,0,0,0,0,0,0,0,0,0,0,0,0,0,0,0
80,10,1,0,0,1,0,0,0,0,0,0,0,0,0,0,0,0,0,0,0,0,0
81,10,1,0,1,0,0,0,0,0,0,0,0,0,0,0,0,0,0,0,0,0,0
82,10,4,0,0,0,0,1,0,0,0,0,0,0,0,0,0,0,0,0,0,0,0
83,10,5,0,0,0,1,0,0,0,0,0,0,0,0,0,0,0,0,0,0,0,0
84,10,4,0,0,0,0,1,0,0,0,0,0,0,0,0,0,0,0,0,0,0,0
85,10,5,0,0,0,1,0,0,0,0,0,0,0,0,0,0,0,0,0,0,0,0
86,10,6,0,0,0,0,1,0,0,0,0,0,0,0,0,0,0,0,0,0,0,0
87,10,4,0,0,0,0,1,0,0,0,0,0,0,0,0,0,0,0,0,0,0,0
88,10,5,0,0,0,1,0,0,0,0,0,0,0,0,0,0,0,0,0,0,0,0
89,10,7,0,1,0,0,0,0,0,0,0,0,0,0,0,0,0,0,0,0,0,0
90,10,8,0,0,0,0,0,0,1,0,0,0,0,0,0,0,0,0,0,0,0,0
91,11,5,1,1,0,1,0,1,1,1,0,0,1,1,0,0,0,0,0,0,0,0
92,11,5,1,1,0,1,0,1,1,1,0,0,1,1,0,0,0,0,0,0,0,0
93,11,1,0,0,0,0,1,0,0,0,0,0,0,0,0,0,0,0,0,0,0,0
94,11,5,1,0,0,0,0,0,0,0,0,0,0,0,0,0,0,0,0,0,0,0
95,11,4,0,0,0,0,1,0,0,0,0,0,0,0,0,0,0,0,0,0,0,0
96,11,2,0,0,0,0,1,0,0,0,0,0,0,0,0,0,0,0,0,0,0,0
97,11,5,1,1,0,1,0,1,1,1,0,0,1,1,0,0,0,0,0,0,0,0
98,11,2,0,0,0,0,1,0,0,0,0,0,0,0,0,0,0,0,0,0,0,0
99,11,5,1,1,0,1,0,1,1,1,0,0,1,1,0,0,0,0,0,0,0,0
100,11,5,1,1,0,1,0,1,1,1,0,0,1,1,0,0,0,0,0,0,0,0
101,11,9,0,0,0,0,0,0,0,0,0,1,0,0,0,0,0,0,0,0,0,0
102,11,10,0,0,0,0,0,0,0,0,1,0,0,0,0,0,0,0,0,0,0,0
103,11,9,0,0,0,0,0,0,0,0,0,1,0,0,0,0,0,0,0,0,0,0
104,11,5,1,1,0,1,0,1,1,1,0,0,1,1,0,0,0,0,0,0,0,0
105,11,1,0,0,0,0,1,0,0,0,0,0,0,0,0,0,0,0,0,0,0,0
106,11,5,1,0,0,0,0,0,0,0,0,0,0,0,0,0,0,0,0,0,0,0
107,11,5,1,1,0,1,0,1,1,1,0,0,1,1,0,0,0,0,0,0,0,0
108,12,8,0,1,0,0,0,0,0,0,0,0,0,0,0,0,0,0,0,0,0,0
109,12,2,0,0,0,0,0,0,0,1,0,0,0,0,0,0,0,0,0,0,0,0
110,12,4,0,1,0,0,0,0,0,0,0,0,0,0,0,0,0,0,0,0,0,0
111,12,1,0,1,0,0,0,0,0,0,0,0,0,0,0,0,0,0,0,0,0,0
112,12,11,1,0,0,0,0,0,0,0,0,0,0,0,0,0,0,0,0,0,0,0
113,12,1,0,0,0,0,0,0,0,0,0,0,1,0,0,0,0,0,0,0,0,0
114,12,1,0,1,0,1,0,1,1,1,0,0,1,1,0,0,0,0,0,0,0,0
115,12,2,1,0,0,0,0,0,0,0,0,0,0,0,0,0,0,0,0,0,0,0
116,12,1,0,1,0,0,0,0,0,0,0,0,0,0,0,0,0,0,0,0,0,0
117,12,2,1,0,0,0,0,0,0,0,0,0,0,0,0,0,0,0,0,0,0,0
118,12,1,0,1,0,0,0,0,0,0,0,0,0,0,0,0,0,0,0,0,0,0
119,12,2,1,0,0,0,0,0,0,0,0,0,0,0,0,0,0,0,0,0,0,0
120,13,12,1,0,0,0,0,0,0,0,0,0,0,0,0,0,0,0,0,0,0,0
121,13,1,0,0,0,0,0,0,0,0,0,0,0,1,0,0,0,0,0,0,0,0
122,13,12,1,0,0,0,0,0,0,0,0,0,0,0,0,0,0,0,0,0,0,0
123,14,5,1,0,0,0,0,0,0,0,0,0,0,0,0,0,0,0,0,0,0,0
124,14,1,0,0,0,0,1,0,0,0,0,0,0,0,0,0,0,0,0,0,0,0
125,14,5,1,0,0,0,0,0,0,0,0,0,0,0,0,0,0,0,0,0,0,0
126,14,1,0,0,0,0,1,0,0,0,0,0,0,0,0,0,0,0,0,0,0,0
127,14,5,1,0,0,0,0,0,0,0,0,0,0,0,0,0,0,0,0,0,0,0
128,14,1,0,0,0,0,1,0,0,0,0,0,0,0,0,0,0,0,0,0,0,0
129,14,5,1,0,0,0,0,0,0,0,0,0,0,0,0,0,0,0,0,0,0,0
130,14,1,0,0,0,0,1,0,0,0,0,0,0,0,0,0,0,0,0,0,0,0
131,14,5,1,0,0,0,0,0,0,0,0,0,0,0,0,0,0,0,0,0,0,0
132,14,1,0,0,0,0,1,0,0,0,0,0,0,0,0,0,0,0,0,0,0,0
133,14,5,1,0,0,0,0,0,0,0,0,0,0,0,0,0,0,0,0,0,0,0
134,14,5,1,0,0,0,0,0,0,0,0,0,0,0,0,0,0,0,0,0,0,0
135,14,1,0,0,0,0,1,0,0,0,0,0,0,0,0,0,0,0,0,0,0,0
136,14,5,1,0,0,0,0,0,0,0,0,0,0,0,0,0,0,0,0,0,0,0
137,14,1,0,0,0,0,1,0,0,0,0,0,0,0,0,0,0,0,0,0,0,0
138,14,5,1,0,0,0,0,0,0,0,0,0,0,0,0,0,0,0,0,0,0,0
139,14,5,1,0,0,0,0,0,0,0,0,0,0,0,0,0,0,0,0,0,0,0
140,14,1,0,0,0,0,1,0,0,0,0,0,0,0,0,0,0,0,0,0,0,0
141,14,5,1,0,0,0,0,0,0,0,0,0,0,0,0,0,0,0,0,0,0,0
142,14,1,0,0,0,0,1,0,0,0,0,0,0,0,0,0,0,0,0,0,0,0
143,14,5,1,0,0,0,0,0,0,0,0,0,0,0,0,0,0,0,0,0,0,0
144,14,1,0,0,0,0,1,0,0,0,0,0,0,0,0,0,0,0,0,0,0,0
145,14,5,1,0,0,0,0,0,0,0,0,0,0,0,0,0,0,0,0,0,0,0
146,14,1,0,0,0,0,1,0,0,0,0,0,0,0,0,0,0,0,0,0,0,0
147,14,5,1,0,0,0,0,0,0,0,0,0,0,0,0,0,0,0,0,0,0,0
148,15,5,1,0,0,0,0,0,0,0,0,0,0,0,0,0,0,0,0,0,0,0
149,15,1,0,0,0,0,1,0,0,0,0,0,0,0,0,0,0,0,0,0,0,0
150,15,5,1,0,0,0,0,0,0,0,0,0,0,0,0,0,0,0,0,0,0,0
151,16,5,1,0,0,0,0,0,0,0,0,0,0,0,0,0,0,0,0,0,0,0
152,16,1,0,0,0,0,1,0,0,0,0,0,0,0,0,0,0,0,0,0,0,0
153,16,5,1,0,0,0,0,0,0,0,0,0,0,0,0,0,0,0,0,0,0,0
154,16,1,0,0,0,0,1,0,0,0,0,0,0,0,0,0,0,0,0,0,0,0
155,16,5,1,0,0,0,0,0,0,0,0,0,0,0,0,0,0,0,0,0,0,0
156,16,1,0,1,0,0,0,0,0,0,0,0,0,0,0,0,0,0,0,0,0,0
157,16,2,1,0,0,0,0,0,0,0,0,0,0,0,0,0,0,0,0,0,0,0
158,16,2,1,0,0,0,0,0,0,0,0,0,0,0,0,0,0,0,0,0,0,0
159,16,1,0,1,0,0,0,0,0,0,0,0,0,0,0,0,0,0,0,0,0,0
160,16,2,1,0,0,0,0,0,0,0,0,0,0,0,0,0,0,0,0,0,0,0
161,16,1,0,1,0,0,0,0,0,0,0,0,0,0,0,0,0,0,0,0,0,0
162,16,2,1,0,0,0,0,0,0,0,0,0,0,0,0,0,0,0,0,0,0,0
163,16,1,0,1,0,0,0,0,0,0,0,0,0,0,0,0,0,0,0,0,0,0
164,16,2,1,0,0,0,0,0,0,0,0,0,0,0,0,0,0,0,0,0,0,0
165,16,2,1,0,0,0,0,0,0,0,0,0,0,0,0,0,0,0,0,0,0,0
166,17,4,0,1,0,0,0,0,0,0,0,0,0,0,0,0,0,0,0,0,0,0
167,17,2,0,0,0,1,0,0,0,0,0,0,0,0,0,0,0,0,0,0,0,0
168,18,1,0,0,0,0,1,0,0,0,0,0,0,0,0,0,0,0,0,0,0,0
169,18,5,1,0,0,0,0,0,0,0,0,0,0,0,0,0,0,0,0,0,0,0
170,18,1,0,0,0,0,1,0,0,0,0,0,0,0,0,0,0,0,0,0,0,0
171,18,5,1,0,0,0,0,0,0,0,0,0,0,0,0,0,0,0,0,0,0,0
172,18,1,0,0,0,0,1,0,0,0,0,0,0,0,0,0,0,0,0,0,0,0
173,18,5,1,0,0,0,0,0,0,0,0,0,0,0,0,0,0,0,0,0,0,0
174,18,1,0,0,0,0,1,0,0,0,0,0,0,0,0,0,0,0,0,0,0,0
175,18,5,1,0,0,0,0,0,0,0,0,0,0,0,0,0,0,0,0,0,0,0
176,18,1,0,0,0,0,1,0,0,0,0,0,0,0,0,0,0,0,0,0,0,0
177,19,1,0,0,0,0,1,0,0,0,0,0,0,0,0,0,0,0,0,0,0,0
178,19,5,1,0,0,0,0,0,0,0,0,0,0,0,0,0,0,0,0,0,0,0
179,19,1,0,0,0,0,1,0,0,0,0,0,0,0,0,0,0,0,0,0,0,0
180,19,5,1,0,0,0,0,0,0,0,0,0,0,0,0,0,0,0,0,0,0,0
181,19,1,0,0,0,0,1,0,0,0,0,0,0,0,0,0,0,0,0,0,0,0
182,19,5,1,0,0,0,0,0,0,0,0,0,0,0,0,0,0,0,0,0,0,0
183,19,1,0,0,0,0,1,0,0,0,0,0,0,0,0,0,0,0,0,0,0,0
184,19,5,1,0,0,0,0,0,0,0,0,0,0,0,0,0,0,0,0,0,0,0
185,19,1,0,0,0,0,1,0,0,0,0,0,0,0,0,0,0,0,0,0,0,0
186,19,5,1,0,0,0,0,0,0,0,0,0,0,0,0,0,0,0,0,0,0,0
187,19,1,0,0,0,0,1,0,0,0,0,0,0,0,0,0,0,0,0,0,0,0
188,19,5,1,0,0,0,0,0,0,0,0,0,0,0,0,0,0,0,0,0,0,0
189,19,1,0,0,0,0,1,0,0,0,0,0,0,0,0,0,0,0,0,0,0,0
190,19,5,1,0,0,0,0,0,0,0,0,0,0,0,0,0,0,0,0,0,0,0
191,19,1,0,0,0,0,1,0,0,0,0,0,0,0,0,0,0,0,0,0,0,0
192,19,5,1,0,0,0,0,0,0,0,0,0,0,0,0,0,0,0,0,0,0,0
193,19,1,0,0,0,0,1,0,0,0,0,0,0,0,0,0,0,0,0,0,0,0
194,19,5,1,0,0,0,0,0,0,0,0,0,0,0,0,0,0,0,0,0,0,0
195,19,1,0,0,0,0,1,0,0,0,0,0,0,0,0,0,0,0,0,0,0,0
196,19,5,1,0,0,0,0,0,0,0,0,0,0,0,0,0,0,0,0,0,0,0
197,19,1,0,0,0,0,1,0,0,0,0,0,0,0,0,0,0,0,0,0,0,0
198,19,5,1,0,0,0,0,0,0,0,0,0,0,0,0,0,0,0,0,0,0,0
199,19,5,1,0,0,0,0,0,0,0,0,0,0,0,0,0,0,0,0,0,0,0
200,19,1,0,0,0,0,1,0,0,0,0,0,0,0,0,0,0,0,0,0,0,0
201,19,5,1,0,0,0,0,0,0,0,0,0,0,0,0,0,0,0,0,0,0,0
202,19,1,0,0,0,0,1,0,0,0,0,0,0,0,0,0,0,0,0,0,0,0
203,19,5,1,0,0,0,0,0,0,0,0,0,0,0,0,0,0,0,0,0,0,0
204,19,1,0,0,0,0,1,0,0,0,0,0,0,0,0,0,0,0,0,0,0,0
205,19,5,1,0,0,0,0,0,0,0,0,0,0,0,0,0,0,0,0,0,0,0
206,19,1,0,0,0,0,1,0,0,0,0,0,0,0,0,0,0,0,0,0,0,0
207,19,5,1,0,0,0,0,0,0,0,0,0,0,0,0,0,0,0,0,0,0,0
208,19,5,1,0,0,0,0,0,0,0,0,0,0,0,0,0,0,0,0,0,0,0
209,19,1,0,0,0,0,1,0,0,0,0,0,0,0,0,0,0,0,0,0,0,0
210,19,5,1,0,0,0,0,0,0,0,0,0,0,0,0,0,0,0,0,0,0,0
211,19,1,0,0,0,0,1,0,0,0,0,0,0,0,0,0,0,0,0,0,0,0
212,19,5,1,0,0,0,0,0,0,0,0,0,0,0,0,0,0,0,0,0,0,0
213,19,1,0,0,0,0,1,0,0,0,0,0,0,0,0,0,0,0,0,0,0,0
214,19,5,1,0,0,0,0,0,0,0,0,0,0,0,0,0,0,0,0,0,0,0
215,19,1,0,0,0,0,1,0,0,0,0,0,0,0,0,0,0,0,0,0,0,0
216,19,5,1,0,0,0,0,0,0,0,0,0,0,0,0,0,0,0,0,0,0,0
217,20,10,0,0,0,0,0,0,0,0,1,0,0,0,0,0,0,0,0,0,0,0
218,20,9,0,0,0,0,0,0,0,0,0,1,0,0,0,0,0,0,0,0,0,0
219,20,10,0,0,0,0,0,0,0,0,1,0,0,0,0,0,0,0,0,0,0,0
220,20,9,0,0,0,0,0,0,0,0,0,1,0,0,0,0,0,0,0,0,0,0
221,20,10,0,0,0,0,0,0,0,0,1,0,0,0,0,0,0,0,0,0,0,0
222,20,9,0,0,0,0,0,0,0,0,0,1,0,0,0,0,0,0,0,0,0,0
223,20,10,0,0,0,0,0,0,0,0,1,0,0,0,0,0,0,0,0,0,0,0
224,20,9,0,0,0,0,0,0,0,0,0,1,0,0,0,0,0,0,0,0,0,0
225,20,9,0,0,0,0,0,0,0,0,0,1,0,0,0,0,0,0,0,0,0,0
226,21,5,1,0,0,0,0,0,0,0,0,0,0,0,0,0,0,0,0,0,0,0
227,21,1,0,0,0,0,1,0,0,0,0,0,0,0,0,0,0,0,0,0,0,0
228,21,5,1,0,0,0,0,0,0,0,0,0,0,0,0,0,0,0,0,0,0,0
229,22,1,0,0,0,0,1,0,0,0,0,0,0,0,0,0,0,0,0,0,0,0
230,22,5,1,0,0,0,0,0,0,0,0,0,0,0,0,0,0,0,0,0,0,0
231,22,5,1,0,0,0,0,0,0,0,0,0,0,0,0,0,0,0,0,0,0,0
232,22,1,0,0,0,0,1,0,0,0,0,0,0,0,0,0,0,0,0,0,0,0
233,22,5,1,0,0,0,0,0,0,0,0,0,0,0,0,0,0,0,0,0,0,0
234,22,1,0,0,0,0,1,0,0,0,0,0,0,0,0,0,0,0,0,0,0,0
235,22,5,1,0,0,0,0,0,0,0,0,0,0,0,0,0,0,0,0,0,0,0
236,22,1,0,0,0,0,1,0,0,0,0,0,0,0,0,0,0,0,0,0,0,0
237,22,5,1,0,0,0,0,0,0,0,0,0,0,0,0,0,0,0,0,0,0,0
238,22,1,0,0,0,0,1,0,0,0,0,0,0,0,0,0,0,0,0,0,0,0
239,22,5,1,0,0,0,0,0,0,0,0,0,0,0,0,0,0,0,0,0,0,0
240,22,1,0,0,0,0,1,0,0,0,0,0,0,0,0,0,0,0,0,0,0,0
241,22,5,1,0,0,0,0,0,0,0,0,0,0,0,0,0,0,0,0,0,0,0
242,22,1,0,0,0,0,1,0,0,0,0,0,0,0,0,0,0,0,0,0,0,0
243,22,5,1,0,0,0,0,0,0,0,0,0,0,0,0,0,0,0,0,0,0,0
244,22,5,1,0,0,0,0,0,0,0,0,0,0,0,0,0,0,0,0,0,0,0
245,23,13,0,0,0,0,1,0,0,0,0,0,0,0,0,0,0,0,0,0,0,0
246,23,13,1,0,0,0,0,0,0,0,0,0,0,0,0,0,0,0,0,0,0,0
247,23,1,0,0,0,0,0,0,0,0,0,0,0,0,1,0,0,0,0,0,0,0
248,23,13,1,0,0,0,0,0,0,0,0,0,0,0,0,0,0,0,0,0,0,0
249,23,1,0,0,0,0,0,0,0,0,0,0,0,0,1,0,0,0,0,0,0,0
250,23,13,0,0,0,0,1,0,0,0,0,0,0,0,0,0,0,0,0,0,0,0
251,23,5,1,0,0,0,0,0,0,0,0,0,0,0,1,0,0,0,0,0,0,0
252,23,13,1,0,0,0,0,0,0,0,0,0,0,0,0,0,0,0,0,0,0,0
253,23,1,0,0,0,0,0,0,0,0,0,0,0,0,1,0,0,0,0,0,0,0
254,23,13,1,0,0,0,0,0,0,0,0,0,0,0,0,0,0,0,0,0,0,0
255,23,1,0,0,0,0,0,0,0,0,0,0,0,0,1,0,0,0,0,0,0,0
256,23,13,1,0,0,0,0,0,0,0,0,0,0,0,0,0,0,0,0,0,0,0
257,23,13,1,0,0,0,0,0,0,0,0,0,0,0,0,0,0,0,0,0,0,0
258,23,5,1,0,0,0,0,0,0,0,0,0,0,0,0,0,0,0,0,0,0,0
259,23,1,0,0,0,0,1,0,0,0,0,0,0,0,1,0,0,0,0,0,0,0
260,23,13,1,0,0,0,0,0,0,0,0,0,0,0,0,0,0,0,0,0,0,0
261,23,1,0,0,0,0,0,0,0,0,0,0,0,0,1,0,0,0,0,0,0,0
262,24,13,1,0,0,0,0,0,0,0,0,0,0,0,0,0,0,0,0,0,0,0
263,25,13,1,0,0,0,0,0,0,0,0,0,0,0,0,0,0,0,0,0,0,0
264,26,1,0,0,0,0,0,0,0,0,0,0,0,0,1,0,0,0,0,0,0,0
265,26,13,1,0,0,0,0,0,0,0,0,0,0,0,0,0,0,0,0,0,0,0
266,27,5,0,0,0,0,0,0,0,0,0,0,0,0,1,0,0,0,0,0,0,0
267,27,13,0,0,0,0,1,0,0,0,0,0,0,0,0,0,0,0,0,0,0,0
268,27,5,0,0,0,0,0,0,0,0,0,0,0,0,1,0,0,0,0,0,0,0
269,27,5,1,0,0,0,0,0,0,0,0,0,0,0,0,0,0,0,0,0,0,0
270,27,13,0,0,0,0,1,0,0,0,0,0,0,0,0,0,0,0,0,0,0,0
271,27,5,1,0,0,0,0,0,0,0,0,0,0,0,0,0,0,0,0,0,0,0
272,28,5,1,0,0,0,0,0,0,0,0,0,0,0,0,0,0,0,0,0,0,0
273,28,1,0,0,0,0,1,0,0,0,0,0,0,0,0,0,0,0,0,0,0,0
274,28,13,1,0,0,0,0,0,0,0,0,0,0,0,0,0,0,0,0,0,0,0
275,28,1,0,0,0,0,0,0,0,0,0,0,0,0,1,0,0,0,0,0,0,0
276,28,5,1,0,0,0,0,0,0,0,0,0,0,0,0,0,0,0,0,0,0,0
277,28,13,1,0,0,0,0,0,0,0,0,0,0,0,0,0,0,0,0,0,0,0
278,28,5,1,0,0,0,0,0,0,0,0,0,0,0,0,0,0,0,0,0,0,0
279,28,1,0,0,0,0,0,0,0,0,0,0,0,0,1,0,0,0,0,0,0,0
280,28,5,1,0,0,0,0,0,0,0,0,0,0,0,0,0,0,0,0,0,0,0
281,28,13,1,0,0,0,0,0,0,0,0,0,0,0,0,0,0,0,0,0,0,0
282,28,5,1,0,0,0,0,0,0,0,0,0,0,0,0,0,0,0,0,0,0,0
283,28,5,0,0,0,0,0,0,0,0,0,0,0,0,1,0,0,0,0,0,0,0
284,29,1,0,0,0,0,1,0,0,0,0,0,0,0,0,0,0,0,0,0,0,0
285,29,5,1,0,0,0,0,0,0,0,0,0,0,0,0,0,0,0,0,0,0,0
286,29,1,0,0,0,0,1,0,0,0,0,0,0,0,0,0,0,0,0,0,0,0
287,29,5,1,0,0,0,0,0,0,0,0,0,0,0,0,0,0,0,0,0,0,0
288,29,5,1,0,0,0,0,0,0,0,0,0,0,0,0,0,0,0,0,0,0,0
289,29,5,1,0,0,0,0,0,0,0,0,0,0,0,0,0,0,0,0,0,0,0
290,29,5,1,0,0,0,0,0,0,0,0,0,0,0,0,0,0,0,0,0,0,0
291,29,5,1,0,0,0,0,0,0,0,0,0,0,0,0,0,0,0,0,0,0,0
292,29,1,0,0,0,0,1,0,0,0,0,0,0,0,0,0,0,0,0,0,0,0
293,29,5,1,0,0,0,0,0,0,0,0,0,0,0,0,0,0,0,0,0,0,0
294,30,14,0,0,0,0,0,0,0,0,0,0,0,0,0,0,1,0,0,0,0,0
295,31,1,0,0,0,0,1,0,0,0,0,0,0,0,0,0,0,0,0,0,0,0
296,31,5,1,0,0,0,0,0,0,0,0,0,0,0,0,0,0,0,0,0,0,0
297,31,15,0,0,0,0,1,0,0,0,0,0,0,0,0,0,0,0,0,0,0,0
298,31,5,0,0,0,0,0,0,0,0,0,0,0,0,0,0,1,0,0,0,0,0
299,31,15,0,0,0,0,1,0,0,0,0,0,0,0,0,0,0,0,0,0,0,0
300,31,5,0,0,0,0,0,0,0,0,0,0,0,0,0,0,1,0,0,0,0,0
301,31,15,0,0,0,0,1,0,0,0,0,0,0,0,0,0,0,0,0,0,0,0
302,31,5,0,0,0,0,0,0,0,0,0,0,0,0,0,0,1,0,0,0,0,0
303,31,14,0,0,0,0,1,0,0,0,0,0,0,0,0,0,0,0,0,0,0,0
304,31,15,0,0,0,0,0,0,0,0,0,0,0,0,0,1,0,0,0,0,0,0
305,31,14,0,0,0,0,0,0,0,0,0,0,0,0,0,0,1,0,0,0,0,0
306,31,14,1,0,0,0,0,0,0,0,0,0,0,0,0,0,0,0,0,0,0,0
307,31,1,0,0,0,0,0,0,0,0,0,0,0,0,0,1,0,0,0,0,0,0
308,31,5,0,0,0,0,0,0,0,0,0,0,0,0,0,1,0,0,0,0,0,0
309,31,14,0,0,0,0,1,0,0,0,0,0,0,0,0,0,1,0,0,0,0,0
310,31,5,0,0,0,0,0,0,0,0,0,0,0,0,0,1,0,0,0,0,0,0
311,32,1,0,0,0,0,0,0,0,0,0,0,0,0,0,0,1,0,0,0,0,0
312,32,16,0,0,0,0,1,0,0,0,0,0,0,0,0,1,1,0,0,0,0,0
313,32,5,0,0,0,0,0,0,0,0,0,0,0,0,0,0,0,1,0,0,0,0
314,32,16,0,0,0,0,1,0,0,0,0,0,0,0,0,0,0,0,0,0,0,0
315,32,5,0,0,0,0,0,0,0,0,0,0,0,0,0,0,0,1,0,0,0,0
316,32,16,0,0,0,0,1,0,0,0,0,0,0,0,0,0,0,0,0,0,0,0
317,32,15,0,0,0,0,0,0,0,0,0,0,0,0,0,0,0,1,0,0,0,0
318,32,16,0,0,0,0,0,0,0,0,0,0,0,0,0,0,1,0,0,0,0,0
319,32,1,0,0,0,0,1,0,0,0,0,0,0,0,0,1,1,1,0,0,0,0
320,32,15,0,0,0,0,0,0,0,0,0,0,0,0,0,0,0,1,0,0,0,0
321,32,1,0,0,0,0,1,0,0,0,0,0,0,0,0,0,0,0,0,0,0,0
322,32,5,1,0,0,0,0,0,0,0,0,0,0,0,0,0,0,0,0,0,0,0
323,32,1,0,0,0,0,1,0,0,0,0,0,0,0,0,0,0,0,0,0,0,0
324,32,5,0,0,0,0,0,0,0,0,0,0,0,0,0,0,0,1,0,0,0,0
325,32,15,0,0,0,0,0,0,0,0,0,0,0,0,0,0,0,1,0,0,0,0
326,32,16,0,0,0,0,0,0,0,0,0,0,0,0,0,0,1,0,0,0,0,0
327,32,5,0,0,0,0,0,0,0,0,0,0,0,0,0,0,0,1,0,0,0,0
328,32,16,0,0,0,0,1,0,0,0,0,0,0,0,0,0,0,0,0,0,0,0
329,32,5,0,0,0,0,0,0,0,0,0,0,0,0,0,0,0,1,0,0,0,0
330,32,16,0,0,0,0,1,0,0,0,0,0,0,0,0,0,0,0,0,0,0,0
331,32,5,0,0,0,0,0,0,0,0,0,0,0,0,0,0,0,1,0,0,0,0
332,32,14,0,0,0,0,1,0,0,0,0,0,0,0,0,0,0,0,0,0,0,0
333,32,16,0,0,0,0,1,0,0,0,0,0,0,0,0,0,0,0,0,0,0,0
334,32,5,0,0,0,0,0,0,0,0,0,0,0,0,0,0,0,1,0,0,0,0
335,32,1,0,0,0,0,1,0,0,0,0,0,0,0,0,0,0,0,0,0,0,0
336,32,5,1,0,0,0,0,0,0,0,0,0,0,0,0,0,0,0,0,0,0,0
337,32,1,0,0,0,0,1,0,0,0,0,0,0,0,0,0,0,0,0,0,0,0
338,32,16,0,0,0,0,1,0,0,0,0,0,0,0,0,1,1,0,0,0,0,0
339,32,5,0,0,0,0,0,0,0,0,0,0,0,0,0,0,0,1,0,0,0,0
340,32,1,0,0,0,0,1,0,0,0,0,0,0,0,0,0,0,0,0,0,0,0
341,32,1,0,0,0,0,0,0,0,0,0,0,0,0,0,0,0,1,0,0,0,0
342,32,5,1,0,0,0,0,0,0,0,0,0,0,0,0,0,0,0,0,0,0,0
343,32,1,0,0,0,0,0,0,0,0,0,0,0,0,0,0,0,1,0,0,0,0
344,32,5,1,0,0,0,0,0,0,0,0,0,0,0,0,0,0,0,0,0,0,0
345,32,1,0,0,0,0,0,0,0,0,0,0,0,0,0,0,0,1,0,0,0,0
346,32,5,0,0,0,0,0,0,0,0,0,0,0,0,0,0,0,1,0,0,0,0
347,32,1,0,0,0,0,0,0,0,0,0,0,0,0,0,0,0,1,0,0,0,0
348,32,5,1,0,0,0,0,0,0,0,0,0,0,0,0,0,0,0,0,0,0,0
349,32,1,0,0,0,0,0,0,0,0,0,0,0,0,0,1,1,1,0,0,0,0
350,33,5,1,0,0,0,0,0,0,0,0,0,0,0,0,0,0,0,0,0,0,0
351,33,1,0,0,0,0,1,0,0,0,0,0,0,0,0,0,0,0,0,0,0,0
352,33,5,1,0,0,0,0,0,0,0,0,0,0,0,0,0,0,0,0,0,0,0
353,33,1,0,0,0,0,1,0,0,0,0,0,0,0,0,0,0,0,0,0,0,0
354,33,5,1,0,0,0,0,0,0,0,0,0,0,0,0,0,0,0,0,0,0,0
355,33,1,0,0,0,0,1,0,0,0,0,0,0,0,0,0,0,0,0,0,0,0
356,33,5,1,0,0,0,0,0,0,0,0,0,0,0,0,0,0,0,0,0,0,0
357,33,1,0,0,0,0,1,0,0,0,0,0,0,0,0,0,0,0,0,0,0,0
358,33,5,1,0,0,0,0,0,0,0,0,0,0,0,0,0,0,0,0,0,0,0
359,33,1,0,0,0,0,1,0,0,0,0,0,0,0,0,0,0,0,0,0,0,0
360,33,5,1,0,0,0,0,0,0,0,0,0,0,0,0,0,0,0,0,0,0,0
361,33,1,0,0,0,0,1,0,0,0,0,0,0,0,0,0,0,0,0,0,0,0
362,33,5,1,0,0,0,0,0,0,0,0,0,0,0,0,0,0,0,0,0,0,0
363,34,1,0,0,0,0,1,0,0,0,0,0,0,0,0,0,0,0,0,0,0,0
364,34,5,1,0,0,0,0,0,0,0,0,0,0,0,0,0,0,0,0,0,0,0
365,34,1,0,0,0,0,1,0,0,0,0,0,0,0,0,0,0,0,0,0,0,0
366,34,5,1,0,0,0,0,0,0,0,0,0,0,0,0,0,0,0,0,0,0,0
367,34,5,0,0,0,0,0,0,0,0,0,0,0,0,0,0,0,0,1,0,0,0
368,34,5,0,0,0,0,0,0,0,0,0,0,0,0,0,0,0,0,1,0,0,0
369,34,1,0,0,0,0,1,0,0,0,0,0,0,0,0,0,0,0,0,0,0,0
370,34,17,0,0,0,0,1,0,0,0,0,0,0,0,0,0,0,0,0,0,0,0
371,34,17,1,0,0,0,0,0,0,0,0,0,0,0,0,0,0,0,0,0,0,0
372,34,5,1,0,0,0,0,0,0,0,0,0,0,0,0,0,0,0,1,0,0,0
373,34,5,0,0,0,0,0,0,0,0,0,0,0,0,0,0,0,0,1,0,0,0
374,34,5,1,0,0,0,0,0,0,0,0,0,0,0,0,0,0,0,0,0,0,0
375,34,1,0,0,0,0,1,0,0,0,0,0,0,0,0,0,0,0,1,0,0,0
376,34,17,1,0,0,0,0,0,0,0,0,0,0,0,0,0,0,0,0,0,0,0
377,34,1,0,0,0,0,0,0,0,0,0,0,0,0,0,0,0,0,1,0,0,0
378,34,17,1,0,0,0,0,0,0,0,0,0,0,0,0,0,0,0,0,0,0,0
379,34,1,0,0,0,0,0,0,0,0,0,0,0,0,0,0,0,0,1,0,0,0
380,34,5,1,0,0,0,0,0,0,0,0,0,0,0,0,0,0,0,1,0,0,0
381,34,17,0,0,0,0,1,0,0,0,0,0,0,0,0,0,0,0,0,0,0,0
382,34,1,0,0,0,0,1,0,0,0,0,0,0,0,0,0,0,0,0,0,0,0
383,34,5,1,0,0,0,0,0,0,0,0,0,0,0,0,0,0,0,0,0,0,0
384,34,5,1,0,0,0,0,0,0,0,0,0,0,0,0,0,0,0,0,0,0,0
385,35,18,0,0,0,0,1,0,0,0,0,0,0,0,0,0,0,0,0,0,0,0
386,35,1,0,0,0,0,0,0,0,0,0,0,0,0,0,0,0,0,0,1,0,0
387,35,1,0,0,0,0,1,0,0,0,0,0,0,0,0,0,0,0,0,0,0,0
388,35,5,1,0,0,0,0,0,0,0,0,0,0,0,0,0,0,0,0,0,0,0
389,35,17,1,0,0,0,0,0,0,0,0,0,0,0,0,0,0,0,0,0,0,0
390,35,18,1,0,0,0,0,0,0,0,0,0,0,0,0,0,0,0,0,0,0,0
391,35,1,0,0,0,0,0,0,0,0,0,0,0,0,0,0,0,0,0,1,0,0
392,35,18,1,0,0,0,0,0,0,0,0,0,0,0,0,0,0,0,0,0,0,0
393,35,1,0,0,0,0,0,0,0,0,0,0,0,0,0,0,0,0,0,1,0,0
394,35,18,1,0,0,0,0,0,0,0,0,0,0,0,0,0,0,0,0,0,0,0
395,35,17,0,0,0,0,1,0,0,0,0,0,0,0,0,0,0,0,0,0,0,0
396,35,5,0,0,0,0,0,0,0,0,0,0,0,0,0,0,0,0,1,1,0,0
397,35,18,0,0,0,0,1,0,0,0,0,0,0,0,0,0,0,0,0,0,0,0
398,35,17,0,0,0,0,1,0,0,0,0,0,0,0,0,0,0,0,0,0,0,0
399,35,5,0,0,0,0,0,0,0,0,0,0,0,0,0,0,0,0,1,1,0,0
400,35,17,0,0,0,0,1,0,0,0,0,0,0,0,0,0,0,0,0,0,0,0
401,35,5,0,0,0,0,0,0,0,0,0,0,0,0,0,0,0,0,1,0,0,0
402,35,17,1,0,0,0,0,0,0,0,0,0,0,0,0,0,0,0,0,0,0,0
403,35,1,0,0,0,0,0,0,0,0,0,0,0,0,0,0,0,0,1,0,0,0
404,35,17,1,0,0,0,1,0,0,0,0,0,0,0,0,0,0,0,0,0,0,0
405,35,5,0,0,0,0,0,0,0,0,0,0,0,0,0,0,0,0,1,1,0,0
406,35,17,0,0,0,0,1,0,0,0,0,0,0,0,0,0,0,0,0,0,0,0
407,35,5,0,0,0,0,0,0,0,0,0,0,0,0,0,0,0,0,1,0,0,0
408,35,18,1,0,0,0,1,0,0,0,0,0,0,0,0,0,0,0,0,0,0,0
409,35,17,0,0,0,0,1,0,0,0,0,0,0,0,0,0,0,0,0,1,0,0
410,35,13,1,0,0,0,1,0,0,0,0,0,0,0,0,1,0,0,1,1,0,0
411,35,1,0,0,0,0,0,0,0,0,0,0,0,0,0,1,0,0,0,0,0,0
412,35,13,1,0,0,0,0,0,0,0,0,0,0,0,0,0,0,0,0,0,0,0
413,35,14,1,0,0,0,1,0,0,0,0,0,0,0,0,0,0,0,1,1,0,0
414,35,14,1,0,0,0,1,0,0,0,0,0,0,0,0,0,0,0,1,1,0,0
415,35,5,0,0,0,0,0,0,0,0,0,0,0,0,0,1,0,0,0,0,0,0
416,35,14,0,0,0,0,1,0,0,0,0,0,0,0,0,0,0,0,0,0,0,0
417,35,5,0,0,0,0,0,0,0,0,0,0,0,0,0,1,0,0,0,0,0,0
418,35,14,0,0,0,0,0,0,0,0,0,0,0,0,1,0,0,0,0,0,0,0
419,35,13,0,0,0,0,0,0,0,0,0,0,0,0,0,1,0,0,0,0,0,0
420,35,14,0,0,0,0,1,0,0,0,0,0,0,0,0,0,0,0,0,0,0,0
421,35,5,0,0,0,0,0,0,0,0,0,0,0,0,0,1,0,0,0,0,0,0
422,35,14,1,0,0,0,1,0,0,0,0,0,0,0,0,0,0,0,1,1,0,0
423,36,5,1,0,0,0,0,0,0,0,0,0,0,0,0,0,0,0,0,0,0,0
424,36,1,0,0,0,0,1,0,0,0,0,0,0,0,0,0,0,0,0,0,0,0
425,36,5,1,0,0,0,0,0,0,0,0,0,0,0,0,0,0,0,0,0,0,0
426,37,5,1,0,0,0,0,0,0,0,0,0,0,0,0,0,0,0,0,0,0,0
427,37,1,0,0,0,0,1,0,0,0,0,0,0,0,0,0,0,0,0,0,0,0
428,37,5,1,0,0,0,0,0,0,0,0,0,0,0,0,0,0,0,0,0,0,0
429,37,1,0,0,0,0,1,0,0,0,0,0,0,0,0,0,0,0,0,0,0,0
430,37,5,1,0,0,0,0,0,0,0,0,0,0,0,0,0,0,0,0,0,0,0
431,37,1,0,0,0,0,1,0,0,0,0,0,0,0,0,0,0,0,0,0,0,0
432,37,5,1,0,0,0,0,0,0,0,0,0,0,0,0,0,0,0,0,0,0,0
433,37,1,0,0,0,0,1,0,0,0,0,0,0,0,0,0,0,0,0,0,0,0
434,37,5,1,0,0,0,0,0,0,0,0,0,0,0,0,0,0,0,0,0,0,0
435,38,1,0,0,0,0,1,0,0,0,0,0,0,0,0,0,0,0,0,0,0,0
436,38,5,1,0,0,0,0,0,0,0,0,0,0,0,0,0,0,0,0,0,0,0
437,39,19,0,0,0,0,0,0,0,0,0,1,0,0,0,0,0,0,0,0,0,0
438,39,10,0,0,0,0,0,0,0,0,0,0,0,0,0,0,0,0,0,0,1,0
439,39,19,0,0,0,0,0,0,0,0,0,1,0,0,0,0,0,0,0,0,0,0
440,39,10,0,0,0,0,0,0,0,0,0,0,0,0,0,0,0,0,0,0,1,0
441,39,19,0,0,0,0,0,0,0,0,0,1,0,0,0,0,0,0,0,0,0,0
442,39,10,0,0,0,0,0,0,0,0,0,0,0,0,0,0,0,0,0,0,1,0
443,39,19,0,0,0,0,0,0,0,0,0,1,0,0,0,0,0,0,0,0,0,0
444,39,10,0,0,0,0,0,0,0,0,0,0,0,0,0,0,0,0,0,0,1,0
445,39,10,0,0,0,0,0,0,0,0,0,0,0,0,0,0,0,0,0,0,1,0
446,39,9,0,0,0,0,0,0,0,0,0,1,0,0,0,0,0,0,0,0,0,0
447,39,10,0,0,0,0,0,0,0,0,1,0,0,0,0,0,0,0,0,0,0,0
448,39,10,0,0,0,0,0,0,0,0,1,0,0,0,0,0,0,0,0,0,0,0
449,40,20,0,0,0,0,1,0,0,0,0,0,0,0,0,0,0,0,0,0,0,0
450,40,5,0,0,0,0,0,0,0,0,0,0,0,0,0,0,0,0,0,0,0,1
451,40,18,0,0,0,0,0,0,0,0,0,0,0,0,0,0,0,0,0,0,0,1
452,40,20,0,0,0,0,0,0,0,0,0,0,0,0,0,0,0,0,0,1,0,0
453,40,17,0,0,0,0,0,0,0,0,0,0,0,0,0,0,0,0,0,0,0,1
454,40,20,1,0,0,0,0,0,0,0,0,0,0,0,0,0,0,0,0,0,0,0
455,40,1,0,0,0,0,0,0,0,0,0,0,0,0,0,0,0,0,0,0,0,1
456,40,20,0,0,0,0,1,0,0,0,0,0,0,0,0,0,0,0,0,0,0,0
457,40,5,0,0,0,0,0,0,0,0,0,0,0,0,0,0,0,0,0,0,0,1
458,40,1,0,0,0,0,0,0,0,0,0,0,0,0,0,0,0,0,0,0,0,1
459,40,5,1,0,0,0,0,0,0,0,0,0,0,0,0,0,0,0,0,0,0,0
460,40,1,0,0,0,0,1,0,0,0,0,0,0,0,0,0,0,0,0,0,0,0
461,40,5,1,0,0,0,0,0,0,0,0,0,0,0,0,0,0,0,0,0,0,0
462,40,18,1,0,0,0,0,0,0,0,0,0,0,0,0,0,0,0,0,0,0,0
463,40,18,0,0,0,0,1,0,0,0,0,0,0,0,0,0,0,0,1,0,0,0
464,40,5,0,0,0,0,0,0,0,0,0,0,0,0,0,0,0,0,1,1,0,0
465,40,17,0,0,0,0,1,0,0,0,0,0,0,0,0,0,0,0,0,1,0,0
466,41,1,0,0,0,0,0,0,0,0,0,0,0,0,0,0,0,0,0,0,0,1
467,41,20,1,0,0,0,0,0,0,0,0,0,0,0,0,0,0,0,0,0,0,0
468,41,1,0,0,0,0,0,0,0,0,0,0,0,0,0,0,0,0,0,0,0,1
469,41,20,1,0,0,0,0,0,0,0,0,0,0,0,0,0,0,0,0,0,0,0
470,41,1,0,0,0,0,0,0,0,0,0,0,0,0,0,0,0,0,0,0,0,1
471,41,20,1,0,0,0,0,0,0,0,0,0,0,0,0,0,0,0,0,0,0,0
472,41,1,0,0,0,0,0,0,0,0,0,0,0,0,0,0,0,0,0,0,0,1
473,41,20,1,0,0,0,0,0,0,0,0,0,0,0,0,0,0,0,0,0,0,0
474,41,1,0,0,0,0,0,0,0,0,0,0,0,0,0,0,0,0,0,0,0,1
475,41,20,1,0,0,0,0,0,0,0,0,0,0,0,0,0,0,0,0,0,0,0
476,41,1,0,0,0,0,0,0,0,0,0,0,0,0,0,0,0,0,0,1,0,0
477,41,18,1,0,0,0,0,0,0,0,0,0,0,0,0,0,0,0,0,0,0,0
478,41,20,1,0,0,0,0,0,0,0,0,0,0,0,0,0,0,0,0,0,0,0
479,41,5,1,0,0,0,0,0,0,0,0,0,0,0,0,0,0,0,0,0,0,0
480,41,1,0,0,0,0,1,0,0,0,0,0,0,0,0,0,0,0,0,0,0,0
481,41,5,1,0,0,0,0,0,0,0,0,0,0,0,0,0,0,0,0,0,0,0
482,42,1,0,0,0,0,0,0,0,0,0,0,0,0,0,0,0,0,0,1,0,0
483,42,18,1,0,0,0,0,0,0,0,0,0,0,0,0,0,0,0,0,0,0,0
484,42,1,0,0,0,0,0,0,0,0,0,0,0,0,0,0,0,0,0,1,0,0
485,42,18,1,0,0,0,0,0,0,0,0,0,0,0,0,0,0,0,0,0,0,0
486,42,1,0,0,0,0,0,0,0,0,0,0,0,0,0,0,0,0,1,0,0,0
487,42,17,1,0,0,0,0,0,0,0,0,0,0,0,0,0,0,0,0,0,0,0
488,43,1,0,0,0,0,1,0,0,0,0,0,0,0,0,0,0,0,1,1,0,1
489,43,5,1,0,0,0,0,0,0,0,0,0,0,0,0,0,0,0,0,0,0,0
490,43,1,0,0,0,0,1,0,0,0,0,0,0,0,0,0,0,0,0,0,0,0
491,43,18,1,0,0,0,0,0,0,0,0,0,0,0,0,0,0,0,0,0,0,0
492,43,5,1,0,0,0,0,0,0,0,0,0,0,0,0,0,0,0,1,1,0,1
493,43,5,1,0,0,0,0,0,0,0,0,0,0,0,0,0,0,0,0,0,0,0
494,43,1,0,0,0,0,1,0,0,0,0,0,0,0,0,0,0,0,0,0,0,0
495,43,5,1,0,0,0,0,0,0,0,0,0,0,0,0,0,0,0,0,0,0,0
496,43,20,1,0,0,0,1,0,0,0,0,0,0,0,0,0,0,0,1,1,0,0
497,43,18,1,0,0,0,1,0,0,0,0,0,0,0,0,0,0,0,1,0,0,1
498,43,1,0,0,0,0,1,0,0,0,0,0,0,0,0,0,0,0,1,1,0,1
499,43,5,1,0,0,0,0,0,0,0,0,0,0,0,0,0,0,0,0,0,0,0
500,43,1,0,0,0,0,1,0,0,0,0,0,0,0,0,0,0,0,0,0,0,0
501,43,5,1,0,0,0,0,0,0,0,0,0,0,0,0,0,0,0,0,0,0,0
502,43,1,0,0,0,0,1,0,0,0,0,0,0,0,0,0,0,0,0,0,0,0
503,43,5,1,0,0,0,0,0,0,0,0,0,0,0,0,0,0,0,0,0,0,0
504,43,1,0,0,0,0,1,0,0,0,0,0,0,0,0,0,0,0,0,0,0,0
505,43,5,1,0,0,0,0,0,0,0,0,0,0,0,0,0,0,0,0,0,0,0
506,43,1,0,0,0,0,1,0,0,0,0,0,0,0,0,0,0,0,0,0,0,0
507,43,5,1,0,0,0,0,0,0,0,0,0,0,0,0,0,0,0,0,0,0,0
508,43,18,0,0,0,0,1,0,0,0,0,0,0,0,0,0,0,0,0,0,0,0
509,43,5,0,0,0,0,0,0,0,0,0,0,0,0,0,0,0,0,1,1,0,1
510,43,1,0,0,0,0,1,0,0,0,0,0,0,0,0,0,0,0,0,0,0,0
511,43,5,0,0,0,0,0,0,0,0,0,0,0,0,0,0,0,0,1,1,0,1
512,44,1,0,0,0,0,1,0,0,0,0,0,0,0,0,0,0,0,0,0,0,0
513,45,5,0,0,0,0,0,0,0,0,0,0,0,0,0,0,0,0,1,1,0,1
514,46,5,0,0,0,0,0,0,0,0,0,0,0,0,0,0,0,0,1,1,0,1
515,46,5,0,0,0,0,0,0,0,0,0,0,0,0,0,0,0,0,0,1,0,0
516,46,5,0,0,0,0,0,0,0,0,0,0,0,0,0,0,0,0,0,1,0,0
517,46,5,0,0,0,0,0,0,0,0,0,0,0,0,0,0,0,0,1,1,0,1
518,46,5,0,0,0,0,0,0,0,0,0,0,0,0,0,0,0,0,1,0,0,1
519,46,5,1,0,0,0,0,0,0,0,0,0,0,0,0,0,0,0,0,0,0,0
520,46,5,0,0,0,0,0,0,0,0,0,0,0,0,0,0,0,0,1,0,0,1
521,47,1,0,0,0,0,0,0,0,0,0,0,0,0,0,0,0,0,1,0,0,0
522,47,17,1,0,0,0,0,0,0,0,0,0,0,0,0,0,0,0,0,0,0,0
523,48,5,1,0,0,0,0,0,0,0,0,0,0,0,0,0,0,0,0,0,0,0
524,48,5,0,0,0,0,0,0,0,0,0,0,0,0,1,0,0,0,0,0,0,0
525,48,13,0,0,0,0,1,0,0,0,0,0,0,0,0,0,0,0,0,0,0,0
526,48,5,0,0,0,0,0,0,0,0,0,0,0,0,1,0,0,0,0,0,0,0
527,48,13,0,0,0,0,1,0,0,0,0,0,0,0,0,0,0,0,0,0,0,0
528,48,5,0,0,0,0,0,0,0,0,0,0,0,0,1,0,0,0,0,0,0,0
529,48,13,0,0,0,0,1,0,0,0,0,0,0,0,0,0,0,0,0,0,0,0
530,48,5,0,0,0,0,0,0,0,0,0,0,0,0,1,0,0,0,0,0,0,0
531,48,14,0,0,0,0,1,0,0,0,0,0,0,0,0,0,0,0,0,0,0,0
532,48,5,0,0,0,0,0,0,0,0,0,0,0,0,0,1,0,0,0,0,0,0
533,48,14,0,0,0,0,1,0,0,0,0,0,0,0,0,0,0,0,0,0,0,0
534,48,5,0,0,0,0,0,0,0,0,0,0,0,0,0,1,0,0,0,0,0,0
535,48,1,0,0,0,0,1,0,0,0,0,0,0,0,0,0,0,0,0,0,0,0
536,48,5,0,0,0,0,0,0,0,0,0,0,0,0,0,1,0,0,0,0,0,0
537,48,1,0,0,0,0,1,0,0,0,0,0,0,0,0,0,0,0,0,0,0,0
538,48,5,1,0,0,0,0,0,0,0,0,0,0,0,0,0,0,0,0,0,0,0
539,48,1,0,0,0,0,1,0,0,0,0,0,0,0,0,0,0,0,0,0,0,0
540,48,5,1,0,0,0,0,0,0,0,0,0,0,0,0,0,0,0,0,0,0,0
541,48,1,0,0,0,0,1,0,0,0,0,0,0,0,0,0,0,0,0,0,0,0
542,48,5,1,0,0,0,0,0,0,0,0,0,0,0,0,0,0,0,0,0,0,0
543,48,1,0,0,0,0,1,0,0,0,0,0,0,0,0,0,0,0,0,0,0,0
544,48,5,0,0,0,0,0,0,0,0,0,0,0,0,0,1,0,0,0,0,0,0
545,48,14,0,0,0,0,1,0,0,0,0,0,0,0,0,0,0,0,0,0,0,0
546,48,5,0,0,0,0,0,0,0,0,0,0,0,0,0,1,0,0,0,0,0,0
547,48,14,0,0,0,0,1,0,0,0,0,0,0,0,0,0,0,0,0,0,0,0
548,48,5,0,0,0,0,0,0,0,0,0,0,0,0,0,1,0,0,0,0,0,0
549,48,14,0,0,0,0,0,0,0,0,0,0,0,0,1,0,0,0,0,0,0,0
550,48,13,0,0,0,0,0,0,0,0,0,0,0,0,0,1,0,0,0,0,0,0
551,49,5,0,0,0,0,0,0,0,0,0,0,0,0,0,0,0,0,1,0,0,0
552,49,17,0,0,0,0,1,0,0,0,0,0,0,0,0,0,0,0,0,0,0,0
553,49,17,1,0,0,0,0,0,0,0,0,0,0,0,0,0,0,0,0,0,0,0
554,49,1,0,0,0,0,0,0,0,0,0,0,0,0,0,0,0,0,1,0,0,0
555,49,17,0,0,0,0,1,0,0,0,0,0,0,0,0,0,0,0,0,0,0,0
556,49,5,0,0,0,0,0,0,0,0,0,0,0,0,0,0,0,0,1,0,0,0
557,49,17,1,0,0,0,1,0,0,0,0,0,0,0,0,0,0,0,0,0,0,0
558,49,5,1,0,0,0,0,0,0,0,0,0,0,0,0,0,0,0,0,0,0,0
559,49,1,0,0,0,0,1,0,0,0,0,0,0,0,0,0,0,0,0,0,0,0
560,49,5,1,0,0,0,0,0,0,0,0,0,0,0,0,0,0,0,0,0,0,0
561,49,1,0,0,0,0,1,0,0,0,0,0,0,0,0,0,0,0,0,0,0,0
562,49,5,1,0,0,0,0,0,0,0,0,0,0,0,0,0,0,0,0,0,0,0
563,49,1,0,0,0,0,1,0,0,0,0,0,0,0,0,0,0,0,0,0,0,0
564,49,5,1,0,0,0,0,0,0,0,0,0,0,0,0,0,0,0,0,0,0,0
565,49,1,0,0,0,0,1,0,0,0,0,0,0,0,0,0,0,0,0,0,0,0
566,49,5,1,0,0,0,0,0,0,0,0,0,0,0,0,0,0,0,0,0,0,0
567,49,1,0,0,0,0,1,0,0,0,0,0,0,0,0,0,0,0,0,0,0,0
568,49,5,1,0,0,0,0,0,0,0,0,0,0,0,0,0,0,0,0,0,0,0
569,49,1,0,0,0,0,1,0,0,0,0,0,0,0,0,0,0,0,0,0,0,0
570,49,5,1,0,0,0,0,0,0,0,0,0,0,0,0,0,0,0,0,0,0,0
571,49,1,0,0,0,0,1,0,0,0,0,0,0,0,0,0,0,0,0,0,0,0
572,49,5,1,0,0,0,0,0,0,0,0,0,0,0,0,0,0,0,0,0,0,0
573,49,1,0,0,0,0,1,0,0,0,0,0,0,0,0,0,0,0,0,0,0,0
574,49,5,1,0,0,0,0,0,0,0,0,0,0,0,0,0,0,0,0,0,0,0
575,49,5,1,0,0,0,0,0,0,0,0,0,0,0,0,0,0,0,0,0,0,0
576,49,5,1,0,0,0,0,0,0,0,0,0,0,0,0,0,0,0,0,0,0,0
577,49,1,0,0,0,0,1,0,0,0,0,0,0,0,0,0,0,0,0,0,0,0
578,49,5,1,0,0,0,0,0,0,0,0,0,0,0,0,0,0,0,0,0,0,0
579,49,1,0,0,0,0,1,0,0,0,0,0,0,0,0,0,0,0,0,0,0,0
580,49,5,1,0,0,0,0,0,0,0,0,0,0,0,0,0,0,0,0,0,0,0
581,49,1,0,0,0,0,1,0,0,0,0,0,0,0,0,0,0,0,0,0,0,0
582,49,5,1,0,0,0,0,0,0,0,0,0,0,0,0,0,0,0,0,0,0,0
583,49,1,0,0,0,0,1,0,0,0,0,0,0,0,0,0,0,0,0,0,0,0
584,49,5,1,0,0,0,0,0,0,0,0,0,0,0,0,0,0,0,0,0,0,0
585,50,17,1,0,0,0,1,0,0,0,0,0,0,0,0,0,0,0,0,1,0,1
586,50,20,1,0,0,0,1,0,0,0,0,0,0,0,0,0,0,0,1,1,0,0
587,50,17,1,0,0,0,0,0,0,0,0,0,0,0,0,0,0,0,0,0,0,0
588,50,1,0,0,0,0,0,0,0,0,0,0,0,0,0,0,0,0,1,0,0,0
589,50,5,0,0,0,0,0,0,0,0,0,0,0,0,0,0,0,0,1,1,0,1
590,50,20,0,0,0,0,1,0,0,0,0,0,0,0,0,0,0,0,0,0,0,0
591,50,17,0,0,0,0,1,0,0,0,0,0,0,0,0,0,0,0,0,0,0,0
592,50,5,0,0,0,0,0,0,0,0,0,0,0,0,0,0,0,0,1,1,0,1
593,50,17,0,0,0,0,1,0,0,0,0,0,0,0,0,0,0,0,0,0,0,0
594,50,18,0,0,0,0,1,0,0,0,0,0,0,0,0,0,0,0,1,0,0,1
595,50,1,0,0,0,0,0,0,0,0,0,0,0,0,0,0,0,0,0,1,0,0
596,50,5,0,0,0,0,0,0,0,0,0,0,0,0,0,0,0,0,0,1,0,0
597,50,17,1,0,0,0,0,0,0,0,0,0,0,0,0,0,0,0,0,0,0,0
598,50,18,1,0,0,0,0,0,0,0,0,0,0,0,0,0,0,0,0,0,0,0
599,50,20,1,0,0,0,0,0,0,0,0,0,0,0,0,0,0,0,0,0,0,0
600,51,18,0,0,0,0,1,0,0,0,0,0,0,0,0,0,0,0,0,0,0,0
601,51,5,0,0,0,0,0,0,0,0,0,0,0,0,0,0,0,0,1,1,0,1
602,51,17,0,0,0,0,1,0,0,0,0,0,0,0,0,0,0,0,0,0,0,0
603,51,17,0,0,0,0,1,0,0,0,0,0,0,0,0,0,0,0,0,0,0,0
604,51,18,0,0,0,0,1,0,0,0,0,0,0,0,0,0,0,0,0,0,0,0
605,51,17,0,0,0,0,1,0,0,0,0,0,0,0,0,0,0,0,0,0,0,0
606,51,20,0,0,0,0,1,0,0,0,0,0,0,0,0,0,0,0,1,1,0,0
607,51,18,0,0,0,0,1,0,0,0,0,0,0,0,0,0,0,0,0,0,0,0
608,52,5,1,0,0,0,0,0,0,0,0,0,0,0,0,0,0,0,0,0,0,0
609,52,5,1,0,0,0,0,0,0,0,0,0,0,0,0,0,0,0,1,1,0,0
610,52,18,1,0,0,0,1,0,0,0,0,0,0,0,0,0,0,0,1,0,0,0
611,52,5,1,0,0,0,0,0,0,0,0,0,0,0,0,0,0,0,1,1,0,0
612,52,1,0,0,0,0,1,0,0,0,0,0,0,0,0,0,0,0,1,1,0,0
613,52,5,1,0,0,0,0,0,0,0,0,0,0,0,0,0,0,0,0,0,0,0
614,52,1,0,0,0,0,1,0,0,0,0,0,0,0,0,0,0,0,0,0,0,0
615,52,5,1,0,0,0,0,0,0,0,0,0,0,0,0,0,0,0,0,0,0,0
616,52,5,0,0,0,0,0,0,0,0,0,0,0,0,0,0,0,0,1,1,0,0
617,52,1,0,0,0,0,1,0,0,0,0,0,0,0,0,0,0,0,0,0,0,0
618,52,5,1,0,0,0,0,0,0,0,0,0,0,0,0,0,0,0,0,0,0,0
619,52,17,0,0,0,0,1,0,0,0,0,0,0,0,0,0,0,0,0,0,0,0
620,52,5,1,0,0,0,0,0,0,0,0,0,0,0,0,0,0,0,0,0,0,0
621,52,1,0,0,0,0,1,0,0,0,0,0,0,0,0,0,0,0,0,0,0,0
622,52,5,1,0,0,0,0,0,0,0,0,0,0,0,0,0,0,0,0,0,0,0
623,52,17,0,0,0,0,1,0,0,0,0,0,0,0,0,0,0,0,0,0,0,0
624,52,5,1,0,0,0,0,0,0,0,0,0,0,0,0,0,0,0,0,0,0,0
625,52,5,0,0,0,0,0,0,0,0,0,0,0,0,0,0,0,0,0,0,0,1
626,52,20,0,0,0,0,1,0,0,0,0,0,0,0,0,0,0,0,0,0,0,0
627,52,18,0,0,0,0,0,0,0,0,0,0,0,0,0,0,0,0,0,0,0,1
628,53,17,0,0,0,0,1,0,0,0,0,0,0,0,0,0,0,0,0,0,0,0
629,53,5,0,0,0,0,0,0,0,0,0,0,0,0,0,0,0,0,1,0,0,0
630,53,17,0,0,0,0,1,0,0,0,0,0,0,0,0,0,0,0,0,0,0,0
631,53,5,0,0,0,0,0,0,0,0,0,0,0,0,0,0,0,0,1,0,0,0
632,53,17,0,0,0,0,1,0,0,0,0,0,0,0,0,0,0,0,0,0,0,0
633,53,5,0,0,0,0,0,0,0,0,0,0,0,0,0,0,0,0,1,0,0,0
634,53,17,0,0,0,0,1,0,0,0,0,0,0,0,0,0,0,0,0,0,0,0
635,54,5,0,0,0,0,0,0,0,0,1,0,0,0,0,0,0,0,0,0,0,0
636,54,9,0,0,0,0,1,0,0,0,0,0,0,0,0,0,0,0,0,0,0,0
637,54,9,0,0,0,0,1,0,0,0,0,0,0,0,0,0,0,0,0,0,0,0
638,54,5,0,0,0,0,0,0,0,0,1,0,0,0,0,0,0,0,0,0,0,0
639,54,5,0,0,0,0,0,0,0,0,1,0,0,0,0,0,0,0,0,0,0,0
640,54,9,0,0,0,0,1,0,0,0,0,0,0,0,0,0,0,0,0,0,0,0
641,54,5,0,0,0,0,0,0,0,0,1,0,0,0,0,0,0,0,0,0,0,0
642,54,9,0,0,0,0,1,0,0,0,0,0,0,0,0,0,0,0,0,0,0,0
643,54,5,0,0,0,0,0,0,0,0,1,0,0,0,0,0,0,0,0,0,0,0
644,54,5,0,0,0,0,0,0,0,0,1,0,0,0,0,0,0,0,0,0,0,0
645,54,5,0,0,0,0,0,0,0,0,1,0,0,0,0,0,0,0,0,0,0,0
646,54,9,0,0,0,0,1,0,0,0,0,0,0,0,0,0,0,0,0,0,0,0
647,54,10,1,0,0,0,0,0,0,0,0,0,0,0,0,0,0,0,0,0,0,0
648,54,1,0,0,0,0,0,0,0,0,0,1,0,0,0,0,0,0,0,0,0,0
649,54,10,1,0,0,0,0,0,0,0,0,0,0,0,0,0,0,0,0,0,0,0
650,54,1,0,0,0,0,0,0,0,0,0,1,0,0,0,0,0,0,0,0,0,0
651,54,10,1,0,0,0,0,0,0,0,0,0,0,0,0,0,0,0,0,0,0,0
652,54,1,0,0,0,0,0,0,0,0,0,1,0,0,0,0,0,0,0,0,0,0
653,54,10,1,0,0,0,0,0,0,0,0,0,0,0,0,0,0,0,0,0,0,0
654,54,1,0,0,0,0,0,0,0,0,0,1,0,0,0,0,0,0,0,0,0,0
655,54,10,1,0,0,0,0,0,0,0,0,0,0,0,0,0,0,0,0,0,0,0
656,54,10,1,0,0,0,0,0,0,0,0,0,0,0,0,0,0,0,0,0,0,0
657,54,1,0,0,0,0,1,0,0,0,0,0,0,0,0,0,0,0,0,0,0,0
658,54,5,1,0,0,0,0,0,0,0,0,0,0,0,0,0,0,0,0,0,0,0
659,54,1,0,0,0,0,1,0,0,0,0,0,0,0,0,0,0,0,0,0,0,0
660,54,5,1,0,0,0,0,0,0,0,0,0,0,0,0,0,0,0,0,0,0,0
661,54,1,0,0,0,0,1,0,0,0,0,0,0,0,0,0,0,0,0,0,0,0
662,54,5,1,0,0,0,0,0,0,0,0,0,0,0,0,0,0,0,0,0,0,0
663,54,1,0,0,0,0,1,0,0,0,0,0,0,0,0,0,0,0,0,0,0,0
664,55,5,1,0,0,0,0,0,0,0,0,0,0,0,0,0,0,0,0,0,0,0
665,55,5,1,0,0,0,0,0,0,0,0,0,0,0,0,0,0,0,0,0,0,0
666,55,1,0,0,0,0,1,0,0,0,0,0,0,0,0,0,0,0,0,0,0,0
667,55,17,0,0,0,0,0,0,0,0,0,0,0,0,0,0,0,0,0,1,0,1
668,55,17,1,0,0,0,0,0,0,0,0,0,0,0,0,0,0,0,0,0,0,0
669,55,20,0,0,0,0,1,0,0,0,0,0,0,0,0,0,0,0,0,0,0,0
670,55,5,0,0,0,0,0,0,0,0,0,0,0,0,0,0,0,0,1,1,0,1
671,55,18,0,0,0,0,1,0,0,0,0,0,0,0,0,0,0,0,0,0,0,0
672,55,5,0,0,0,0,0,0,0,0,0,0,0,0,0,0,0,0,1,1,0,1
673,55,17,0,0,0,0,1,0,0,0,0,0,0,0,0,0,0,0,0,0,0,0
674,55,20,0,0,0,0,0,0,0,0,0,0,0,0,0,0,0,0,1,0,0,0
675,56,5,1,0,0,0,0,0,0,0,0,0,0,0,0,0,0,0,0,0,0,0
676,56,1,0,0,0,0,1,0,0,0,0,0,0,0,0,0,0,0,0,0,0,0
677,56,5,1,0,0,0,0,0,0,0,0,0,0,0,0,0,0,0,0,0,0,0
678,56,1,0,0,0,0,1,0,0,0,0,0,0,0,0,0,0,0,0,0,0,0
679,56,5,1,0,0,0,0,0,0,0,0,0,0,0,0,0,0,0,0,0,0,0
680,56,5,1,0,0,0,0,0,0,0,0,0,0,0,0,0,0,0,0,0,0,0
681,57,10,1,0,0,0,0,0,0,0,0,0,0,0,0,0,0,0,0,0,0,0
682,57,10,1,0,0,0,0,0,0,0,0,0,0,0,0,0,0,0,0,0,0,0
683,57,1,0,0,0,0,0,0,0,0,0,1,0,0,0,0,0,0,0,0,0,0
684,57,10,1,0,0,0,0,0,0,0,0,0,0,0,0,0,0,0,0,0,0,0
685,57,1,0,0,0,0,0,0,0,0,0,1,0,0,0,0,0,0,0,0,0,0
686,57,1,0,0,0,0,0,0,0,0,0,1,0,0,0,0,0,0,0,0,0,0
687,57,1,0,0,0,0,0,0,0,0,0,1,0,0,0,0,0,0,0,0,0,0
688,57,5,1,0,0,0,0,0,0,0,0,0,0,0,0,0,0,0,0,0,0,0
689,57,5,1,0,0,0,0,0,0,0,0,0,0,0,0,0,0,0,0,0,0,0
690,57,1,0,0,0,0,1,0,0,0,0,0,0,0,0,0,0,0,0,0,0,0
691,57,5,1,0,0,0,0,0,0,0,0,0,0,0,0,0,0,0,0,0,0,0
692,57,1,0,0,0,0,1,0,0,0,0,0,0,0,0,0,0,0,0,0,0,0
693,57,5,1,0,0,0,0,0,0,0,0,0,0,0,0,0,0,0,0,0,0,0
694,57,1,0,0,0,0,1,0,0,0,0,0,0,0,0,0,0,0,0,0,0,0
695,57,5,1,0,0,0,0,0,0,0,0,0,0,0,0,0,0,0,0,0,0,0
696,57,1,0,0,0,0,1,0,0,0,0,0,0,0,0,0,0,0,0,0,0,0
697,57,5,1,0,0,0,0,0,0,0,0,0,0,0,0,0,0,0,0,0,0,0
698,57,1,0,0,0,0,1,0,0,0,0,0,0,0,0,0,0,0,0,0,0,0
699,57,5,1,0,0,0,0,0,0,0,0,0,0,0,0,0,0,0,0,0,0,0
700,57,1,0,0,0,0,1,0,0,0,0,0,0,0,0,0,0,0,0,0,0,0
701,57,5,1,0,0,0,0,0,0,0,0,0,0,0,0,0,0,0,0,0,0,0
702,57,1,0,0,0,0,1,0,0,0,0,0,0,0,0,0,0,0,0,0,0,0
703,57,5,1,0,0,0,0,0,0,0,0,0,0,0,0,0,0,0,0,0,0,0
704,57,1,0,0,0,0,1,0,0,0,0,0,0,0,0,0,0,0,0,0,0,0
705,57,5,1,0,0,0,0,0,0,0,0,0,0,0,0,0,0,0,0,0,0,0
706,57,1,0,0,0,0,1,0,0,0,0,0,0,0,0,0,0,0,0,0,0,0
707,57,5,1,0,0,0,0,0,0,0,0,0,0,0,0,0,0,0,0,0,0,0
708,57,5,1,0,0,0,0,0,0,0,0,0,0,0,0,0,0,0,0,0,0,0
709,57,5,0,0,0,0,0,0,0,0,0,0,0,0,0,0,0,0,1,1,0,1
710,57,17,0,0,0,0,1,0,0,0,0,0,0,0,0,0,0,0,0,0,0,0
711,57,5,0,0,0,0,0,0,0,0,0,0,0,0,0,0,0,0,1,0,0,0
712,57,17,0,0,0,0,1,0,0,0,0,0,0,0,0,0,0,0,0,0,0,0
713,57,5,0,0,0,0,0,0,0,0,0,0,0,0,0,0,0,0,0,1,0,0
714,57,18,0,0,0,0,1,0,0,0,0,0,0,0,0,0,0,0,0,0,0,0
715,57,20,0,0,0,0,1,0,0,0,0,0,0,0,0,0,0,0,1,1,0,0
716,57,17,0,0,0,0,1,0,0,0,0,0,0,0,0,0,0,0,0,1,0,1
717,57,1,0,0,0,0,0,0,0,0,0,0,0,0,0,1,0,0,0,0,0,0
718,57,1,0,0,0,0,0,0,0,0,0,0,0,0,0,1,0,0,0,0,0,0
719,57,14,1,0,0,0,0,0,0,0,0,0,0,0,0,0,0,0,0,0,0,0
720,57,1,0,0,0,0,0,0,0,0,0,0,0,0,0,1,0,0,0,0,0,0
721,57,14,1,0,0,0,0,0,0,0,0,0,0,0,0,0,0,0,0,0,0,0
722,58,20,0,0,0,0,1,0,0,0,0,0,0,0,0,0,0,0,1,1,0,0
723,58,5,0,0,0,0,0,0,0,0,0,0,0,0,0,0,0,0,0,0,0,1
724,59,14,1,0,0,0,0,0,0,0,0,0,0,0,0,0,0,0,0,0,0,0
725,59,14,1,0,0,0,0,0,0,0,0,0,0,0,0,0,0,0,0,0,0,0
726,59,1,0,0,0,0,0,0,0,0,0,0,0,0,0,1,0,0,0,0,0,0
727,59,14,1,0,0,0,0,0,0,0,0,0,0,0,0,0,0,0,0,0,0,0
728,59,1,0,0,0,0,0,0,0,0,0,0,0,0,0,1,0,0,0,0,0,0
729,59,1,0,0,0,0,0,0,0,0,0,0,0,0,0,1,0,0,0,0,0,0
730,59,14,1,0,0,0,0,0,0,0,0,0,0,0,0,0,0,0,0,0,0,0
731,59,1,0,0,0,0,0,0,0,0,0,0,0,0,0,1,0,0,0,0,0,0
732,59,14,1,0,0,0,0,0,0,0,0,0,0,0,0,0,0,0,0,0,0,0
733,59,14,1,0,0,0,0,0,0,0,0,0,0,0,0,0,0,0,0,0,0,0
734,59,1,0,0,0,0,0,0,0,0,0,0,0,0,0,1,0,0,0,0,0,0
735,59,14,1,0,0,0,0,0,0,0,0,0,0,0,0,0,0,0,0,0,0,0
736,59,14,1,0,0,0,0,0,0,0,0,0,0,0,0,0,0,0,0,0,0,0
737,59,18,0,0,0,0,1,0,0,0,0,0,0,0,0,0,0,0,1,0,0,1
738,59,5,0,0,0,0,0,0,0,0,0,0,0,0,0,0,0,0,1,1,0,1
739,59,18,0,0,0,0,1,0,0,0,0,0,0,0,0,0,0,0,1,0,0,1
740,59,5,0,0,0,0,0,0,0,0,0,0,0,0,0,0,0,0,1,1,0,1
741,59,17,0,0,0,0,1,0,0,0,0,0,0,0,0,0,0,0,0,1,0,1
742,59,5,0,0,0,0,0,0,0,0,0,0,0,0,0,0,0,0,0,0,0,1
743,59,20,0,0,0,0,1,0,0,0,0,0,0,0,0,0,0,0,0,0,0,0
744,59,5,0,0,0,0,0,0,0,0,0,0,0,0,0,0,0,0,1,1,0,1
745,59,18,0,0,0,0,1,0,0,0,0,0,0,0,0,0,0,0,0,0,0,0
746,59,17,0,0,0,0,1,0,0,0,0,0,0,0,0,0,0,0,0,0,0,0
747,59,1,0,0,0,0,1,0,0,0,0,0,0,0,0,0,0,0,0,0,0,0
748,59,14,1,0,0,0,0,0,0,0,0,0,0,0,0,0,0,0,0,0,0,0
749,59,14,1,0,0,0,0,0,0,0,0,0,0,0,0,0,0,0,0,0,0,0
750,59,14,1,0,0,0,0,0,0,0,0,0,0,0,0,0,0,0,0,0,0,0
751,59,14,1,0,0,0,0,0,0,0,0,0,0,0,0,0,0,0,0,0,0,0
752,59,18,0,0,0,0,0,0,0,0,0,0,0,0,0,0,0,0,0,0,0,1
753,59,20,0,0,0,0,0,0,0,0,0,0,0,0,0,0,0,0,0,1,0,0
754,59,18,0,0,0,0,0,0,0,0,0,0,0,0,0,0,0,0,1,0,0,0
755,59,17,0,0,0,0,0,0,0,0,0,0,0,0,0,0,0,0,0,1,0,0
756,59,14,1,0,0,0,0,0,0,0,0,0,0,0,0,0,0,0,0,0,0,0
757,59,14,1,0,0,0,0,0,0,0,0,0,0,0,0,0,0,0,0,0,0,0
758,59,14,1,0,0,0,0,0,0,0,0,0,0,0,0,0,0,0,0,0,0,0
759,59,1,0,0,0,0,1,0,0,0,0,0,0,0,0,0,0,0,0,0,0,0
760,60,5,1,0,0,0,0,0,0,0,0,0,0,0,0,0,0,0,0,0,0,0
761,60,5,1,0,0,0,0,0,0,0,0,0,0,0,0,0,0,0,0,0,0,0
762,60,5,1,0,0,0,0,0,0,0,0,0,0,0,0,0,0,0,0,0,0,0
763,61,1,0,0,0,0,0,0,0,0,0,0,0,0,0,1,0,0,0,0,0,0
764,61,1,0,0,0,0,0,0,0,0,0,0,0,0,0,1,0,0,0,0,0,0
765,61,14,1,0,0,0,0,0,0,0,0,0,0,0,0,0,0,0,0,0,0,0
766,61,14,1,0,0,0,0,0,0,0,0,0,0,0,0,0,0,0,0,0,0,0
767,61,1,0,0,0,0,0,0,0,0,0,0,0,0,0,1,0,0,0,0,0,0
768,61,14,1,0,0,0,0,0,0,0,0,0,0,0,0,0,0,0,0,0,0,0
769,61,1,0,0,0,0,0,0,0,0,0,0,0,0,0,1,0,0,0,0,0,0
